CampaignID,CampaignName,Brand,Station,Province,StartDate,EndDate,BookedSpots,AiredSpots,Spend,Email,Contact,Status
CMP3170,Coke Winter Promo,Coke,947,EC,2026-02-27,2026-03-11,142,127,270673.61,coke39@example.com,0812666362,COMPLETED
CMP7497,Vuma Winter Promo,Vuma,Ukhozi FM,WC,2026-05-11,2026-05-27,143,,96603.79,vuma59@example.com,0706468536,Completed
CMP4161,Toyota Winter Promo,Toyota,YFM,EC,2026-04-16,2026-04-23,25,29,,toyota71@example.com,0615910926,Completed
CMP1990,Money Market Winter Promo,Money Market,Jacaranda,KZN,2026-02-15,2026-03-14,101,,439763.35,moneymarket56@example.com,0773189086,
CMP7571,Coke Winter Promo,Coke,Jacaranda,Gauteng,2026-03-30,2026-04-22,24,9,428837.64,coke98example.com,0875312112,COMPLETED
CMP9009,Coke Winter Promo,Coke,Jacaranda,KZN,2026-05-28,2026-06-10,142,128,76984.41,coke92@example.com,08896141, active 
CMP3665,Money Market Winter Promo,Money Market,947,EC,2026-03-21,2026-04-18,80,72,303405.88,moneymarket5@example.com,0609442570,COMPLETED
CMP3930,Coke Winter Promo,Coke,Jacaranda,EC,2026-01-02,2026-01-28,148,138,458010.22,coke15@example.com,0638306597,COMPLETED
CMP1101,Shoprite Winter Promo,Shoprite,Ukhozi FM,KZN,2026-03-05,2026-03-11,54,,15657.83,shoprite89@example.com,0881968709,COMPLETED
CMP1039,Shoprite Winter Promo,Shoprite,947,Gauteng,2026-02-02,2026-02-26,134,124,212403.87,shoprite64@example.com,0693562386,COMPLETED
CMP9045,Coke Winter Promo,Coke,YFM,EC,2026-02-04,2026-02-25,53,43,433139.11,coke56@example.com,0794783627,Paused
CMP2041,Money Market Winter Promo,Money Market,Kaya FM,KZN,2026-05-16,2026-05-24,120,122,56509.21,moneymarket51example.com,0763010477,
CMP8064,Vuma Winter Promo,Vuma,Metro FM,Gauteng,2026-01-31,2026-02-27,125,113,133254.13,vuma29@example.com,0701780861,Active
CMP5990,Shoprite Winter Promo,Shoprite,947,WC,2026-01-16,2026-01-31,95,100,115964.12,shoprite85@example.com,0892614784, active 
CMP5688,Money Market Winter Promo,Money Market,Metro FM,KZN,2026-01-05,2026-01-17,97,88,468340.21,moneymarket40@example.com,0794909121,Completed
CMP5323,Shoprite Winter Promo,Shoprite,YFM,WC,2026-01-31,2026-02-21,105,,70434.38,shoprite49@example.com,0869952847,COMPLETED
CMP3586, Checkers Winter Promo ,Checkers,YFM,KZN,2026-04-27,2026-05-23,57,57,417340.31,checkers9@example.com,07465754,Active
CMP1253,Shoprite Winter Promo,Shoprite,Ukhozi FM,KZN,2026-06-26,2026-07-13,194,186,326975.98,shoprite53@example.com,0864260611,Paused
CMP9245,Vuma Winter Promo,Vuma,Jacaranda,WC,2026-01-30,2026-02-22,183,186,230644.35,vuma23@example.com,0745162126, active 
CMP8797,Checkers Winter Promo,Checkers,Jacaranda,EC,2026-03-20,2026-04-09,144,130,269876.94,checkers50@example.com,0874557109,
CMP2426,Vuma Winter Promo,Vuma,Ukhozi FM,KZN,2026-03-24,2026-04-07,148,153,163583.69,vuma59@example.com,0861963627, active 
CMP2964,Checkers Winter Promo,Checkers,Jacaranda,EC,2026-05-18,2026-06-15,131,121,83874.3,checkers2@example.com,0623772397,
CMP9071,Money Market Winter Promo,Money Market,947,WC,2026-05-20,2026-05-31,101,87,127653.91,moneymarket22@example.com,0782205329,
CMP5633,Checkers Winter Promo,Checkers,Metro FM,EC,2026-02-11,2026-02-27,51,41,199996.55,checkers33@example.com,0816602367,Paused
CMP9528,Money Market Winter Promo,Money Market,Jacaranda,Gauteng,2026-04-23,2026-05-03,131,124,135433.07,moneymarket72@example.com,0842729388,
CMP2300,Coke Winter Promo,Coke,Jacaranda,Gauteng,20/05/2026,2026-06-09,110,99,,coke76@example.com,0695405368,Active
CMP1635,Money Market Winter Promo,Money Market,Ukhozi FM,WC,13/01/2026,2026-02-10,104,96,113906.02,moneymarket24@example.com,0725372150,
CMP7066,Vuma Winter Promo,Vuma,YFM,KZN,2026-03-25,2026-04-07,126,118,351514.57,vuma98@example.com,0791722841, active 
CMP5521,Checkers Winter Promo,Checkers,Metro FM,EC,2026-01-24,2026-02-07,30,18,364475.17,checkers49@example.com,0658001880,Active
CMP8697,Checkers Winter Promo,Checkers,Jacaranda,EC,2026-05-12,2026-06-03,107,111,331355.86,checkers64@example.com,0693018211,
CMP2304,Vuma Winter Promo,Vuma,Metro FM,Gauteng,2026-04-30,2026-05-24,117,115,427829.07,vuma90@example.com,0822438664,
CMP2428,Coke Winter Promo,Coke,947,KZN,2026-04-22,2026-04-30,20,20,16144.84,coke73@example.com,0793799054,COMPLETED
CMP3789,Coke Winter Promo,Coke,YFM,Gauteng,2026-03-25,2026-04-17,50,44,403348.96,coke58@example.com,0688128913,Completed
CMP5957,Vuma Winter Promo,Vuma,Kaya FM,Gauteng,17/05/2026,2026-06-07,37,25,238186.16,vuma43@example.com,0768962899,
CMP5788,Money Market Winter Promo,Money Market,Ukhozi FM,WC,2026-02-15,2026-03-06,47,42,316226.59,moneymarket30@example.com,0695420163,Active
CMP3702,Coke Winter Promo,coke,Kaya FM,Gauteng,2026-02-19,2026-03-17,99,97,12055.52,coke6example.com,0607798238,Completed
CMP5410,Toyota Winter Promo,Toyota,Kaya FM,WC,2026-03-04,2026-03-28,136,129,445595.16,toyota97@example.com,0605594800,COMPLETED
CMP2934,Checkers Winter Promo,Checkers,947,Gauteng,2026-05-13,2026-06-12,145,143,435153.51,checkers15@example.com,0759065706,Active
CMP7803,Checkers Winter Promo,Checkers,YFM,Gauteng,2026-02-20,2026-03-20,96,92,302324.61,checkers77example.com,0882683583,Active
CMP1398,Shoprite Winter Promo,Shoprite,947,EC,2026-03-18,2026-04-02,147,142,412782.81,shoprite74@example.com,0884218901,COMPLETED
CMP7596,Vuma Winter Promo,Vuma,Jacaranda,WC,2026-04-15,2026-04-26,180,171,143453.79,vuma60@example.com,0746772194,Completed
CMP7319,Coke Winter Promo,Coke,Ukhozi FM,EC,2026-06-18,2026-07-11,60,64,323024.03,coke67@example.com,0759494797, active 
CMP4081,Toyota Winter Promo,Toyota,Metro FM,Gauteng,2026-03-17,2026-04-04,84,79,492045.58,toyota39@example.com,0762367917,Active
CMP5113,Checkers Winter Promo,Checkers,Metro FM,Gauteng,2026-05-05,2026-05-22,185,184,75770.05,checkers47@example.com,0835930600,
CMP7299,Money Market Winter Promo,Money Market,Ukhozi FM,KZN,2026-04-05,2026-04-25,194,180,74880.92,moneymarket90@example.com,0838969506, active 
CMP6714, Checkers Winter Promo ,Checkers,Kaya FM,EC,2026-03-11,2026-03-17,104,101,35388.13,checkers45@example.com,0823074547, active 
CMP4040,Checkers Winter Promo,Checkers,Jacaranda,Gauteng,16/02/2026,2026-02-23,53,42,265725.53,checkers85@example.com,0685149886,
CMP2460, Checkers Winter Promo ,Checkers,YFM,EC,2026-06-21,2026-06-30,151,152,289891.17,checkers68@example.com,0628882771,Completed
CMP2359,Toyota Winter Promo,Toyota,Jacaranda,WC,2026-03-09,2026-04-06,85,70,424424.66,toyota30@example.com,0874309931,Completed
CMP3312,Checkers Winter Promo,Checkers,Kaya FM,Gauteng,2026-05-27,2026-06-17,51,55,172093.42,checkers16@example.com,0854180743,Active
CMP7099, Coke Winter Promo ,Coke,Jacaranda,EC,2026-04-05,2026-04-27,185,175,470345.32,coke44@example.com,0728174110,Completed
CMP2755,Vuma Winter Promo,Vuma,Jacaranda,WC,2026-01-05,2026-01-30,157,154,161636.58,vuma76@example.com,0611044266,Paused
CMP2053,Toyota Winter Promo,Toyota,Ukhozi FM,Gauteng,2026-06-04,2026-06-20,35,26,242263.13,toyota40@example.com,0612152443,Active
CMP3855,Shoprite Winter Promo,Shoprite,Ukhozi FM,EC,2026-05-05,2026-05-29,36,25,215675.3,shoprite48example.com,0864222964,Paused
CMP2856,Vuma Winter Promo,Vuma,Ukhozi FM,Gauteng,2026-04-09,2026-04-15,100,85,290838.27,vuma60@example.com,0679247861,
CMP2592,Coke Winter Promo,Coke,Kaya FM,KZN,2026-04-20,2026-04-25,183,169,36493.15,coke9@example.com,0738549719,Active
CMP5637,Shoprite Winter Promo,Shoprite,Ukhozi FM,Gauteng,2026-06-17,2026-06-29,182,174,90286.04,shoprite41@example.com,0626149804,
CMP7152, Money Market Winter Promo ,Money Market,Metro FM,WC,2026-06-21,2026-07-07,32,29,224665.72,moneymarket50@example.com,0632795094, active 
CMP8286,Money Market Winter Promo,Money Market,Metro FM,Gauteng,2026-04-27,2026-05-06,151,153,170698.18,moneymarket59@example.com,0802531406,Active
CMP7834,Money Market Winter Promo,Money Market,YFM,WC,2026-02-20,2026-02-28,151,150,498656.77,moneymarket87@example.com,0846382596,Paused
CMP9431,Money Market Winter Promo,Money Market,YFM,Gauteng,2026-05-06,2026-05-31,119,109,93229.71,moneymarket74@example.com,0676818668,Active
CMP2609, Coke Winter Promo ,Coke,Metro FM,EC,2026-01-15,2026-02-03,195,196,77656.28,coke17@example.com,0833274189,COMPLETED
CMP8940,Toyota Winter Promo,Toyota,YFM,EC,2026-03-07,2026-04-03,102,97,11070.22,toyota13@example.com,0847094376,COMPLETED
CMP1607,Shoprite Winter Promo,Shoprite,YFM,KZN,2026-05-19,2026-06-14,199,193,461800.02,shoprite1@example.com,0667262076,Active
CMP4677,Toyota Winter Promo,Toyota,Metro FM,EC,2026-06-13,2026-06-27,53,46,214829.5,toyota84@example.com,0829485526,
CMP7760,Coke Winter Promo,Coke,947,KZN,2026-05-20,2026-06-18,105,96,325661.87,coke99@example.com,0698990383,Paused
CMP5580,Checkers Winter Promo,Checkers,Metro FM,EC,2026-06-15,2026-07-08,65,65,29158.48,checkers41@example.com,0631077719,COMPLETED
CMP9461,Vuma Winter Promo,vuma,YFM,Gauteng,2026-02-23,2026-03-18,149,140,362525.21,vuma10@example.com,0656370172,Paused
CMP8114,Money Market Winter Promo,Money Market,Ukhozi FM,EC,2026-06-27,2026-07-22,132,127,371150.17,moneymarket61@example.com,0851254242,
CMP5520,Money Market Winter Promo,Money Market,947,WC,2026-05-25,2026-06-08,187,177,155272,moneymarket45@example.com,0857191491,Paused
CMP5671,Toyota Winter Promo,Toyota,Ukhozi FM,Gauteng,04/01/2026,2026-01-31,51,42,12694.84,toyota46@example.com,0892894929,Paused
CMP6278,Coke Winter Promo,Coke,Metro FM,Gauteng,2026-06-21,2026-07-07,86,79,118817.97,coke54@example.com,0851491846,Active
CMP3928,Vuma Winter Promo,Vuma,Kaya FM,EC,2026-04-08,2026-04-26,199,198,305255.87,vuma34@example.com,0812575271,
CMP4184,Shoprite Winter Promo,Shoprite,Metro FM,EC,2026-04-25,2026-04-30,38,33,337583.76,shoprite10example.com,0776601968,Paused
CMP7950,Checkers Winter Promo,Checkers,Kaya FM,EC,2026-03-17,2026-03-26,68,60,60925.61,checkers78@example.com,0673781584,COMPLETED
CMP3564,Vuma Winter Promo,Vuma,YFM,KZN,2026-06-18,2026-06-27,23,23,433915.78,vuma22@example.com,0655942692,COMPLETED
CMP2508,Checkers Winter Promo,Checkers,947,WC,2026-01-01,2026-01-22,193,194,220551.45,checkers8@example.com,0881826846,Completed
CMP2713, Toyota Winter Promo ,Toyota,Ukhozi FM,EC,2026-01-10,2026-02-04,159,149,16831.53,toyota21@example.com,0643001714, active 
CMP4226,Coke Winter Promo,Coke,YFM,EC,2026-01-07,2026-01-27,120,123,10268.74,coke38example.com,0693087000, active 
CMP8516,Checkers Winter Promo,Checkers,Jacaranda,Gauteng,2026-06-05,2026-06-11,199,186,120625.95,checkers6@example.com,06110679,Paused
CMP4183, Shoprite Winter Promo ,Shoprite,Ukhozi FM,WC,2026-06-06,2026-06-30,165,165,431242.25,shoprite58@example.com,0739253304,
CMP5836,Coke Winter Promo,Coke,Kaya FM,EC,2026-02-20,2026-03-09,149,148,,coke35@example.com,0804588119, active 
CMP9345,Shoprite Winter Promo,Shoprite,Ukhozi FM,EC,2026-03-15,2026-04-07,65,68,277880.04,shoprite78@example.com,0813323386,
CMP2801,Shoprite Winter Promo,Shoprite,Jacaranda,WC,2026-05-05,2026-05-31,129,124,427719.64,shoprite30@example.com,0852837962,COMPLETED
CMP2119,Checkers Winter Promo,Checkers,Metro FM,KZN,2026-01-03,2026-01-09,86,86,310041.46,checkers34@example.com,0716704687,COMPLETED
CMP3502,Money Market Winter Promo,Money Market,Ukhozi FM,EC,04/05/2026,2026-05-18,107,101,436853.28,moneymarket23@example.com,0689177798,Completed
CMP4000,Toyota Winter Promo,Toyota,947,WC,2026-06-29,2026-07-21,140,136,429003.4,toyota75@example.com,0707876231,COMPLETED
CMP8166,Vuma Winter Promo,Vuma,Ukhozi FM,KZN,2026-06-28,2026-07-27,190,183,433314.23,vuma89@example.com,0726149914,Completed
CMP8285,Checkers Winter Promo,Checkers,Kaya FM,KZN,2026-01-12,2026-01-22,116,113,299457.34,checkers19@example.com,0636522121,Completed
CMP2954,Money Market Winter Promo,money market,Ukhozi FM,EC,2026-04-17,2026-05-05,172,173,300619,moneymarket76@example.com,0603829356,COMPLETED
CMP4486, Vuma Winter Promo ,Vuma,Ukhozi FM,EC,2026-04-05,2026-04-10,78,67,249235.05,vuma20@example.com,0691125632, active 
CMP5633,Vuma Winter Promo,Vuma,947,Gauteng,2026-03-26,2026-04-04,93,93,73161.86,vuma59@example.com,0648378929, active 
CMP8739,Money Market Winter Promo,Money Market,YFM,EC,2026-03-28,2026-04-21,100,102,94312.1,moneymarket40@example.com,0615620494,Completed
CMP6034,Shoprite Winter Promo,Shoprite,Metro FM,EC,2026-04-29,2026-05-05,49,54,63191.64,shoprite49@example.com,0808339835,Paused
CMP4780,Vuma Winter Promo,Vuma,Kaya FM,KZN,2026-03-20,2026-04-10,128,130,419211.27,vuma7@example.com,0895072021,COMPLETED
CMP8145,Shoprite Winter Promo,Shoprite,Ukhozi FM,EC,2026-01-20,2026-02-14,31,35,,shoprite65@example.com,0882024889,Paused
CMP6901,Vuma Winter Promo,Vuma,YFM,WC,2026-06-06,2026-06-28,196,181,35069.7,vuma7@example.com,0861747486,Active
CMP5971,Money Market Winter Promo,Money Market,Jacaranda,KZN,2026-02-24,2026-03-09,116,105,261143.06,moneymarket82@example.com,0891800091,Active
CMP6574,Checkers Winter Promo,Checkers,Jacaranda,EC,2026-03-13,2026-03-18,90,75,293311.28,checkers65@example.com,0865643927,Paused
CMP5001,Vuma Winter Promo,Vuma,Ukhozi FM,WC,06/05/2026,2026-05-27,104,99,291112.17,vuma59@example.com,0771164174,Paused
CMP3743,Toyota Winter Promo,Toyota,YFM,KZN,2026-03-24,2026-04-04,49,39,16375.95,toyota24@example.com,0761201983,Paused
CMP8032,Coke Winter Promo,Coke,Ukhozi FM,EC,19/06/2026,2026-07-15,123,114,99546.39,coke31@example.com,0897937722,Paused
CMP7590,Coke Winter Promo,Coke,YFM,KZN,2026-02-25,2026-03-18,85,,321740.96,coke38@example.com,0884414314,COMPLETED
CMP7932,Checkers Winter Promo,Checkers,Ukhozi FM,EC,2026-06-07,2026-06-14,131,135,387127.88,checkers43@example.com,0789250572,
CMP3769,Money Market Winter Promo,Money Market,Kaya FM,KZN,2026-06-30,2026-07-08,139,139,456902.89,moneymarket29@example.com,0637494118,
CMP7323,Vuma Winter Promo,vuma,Ukhozi FM,KZN,30/01/2026,2026-02-25,90,86,388993.04,vuma31@example.com,0642475151,Active
CMP2353,Toyota Winter Promo,Toyota,947,EC,2026-02-24,2026-03-20,50,47,330138.21,toyota26@example.com,0637992421,Completed
CMP7591,Toyota Winter Promo,Toyota,YFM,KZN,30/04/2026,2026-05-20,74,67,357510.72,toyota20@example.com,0659887071,Paused
CMP1842,Coke Winter Promo,Coke,947,KZN,2026-03-13,2026-03-21,32,28,126870.94,coke69@example.com,07047587,
CMP4154,Shoprite Winter Promo,shoprite,Ukhozi FM,WC,2026-05-12,2026-05-29,195,181,432857.89,shoprite59@example.com,0895122693, active 
CMP9776, Checkers Winter Promo ,Checkers,947,KZN,2026-02-16,2026-02-21,130,119,,checkers91@example.com,0763951810, active 
CMP6998,Shoprite Winter Promo,Shoprite,Kaya FM,KZN,2026-02-20,2026-03-07,137,127,460560.1,shoprite94@example.com,0853473491,Completed
CMP2970,Vuma Winter Promo,Vuma,947,Gauteng,2026-01-06,2026-02-04,191,183,,vuma70@example.com,0616189931,Completed
CMP9972,Checkers Winter Promo,Checkers,YFM,Gauteng,2026-04-08,2026-05-08,164,149,388741.59,checkers32example.com,0729602840,Active
CMP2622,Checkers Winter Promo,Checkers,YFM,Gauteng,2026-02-12,2026-03-14,200,204,110658.81,checkers28@example.com,0749982455,
CMP7529,Checkers Winter Promo,Checkers,947,WC,22/03/2026,2026-03-29,172,167,176698.97,checkers35@example.com,0701303473, active 
CMP8279,Toyota Winter Promo,Toyota,Jacaranda,KZN,2026-01-29,2026-02-06,79,68,74370.14,toyota38@example.com,0702991970,COMPLETED
CMP3921,Toyota Winter Promo,Toyota,Kaya FM,Gauteng,2026-01-21,2026-02-16,84,,310909.27,toyota51@example.com,0771893279, active 
CMP8960,Vuma Winter Promo,Vuma,Ukhozi FM,Gauteng,2026-03-20,2026-04-14,40,28,473654.65,vuma18@example.com,0688595871,Paused
CMP2907,Coke Winter Promo,Coke,Ukhozi FM,WC,2026-06-20,2026-06-27,105,102,406675.45,coke62@example.com,0667275399,
CMP7571,Checkers Winter Promo,Checkers,YFM,KZN,2026-04-25,2026-05-07,69,57,44339.6,checkers22@example.com,0675162783,COMPLETED
CMP9956,Checkers Winter Promo,Checkers,947,KZN,2026-04-27,2026-05-04,150,150,180452.56,checkers99@example.com,0727817700,
CMP6928,Vuma Winter Promo,vuma,947,KZN,2026-05-12,2026-05-17,123,126,313240.1,vuma49@example.com,0649832173,
CMP9200,Vuma Winter Promo,Vuma,Jacaranda,EC,2026-02-25,2026-03-17,73,66,351896.53,vuma28@example.com,0778918543,
CMP7872,Toyota Winter Promo,Toyota,Ukhozi FM,KZN,2026-06-03,2026-06-30,41,32,123557.34,toyota11@example.com,0845342814,Active
CMP4129,Checkers Winter Promo,Checkers,Ukhozi FM,KZN,2026-05-28,2026-06-05,70,,397440.01,checkers94@example.com,06060081,Active
CMP7473,Shoprite Winter Promo,Shoprite,Metro FM,KZN,2026-04-22,2026-05-07,171,165,,shoprite70@example.com,0721834203,Completed
CMP2237,Money Market Winter Promo,Money Market,Metro FM,EC,2026-04-19,2026-05-05,20,,454463.45,moneymarket35@example.com,0701292706,
CMP3485,Shoprite Winter Promo,Shoprite,Metro FM,Gauteng,2026-03-28,2026-04-26,95,82,93180.68,shoprite62@example.com,0727524089,Completed
CMP2946,Checkers Winter Promo,Checkers,947,EC,2026-03-22,2026-04-21,200,191,464003.92,checkers15@example.com,0714650060,COMPLETED
CMP8854,Checkers Winter Promo,Checkers,Ukhozi FM,EC,2026-03-25,2026-04-11,168,156,435191,checkers80@example.com,0898014325,Paused
CMP8380,Vuma Winter Promo,Vuma,YFM,Gauteng,2026-02-02,2026-02-20,168,163,37564.93,vuma91@example.com,0894968964,
CMP9465,Toyota Winter Promo,Toyota,Kaya FM,KZN,2026-04-09,2026-05-08,183,185,141101.94,toyota2@example.com,0713434883,Completed
CMP6175,Money Market Winter Promo,Money Market,YFM,Gauteng,2026-03-21,2026-04-13,166,159,486688.74,moneymarket26@example.com,0649975855,Paused
CMP6566,Checkers Winter Promo,Checkers,947,Gauteng,2026-02-21,2026-03-18,21,25,443683.08,checkers82@example.com,0838541433,COMPLETED
CMP5345,Vuma Winter Promo,vuma,Metro FM,KZN,2026-03-24,2026-04-07,82,74,163489.25,vuma28@example.com,07182678,COMPLETED
CMP9486,Coke Winter Promo,Coke,Metro FM,Gauteng,2026-01-23,2026-02-09,133,128,167223.99,coke94@example.com,0616774740, active 
CMP5719,Checkers Winter Promo,Checkers,Kaya FM,Gauteng,2026-05-13,2026-06-05,150,155,270433.07,checkers5@example.com,0795883644,Completed
CMP6820,Coke Winter Promo,Coke,Kaya FM,WC,2026-02-11,2026-02-16,137,135,323860.69,coke82@example.com,0726657800,Active
CMP7337,Vuma Winter Promo,Vuma,Ukhozi FM,EC,2026-01-04,2026-01-31,169,159,298425.83,vuma41@example.com,0636411388,COMPLETED
CMP2869,Vuma Winter Promo,Vuma,YFM,WC,2026-04-06,2026-04-30,106,,303831.15,vuma77@example.com,07347794,Paused
CMP2489, Coke Winter Promo ,Coke,Kaya FM,WC,26/01/2026,2026-02-10,70,67,75288.03,coke23@example.com,07420521,Completed
CMP5761,Shoprite Winter Promo,Shoprite,Ukhozi FM,WC,2026-01-25,2026-02-18,84,85,335242.68,shoprite51@example.com,0887085220,Active
CMP8411,Money Market Winter Promo,Money Market,Kaya FM,EC,2026-02-14,2026-03-05,200,,428214.47,moneymarket22@example.com,0877522727,Paused
CMP3473,Toyota Winter Promo,Toyota,Ukhozi FM,EC,2026-05-18,2026-06-10,66,56,272582.76,toyota45@example.com,0756311914,
CMP3389,Coke Winter Promo,Coke,Kaya FM,Gauteng,2026-04-20,2026-05-15,51,40,60675.42,coke42@example.com,0671939613,Active
CMP7778,Shoprite Winter Promo,Shoprite,Metro FM,WC,2026-04-13,2026-05-06,174,160,478330.44,shoprite99@example.com,0854167238,COMPLETED
CMP8557,Vuma Winter Promo,Vuma,YFM,WC,2026-03-16,2026-04-08,155,156,252275.85,vuma9@example.com,0763681789,
CMP8603,Money Market Winter Promo,Money Market,Jacaranda,WC,2026-02-05,2026-02-27,106,111,55738.38,moneymarket25example.com,0832398787,COMPLETED
CMP1974,Vuma Winter Promo,Vuma,947,EC,2026-04-04,2026-04-12,145,132,230243.66,vuma46@example.com,0884163735,
CMP2674,Toyota Winter Promo,Toyota,Jacaranda,EC,13/01/2026,2026-02-02,26,17,113593.63,toyota21@example.com,08774695,COMPLETED
CMP6757,Shoprite Winter Promo,Shoprite,947,EC,2026-02-17,2026-03-10,188,174,380322.24,shoprite42@example.com,0894065076,
CMP4761,Toyota Winter Promo,Toyota,947,KZN,2026-04-01,2026-04-14,169,159,272070.97,toyota79@example.com,0768888429,
CMP9797,Coke Winter Promo,Coke,947,WC,13/05/2026,2026-06-03,107,104,465201.69,coke80@example.com,0768148205,Completed
CMP3173,Money Market Winter Promo,Money Market,Metro FM,WC,31/01/2026,2026-02-07,42,28,117705.1,moneymarket34@example.com,0655542343,Active
CMP8711,Coke Winter Promo,Coke,Metro FM,KZN,2026-02-26,2026-03-16,176,163,409715.79,coke13@example.com,06816988,Paused
CMP4796,Money Market Winter Promo,Money Market,Kaya FM,Gauteng,2026-04-18,2026-04-24,62,,421741.79,moneymarket29@example.com,0746115362,COMPLETED
CMP6958,Money Market Winter Promo,Money Market,YFM,WC,2026-03-02,2026-03-19,89,86,32999.9,moneymarket90@example.com,0777656462,Paused
CMP9400,Toyota Winter Promo,Toyota,YFM,Gauteng,2026-01-15,2026-02-02,29,23,361374.2,toyota25@example.com,0806052548,Active
CMP1201,Checkers Winter Promo,Checkers,Kaya FM,WC,2026-03-27,2026-04-16,112,117,489258.26,checkers96@example.com,0884838033,Active
CMP9573,Money Market Winter Promo,Money Market,Kaya FM,WC,2026-05-14,2026-05-29,150,138,323126.31,moneymarket71@example.com,0781046781,Active
CMP2163, Money Market Winter Promo ,Money Market,Kaya FM,Gauteng,03/04/2026,2026-04-18,21,21,179351.07,moneymarket57@example.com,07727370, active 
CMP7647,Coke Winter Promo,Coke,YFM,Gauteng,2026-04-25,2026-05-08,183,169,338309.28,coke70example.com,0663567796,COMPLETED
CMP4242,Vuma Winter Promo,Vuma,YFM,KZN,2026-03-14,2026-04-07,167,167,484626.52,vuma72@example.com,0696817336, active 
CMP7279,Shoprite Winter Promo,Shoprite,Metro FM,Gauteng,2026-02-08,2026-03-08,161,160,235178.23,shoprite64@example.com,0617423476, active 
CMP7857,Vuma Winter Promo,Vuma,Kaya FM,KZN,2026-03-22,2026-03-28,37,35,195572.49,vuma38@example.com,0771570947,
CMP4701,Checkers Winter Promo,Checkers,947,WC,2026-05-29,2026-06-22,33,23,440116.71,checkers93@example.com,0762502483, active 
CMP1495,Toyota Winter Promo,Toyota,Jacaranda,KZN,2026-05-22,2026-06-07,61,49,98168.29,toyota30@example.com,0721239861,Paused
CMP4065,Vuma Winter Promo,Vuma,Ukhozi FM,KZN,2026-01-07,2026-01-26,124,111,341177.09,vuma40@example.com,0707000438,
CMP5899, Vuma Winter Promo ,Vuma,Kaya FM,EC,2026-02-14,2026-03-13,171,157,288495.99,vuma24@example.com,0651675025,Active
CMP3174,Money Market Winter Promo,Money Market,Kaya FM,EC,2026-03-20,2026-04-04,20,9,499768.17,moneymarket53@example.com,0643166359,Paused
CMP7920,Checkers Winter Promo,Checkers,Ukhozi FM,KZN,2026-03-14,2026-04-08,171,158,100870.38,checkers65example.com,0858257378, active 
CMP4890,Money Market Winter Promo,Money Market,YFM,EC,2026-05-31,2026-06-09,186,180,344865.87,moneymarket48@example.com,0602447505,Active
CMP2875,Checkers Winter Promo,Checkers,YFM,KZN,2026-01-22,2026-02-17,162,149,352560.92,checkers33@example.com,0847942070,Completed
CMP1145, Toyota Winter Promo ,Toyota,Metro FM,EC,2026-02-09,2026-02-24,156,159,498509.81,toyota49@example.com,0682256681, active 
CMP7813,Checkers Winter Promo,Checkers,YFM,KZN,02/01/2026,2026-01-29,106,101,453845.01,checkers76@example.com,0757910754,Paused
CMP5329,Toyota Winter Promo,Toyota,Ukhozi FM,KZN,2026-06-27,2026-07-06,163,150,170114.29,toyota38@example.com,0714351148,Paused
CMP7993,Toyota Winter Promo,Toyota,Ukhozi FM,KZN,2026-01-10,2026-01-16,138,123,52907.19,toyota8@example.com,0855380523,COMPLETED
CMP5409, Checkers Winter Promo ,Checkers,Kaya FM,Gauteng,2026-03-15,2026-03-24,137,124,55261.38,checkers4@example.com,0633180562,Active
CMP7885,Toyota Winter Promo,Toyota,YFM,WC,2026-03-13,2026-03-29,86,82,378728.73,toyota22@example.com,0673067294,Paused
CMP4186,Coke Winter Promo,Coke,Kaya FM,KZN,2026-01-11,2026-01-24,22,8,231523.27,coke96@example.com,0713211143,Active
CMP5533,Coke Winter Promo,Coke,Kaya FM,Gauteng,2026-01-23,2026-02-03,188,183,459308.97,coke14@example.com,0716869800,
CMP7059,Shoprite Winter Promo,Shoprite,947,Gauteng,09/04/2026,2026-05-09,138,141,272585.31,shoprite32@example.com,0897498375,COMPLETED
CMP3582,Shoprite Winter Promo,Shoprite,YFM,WC,2026-06-18,2026-06-30,137,128,81313.8,shoprite72@example.com,0887597737,Completed
CMP1908,Vuma Winter Promo,Vuma,Metro FM,Gauteng,2026-06-28,2026-07-14,152,144,105805.52,vuma29@example.com,0849070382,Active
CMP7282, Money Market Winter Promo ,Money Market,Metro FM,EC,2026-03-20,2026-04-10,152,147,344357.71,moneymarket24@example.com,0798319456,
CMP9339,Money Market Winter Promo,Money Market,Metro FM,EC,2026-03-28,2026-04-21,76,66,63336.71,moneymarket54@example.com,0806236370,COMPLETED
CMP9122,Shoprite Winter Promo,Shoprite,Jacaranda,KZN,2026-06-28,2026-07-08,24,20,315182.63,shoprite33@example.com,0896567222,COMPLETED
CMP7392, Toyota Winter Promo ,Toyota,Kaya FM,EC,2026-02-02,2026-02-28,194,199,235573.7,toyota85@example.com,0639233926,Completed
CMP2649,Money Market Winter Promo,Money Market,YFM,EC,2026-03-23,2026-04-05,24,23,93177.5,moneymarket24@example.com,0823429697,COMPLETED
CMP1090,Toyota Winter Promo,Toyota,Ukhozi FM,Gauteng,2026-03-20,2026-04-04,197,195,257805.66,toyota37@example.com,0846458851,COMPLETED
CMP3073,Money Market Winter Promo,Money Market,Metro FM,KZN,2026-03-26,2026-04-13,25,30,332757.55,moneymarket90@example.com,0806450682, active 
CMP4446, Coke Winter Promo ,Coke,Kaya FM,KZN,23/05/2026,2026-05-28,82,69,285744.8,coke37@example.com,0674934461, active 
CMP5896,Money Market Winter Promo,Money Market,Jacaranda,EC,2026-05-01,2026-05-08,47,50,224866.71,moneymarket91@example.com,0701683365, active 
CMP7806,Coke Winter Promo,Coke,Jacaranda,Gauteng,2026-04-24,2026-05-12,196,184,316817.55,coke71@example.com,0685024111,Active
CMP6467,Coke Winter Promo,Coke,Jacaranda,KZN,2026-01-05,2026-01-21,108,111,354014.42,coke10example.com,0742561630,Paused
CMP8727,Toyota Winter Promo,Toyota,Metro FM,EC,2026-06-19,2026-06-27,77,62,361631.06,toyota18@example.com,07260069, active 
CMP8507,Checkers Winter Promo,Checkers,Metro FM,Gauteng,2026-04-21,2026-05-17,126,131,14996.79,checkers90@example.com,0774000367,Paused
CMP8164,Money Market Winter Promo,Money Market,947,KZN,2026-06-04,2026-06-15,178,163,413041.35,moneymarket67@example.com,0789953547,COMPLETED
CMP2227,Toyota Winter Promo,Toyota,YFM,EC,2026-06-25,2026-07-01,176,170,347747.13,toyota29@example.com,0765469709,Active
CMP6266,Shoprite Winter Promo,Shoprite,Ukhozi FM,EC,2026-01-07,2026-01-20,169,165,483371.19,shoprite71@example.com,0873206722,COMPLETED
CMP2990,Money Market Winter Promo,Money Market,947,Gauteng,2026-03-13,2026-04-09,64,69,437670.76,moneymarket60@example.com,0651335430,Paused
CMP5095,Shoprite Winter Promo,Shoprite,947,EC,2026-05-02,2026-05-09,118,106,427746.59,shoprite45@example.com,06579943,Completed
CMP7270,Toyota Winter Promo,Toyota,Ukhozi FM,EC,2026-03-14,2026-04-09,83,68,391963.95,toyota16@example.com,0601828055,Paused
CMP2780,Vuma Winter Promo,Vuma,Jacaranda,KZN,2026-06-23,2026-07-18,174,169,184208.18,vuma11@example.com,0648053174,Active
CMP5627,Checkers Winter Promo,Checkers,Metro FM,WC,2026-02-15,2026-02-22,37,42,452483.69,checkers36@example.com,0732531899,Completed
CMP5427,Vuma Winter Promo,Vuma,Jacaranda,EC,2026-05-28,2026-06-11,183,184,159673.28,vuma88@example.com,0853935019,
CMP6038,Coke Winter Promo,Coke,Metro FM,EC,2026-01-18,2026-02-03,165,151,257137.58,coke32@example.com,0815188961,Paused
CMP5725,Checkers Winter Promo,Checkers,947,Gauteng,2026-02-10,2026-02-15,150,,216861.21,checkers41@example.com,0641052609,Paused
CMP6125,Toyota Winter Promo,Toyota,Metro FM,WC,2026-04-03,2026-04-27,178,167,273762.68,toyota36@example.com,0606005878,
CMP3053,Shoprite Winter Promo,shoprite,Kaya FM,KZN,2026-01-25,2026-02-12,74,67,,shoprite1@example.com,0859186629,
CMP5998, Coke Winter Promo ,coke,Kaya FM,WC,2026-06-05,2026-06-29,178,179,364256.9,coke17@example.com,0822944627,Paused
CMP8283,Money Market Winter Promo,Money Market,947,Gauteng,2026-05-04,2026-05-22,20,7,301936.7,moneymarket85@example.com,0651057253,
CMP1919,Checkers Winter Promo,Checkers,YFM,Gauteng,2026-04-08,2026-05-04,83,78,403522.04,checkers24@example.com,0743393546,Active
CMP2108,Toyota Winter Promo,Toyota,Ukhozi FM,KZN,2026-02-10,2026-02-28,71,59,240005.6,toyota14@example.com,0882124144,Paused
CMP7613, Money Market Winter Promo ,money market,Jacaranda,Gauteng,2026-05-27,2026-06-11,118,116,315350.19,moneymarket99@example.com,0734766454,Completed
CMP1383,Coke Winter Promo,Coke,Kaya FM,Gauteng,2026-03-01,2026-03-10,51,56,269435.59,coke60@example.com,0652389763, active 
CMP2141,Checkers Winter Promo,Checkers,YFM,WC,20/02/2026,2026-02-26,115,100,122175.15,checkers75@example.com,0858846397, active 
CMP7322,Toyota Winter Promo,Toyota,947,KZN,2026-01-16,2026-02-02,34,25,324999.91,toyota36@example.com,0676071627,Active
CMP8927,Money Market Winter Promo,Money Market,947,Gauteng,2026-01-26,2026-02-23,46,38,380805.3,moneymarket38example.com,0672345124, active 
CMP2028,Toyota Winter Promo,Toyota,947,KZN,2026-06-26,2026-07-04,41,33,97992.39,toyota12@example.com,0723148016,COMPLETED
CMP4461,Vuma Winter Promo,Vuma,Kaya FM,EC,14/04/2026,2026-04-29,89,91,391344.57,vuma4@example.com,0614542863, active 
CMP4574,Coke Winter Promo,Coke,Kaya FM,WC,2026-05-29,2026-06-23,65,66,376864.28,coke26@example.com,0784000969, active 
CMP5138,Toyota Winter Promo,Toyota,YFM,KZN,2026-04-28,2026-05-06,143,141,369890.74,toyota79@example.com,0721327744,Paused
CMP1348,Coke Winter Promo,Coke,YFM,Gauteng,2026-05-06,2026-05-24,33,31,440053.67,coke50@example.com,0615084543,Active
CMP3341,Coke Winter Promo,Coke,YFM,KZN,2026-01-04,2026-01-09,114,111,467660.97,coke26@example.com,0647734705,Paused
CMP6868,Checkers Winter Promo,Checkers,Metro FM,Gauteng,2026-05-19,2026-06-11,175,172,,checkers77@example.com,06336728,Active
CMP7717,Toyota Winter Promo,Toyota,947,WC,2026-01-11,2026-01-31,26,29,99065.85,toyota82@example.com,0628587834,
CMP7771,Toyota Winter Promo,Toyota,Jacaranda,KZN,2026-06-02,2026-06-17,195,188,496364.38,toyota1@example.com,0868888500,Completed
CMP2260,Shoprite Winter Promo,Shoprite,Kaya FM,WC,2026-05-14,2026-06-09,118,115,496041.94,shoprite9@example.com,0738283419,Active
CMP6104,Shoprite Winter Promo,Shoprite,Metro FM,WC,2026-03-06,2026-03-18,184,176,,shoprite43@example.com,08674829, active 
CMP6632,Shoprite Winter Promo,Shoprite,Metro FM,WC,2026-04-05,2026-04-17,46,35,289625.11,shoprite56@example.com,0699522955,Paused
CMP4859, Toyota Winter Promo ,Toyota,Metro FM,EC,2026-03-01,2026-03-18,118,120,397995.66,toyota76@example.com,0801452142,Completed
CMP2775,Checkers Winter Promo,Checkers,YFM,KZN,2026-02-02,2026-02-10,172,172,480540.86,checkers45@example.com,0859439769,
CMP6158,Toyota Winter Promo,Toyota,Metro FM,WC,2026-04-29,2026-05-05,130,,330137.03,toyota83@example.com,0742239548,
CMP1607,Toyota Winter Promo,toyota,947,KZN,2026-02-07,2026-02-24,83,82,305034.91,toyota36@example.com,0811225635,
CMP5614,Coke Winter Promo,coke,Kaya FM,EC,2026-03-22,2026-04-14,76,69,415967.05,coke94@example.com,0846478060,
CMP9441,Vuma Winter Promo,Vuma,947,WC,2026-02-09,2026-03-11,37,29,59545.22,vuma21example.com,0634095768, active 
CMP9512,Vuma Winter Promo,Vuma,947,EC,2026-02-19,2026-03-12,169,166,386773.88,vuma58@example.com,0609733328,COMPLETED
CMP5204, Checkers Winter Promo ,Checkers,YFM,KZN,2026-03-26,2026-04-04,50,49,397300.27,checkers3@example.com,08043627,Paused
CMP9605,Shoprite Winter Promo,Shoprite,Jacaranda,WC,2026-01-05,2026-01-25,39,35,170861.65,shoprite27@example.com,08337497,Paused
CMP5902,Toyota Winter Promo,Toyota,Jacaranda,Gauteng,2026-03-13,2026-03-25,189,179,401230.48,toyota71@example.com,0732132648,
CMP2522,Checkers Winter Promo,Checkers,Jacaranda,KZN,2026-01-08,2026-01-19,193,196,265318.17,checkers65@example.com,06958354,Paused
CMP1763,Money Market Winter Promo,Money Market,Ukhozi FM,KZN,2026-06-14,2026-07-09,78,72,310292.13,moneymarket65@example.com,0742831448,Active
CMP6489,Money Market Winter Promo,Money Market,Metro FM,Gauteng,2026-04-28,2026-05-04,53,52,47591.04,moneymarket5@example.com,0694663524,Active
CMP4186,Coke Winter Promo,Coke,Ukhozi FM,Gauteng,2026-04-19,2026-05-19,72,68,247487.12,coke58@example.com,0645697188, active 
CMP2963, Vuma Winter Promo ,Vuma,Ukhozi FM,EC,2026-02-19,2026-03-09,128,131,356339.98,vuma15@example.com,0675244626,Completed
CMP6475,Coke Winter Promo,Coke,Ukhozi FM,Gauteng,2026-05-28,2026-06-12,176,165,377701.1,coke94@example.com,0754560388,COMPLETED
CMP6740, Toyota Winter Promo ,Toyota,Kaya FM,KZN,2026-03-07,2026-03-22,137,130,78478.58,toyota24@example.com,0873302048, active 
CMP2142,Shoprite Winter Promo,Shoprite,Ukhozi FM,WC,2026-06-07,2026-06-23,61,55,375963.97,shoprite28@example.com,0646678143,
CMP5027,Coke Winter Promo,Coke,YFM,Gauteng,2026-05-09,2026-05-16,22,11,418297.6,coke84@example.com,0816256773,Active
CMP9727,Toyota Winter Promo,Toyota,YFM,Gauteng,2026-01-02,2026-01-17,31,28,124509.61,toyota62@example.com,0793105860,Completed
CMP3623,Vuma Winter Promo,Vuma,YFM,KZN,2026-02-07,2026-02-12,47,43,496305.54,vuma25@example.com,0654676234, active 
CMP1182,Toyota Winter Promo,Toyota,Kaya FM,EC,2026-05-10,2026-05-21,111,113,36109,toyota15example.com,0603507949,COMPLETED
CMP1041,Toyota Winter Promo,Toyota,Jacaranda,WC,2026-02-12,2026-03-12,117,119,436634.5,toyota29example.com,0826807362,Paused
CMP4509,Money Market Winter Promo,Money Market,947,EC,30/01/2026,2026-02-11,80,70,72394.94,moneymarket12@example.com,06918691,
CMP8091,Toyota Winter Promo,Toyota,Metro FM,KZN,2026-05-05,2026-05-10,95,97,11878.02,toyota77@example.com,0754636228,Paused
CMP5002,Checkers Winter Promo,Checkers,Kaya FM,Gauteng,2026-03-07,2026-04-01,164,166,,checkers21@example.com,0857465668,COMPLETED
CMP1932,Shoprite Winter Promo,Shoprite,Jacaranda,EC,2026-05-29,2026-06-18,150,142,46078.41,shoprite98@example.com,0746385730,Active
CMP9981,Money Market Winter Promo,Money Market,947,EC,2026-06-23,2026-07-18,164,150,47620.6,moneymarket72@example.com,0811643920,Active
CMP9538,Money Market Winter Promo,Money Market,Jacaranda,WC,11/06/2026,2026-07-05,151,143,274017.83,moneymarket6@example.com,0716884306,Active
CMP3366,Checkers Winter Promo,Checkers,947,Gauteng,2026-03-09,2026-03-23,94,85,11877.4,checkers42@example.com,0664423780,COMPLETED
CMP8076,Vuma Winter Promo,Vuma,Metro FM,WC,01/06/2026,2026-06-22,112,97,383513.01,vuma28@example.com,0818569622,Active
CMP4371,Vuma Winter Promo,Vuma,947,WC,2026-01-10,2026-01-24,104,108,95843.2,vuma71@example.com,0815899162,COMPLETED
CMP6286,Toyota Winter Promo,Toyota,947,WC,2026-06-21,2026-06-30,102,88,124071.71,toyota61@example.com,0867142359,
CMP2846, Coke Winter Promo ,Coke,YFM,WC,2026-01-25,2026-02-21,42,29,95238.56,coke7example.com,0899485778,Completed
CMP8850,Money Market Winter Promo,Money Market,Jacaranda,KZN,2026-01-18,2026-01-28,69,64,184014.18,moneymarket84@example.com,0823468038,Active
CMP5206,Vuma Winter Promo,Vuma,YFM,WC,2026-01-26,2026-02-12,115,106,27567.45,vuma73@example.com,0783589531,Active
CMP8785,Shoprite Winter Promo,Shoprite,Metro FM,Gauteng,2026-01-01,2026-01-20,29,19,240455.25,shoprite80@example.com,0602177089,Completed
CMP8163, Checkers Winter Promo ,Checkers,Ukhozi FM,Gauteng,2026-04-28,2026-05-09,142,142,326767.49,checkers13@example.com,0854549398,
CMP5695,Money Market Winter Promo,Money Market,Metro FM,Gauteng,2026-03-17,2026-04-10,122,110,78032.79,moneymarket87@example.com,0853645196,Paused
CMP6428,Money Market Winter Promo,Money Market,947,Gauteng,2026-02-07,2026-02-20,73,61,56683.47,moneymarket7@example.com,0876673855,COMPLETED
CMP9853,Shoprite Winter Promo,Shoprite,Metro FM,KZN,26/01/2026,2026-02-06,199,185,124349.72,shoprite58@example.com,0675945925,Active
CMP6520,Shoprite Winter Promo,Shoprite,Jacaranda,EC,2026-02-26,2026-03-21,37,37,65633.73,shoprite7example.com,0787509922,
CMP8074,Money Market Winter Promo,Money Market,947,KZN,21/06/2026,2026-07-05,151,149,487606.07,moneymarket29@example.com,08328579,COMPLETED
CMP3335,Checkers Winter Promo,Checkers,Jacaranda,Gauteng,13/04/2026,2026-04-24,35,30,88013.89,checkers12@example.com,0779027665,Completed
CMP4202,Vuma Winter Promo,vuma,Metro FM,KZN,2026-02-18,2026-03-05,87,87,,vuma55@example.com,0827307476,
CMP7678,Money Market Winter Promo,Money Market,YFM,WC,2026-05-11,2026-05-23,58,48,108217.45,moneymarket8example.com,0748806280,Completed
CMP2819,Shoprite Winter Promo,Shoprite,947,EC,2026-03-29,2026-04-20,141,131,303467.9,shoprite53@example.com,0608737907,
CMP6018,Toyota Winter Promo,Toyota,Kaya FM,Gauteng,2026-05-03,2026-05-20,34,29,240492.41,toyota31@example.com,0895913923,Paused
CMP5747,Vuma Winter Promo,Vuma,YFM,Gauteng,2026-06-19,2026-06-27,198,198,304186.58,vuma14@example.com,0656741057, active 
CMP4248,Coke Winter Promo,Coke,Kaya FM,WC,2026-01-08,2026-01-15,76,69,157421.74,coke57@example.com,0771276757,Completed
CMP1356,Toyota Winter Promo,Toyota,Ukhozi FM,KZN,2026-01-06,2026-01-31,44,43,191430.65,toyota67@example.com,0622771132,Active
CMP7501,Toyota Winter Promo,Toyota,Ukhozi FM,WC,2026-04-22,2026-05-14,113,,52395.74,toyota5@example.com,0807268326, active 
CMP2601,Vuma Winter Promo,Vuma,YFM,KZN,05/02/2026,2026-03-01,187,173,382913.38,vuma18@example.com,0715439353,COMPLETED
CMP7609,Checkers Winter Promo,Checkers,Ukhozi FM,EC,2026-05-21,2026-06-18,109,108,209973.71,checkers87@example.com,0742340635,Paused
CMP2934,Money Market Winter Promo,money market,Jacaranda,KZN,2026-02-13,2026-03-06,116,108,79795.5,moneymarket17@example.com,0619749978,Active
CMP6015,Coke Winter Promo,Coke,Kaya FM,KZN,2026-03-01,2026-03-10,100,104,143201.62,coke41@example.com,0679719830,Paused
CMP4804,Coke Winter Promo,Coke,Metro FM,Gauteng,2026-01-17,2026-02-08,70,55,133038.66,coke53@example.com,0778861735,Paused
CMP5122,Vuma Winter Promo,Vuma,Metro FM,KZN,2026-04-21,2026-05-03,120,119,201030.5,vuma80@example.com,0644957731,Paused
CMP2049,Money Market Winter Promo,Money Market,Kaya FM,Gauteng,2026-01-02,2026-01-09,130,128,445511.22,moneymarket51@example.com,0697714872,
CMP7424,Shoprite Winter Promo,Shoprite,Jacaranda,EC,2026-03-13,2026-03-30,171,165,,shoprite54@example.com,0758965337,Active
CMP6938,Vuma Winter Promo,Vuma,Kaya FM,KZN,2026-04-15,2026-05-12,37,,,vuma89@example.com,0675611313,
CMP9334,Vuma Winter Promo,Vuma,Kaya FM,EC,2026-01-13,2026-02-09,65,56,346696.11,vuma70@example.com,0667589901,COMPLETED
CMP9256,Checkers Winter Promo,Checkers,Jacaranda,Gauteng,2026-01-15,2026-01-27,166,169,294740.12,checkers1@example.com,0642687551, active 
CMP9251,Shoprite Winter Promo,Shoprite,947,EC,2026-01-19,2026-01-30,36,31,239224.53,shoprite99@example.com,0637373395, active 
CMP8551,Shoprite Winter Promo,Shoprite,947,WC,2026-03-28,2026-04-08,158,147,381802.99,shoprite90@example.com,0753118388,Active
CMP7589,Shoprite Winter Promo,Shoprite,Kaya FM,KZN,2026-01-05,2026-01-25,164,165,33902.64,shoprite32@example.com,0838863969,COMPLETED
CMP5723,Money Market Winter Promo,Money Market,YFM,WC,2026-03-22,2026-04-02,157,156,288266.16,moneymarket5example.com,0836250477,Completed
CMP8306, Toyota Winter Promo ,Toyota,YFM,EC,11/06/2026,2026-07-07,199,195,434450.55,toyota63@example.com,06341534,Active
CMP7038,Checkers Winter Promo,Checkers,YFM,KZN,2026-01-11,2026-01-24,76,81,287238.77,checkers14@example.com,0865859367,Completed
CMP6765,Coke Winter Promo,Coke,Ukhozi FM,KZN,2026-01-22,2026-02-06,96,89,478618.62,coke17@example.com,0779026187,
CMP1237,Vuma Winter Promo,Vuma,Metro FM,WC,2026-04-25,2026-05-22,76,79,328289.85,vuma68@example.com,0891692803,Completed
CMP3332, Vuma Winter Promo ,Vuma,Metro FM,WC,2026-06-18,2026-07-11,185,180,494461.69,vuma27@example.com,0799623370,Paused
CMP7256,Toyota Winter Promo,Toyota,Metro FM,KZN,2026-04-18,2026-04-27,168,153,227262.89,toyota56@example.com,0852277576,COMPLETED
CMP9347,Toyota Winter Promo,Toyota,Ukhozi FM,EC,2026-01-26,2026-02-04,193,188,360407.32,toyota30@example.com,07455238,
CMP9726,Checkers Winter Promo,Checkers,Kaya FM,KZN,2026-06-09,2026-06-18,124,127,286553.75,checkers26@example.com,0615825862, active 
CMP3016,Toyota Winter Promo,Toyota,Jacaranda,KZN,09/06/2026,2026-06-22,164,160,298606.75,toyota28@example.com,0629605254,COMPLETED
CMP8780,Vuma Winter Promo,Vuma,YFM,Gauteng,2026-06-02,2026-06-22,118,111,417849.97,vuma16@example.com,0693237450,Active
CMP6875,Checkers Winter Promo,Checkers,Kaya FM,WC,2026-01-05,2026-01-17,80,66,197626.05,checkers98@example.com,0895948490,Completed
CMP2755, Coke Winter Promo ,Coke,Metro FM,KZN,2026-06-16,2026-07-02,136,128,217404.9,coke63@example.com,0743212340,Completed
CMP3481,Checkers Winter Promo,checkers,Ukhozi FM,KZN,2026-01-16,2026-02-02,43,48,278745.33,checkers48@example.com,0734045966,Paused
CMP5168,Checkers Winter Promo,checkers,947,WC,2026-03-26,2026-04-12,185,188,251300.05,checkers58@example.com,0767139906,Active
CMP4142,Coke Winter Promo,Coke,Jacaranda,EC,2026-02-17,2026-02-28,119,120,17045.9,coke3@example.com,0757926712,Active
CMP8483,Vuma Winter Promo,Vuma,947,WC,2026-06-19,2026-07-08,70,,139606.37,vuma25@example.com,0745692467,COMPLETED
CMP3715,Shoprite Winter Promo,Shoprite,Jacaranda,Gauteng,2026-06-23,2026-07-23,176,172,280921.91,shoprite85@example.com,0711998792,
CMP7925,Shoprite Winter Promo,Shoprite,Kaya FM,EC,2026-03-21,2026-03-26,40,39,417904.46,shoprite2@example.com,0726982226,Paused
CMP1447, Checkers Winter Promo ,checkers,Ukhozi FM,Gauteng,10/01/2026,2026-02-08,104,91,44359.29,checkers88@example.com,0697963350,Completed
CMP3936,Money Market Winter Promo,Money Market,Ukhozi FM,WC,2026-01-22,2026-02-19,130,135,95035.53,moneymarket34@example.com,0695464584,
CMP6239,Vuma Winter Promo,Vuma,947,WC,2026-06-25,2026-07-04,179,,372895.5,vuma62@example.com,0832710436,Paused
CMP5873,Coke Winter Promo,Coke,Ukhozi FM,Gauteng,2026-04-03,2026-04-12,130,131,94994.03,coke92@example.com,0715528311,COMPLETED
CMP2634,Vuma Winter Promo,Vuma,Ukhozi FM,WC,2026-02-22,2026-02-28,122,107,343245.8,vuma4@example.com,0691269219,COMPLETED
CMP4848,Checkers Winter Promo,Checkers,Kaya FM,Gauteng,2026-06-06,2026-06-28,25,27,147727.49,checkers79example.com,0844912139,COMPLETED
CMP2207,Vuma Winter Promo,Vuma,947,EC,2026-01-05,2026-01-15,196,182,314237.81,vuma81@example.com,0861025410,COMPLETED
CMP8229,Toyota Winter Promo,Toyota,Ukhozi FM,KZN,2026-01-08,2026-01-25,92,96,434400.71,toyota46@example.com,0833095541,Paused
CMP1062,Vuma Winter Promo,Vuma,947,EC,2026-03-28,2026-04-21,167,158,479340.92,vuma40@example.com,0676982841,Active
CMP5525,Coke Winter Promo,Coke,Jacaranda,KZN,2026-04-24,2026-05-01,60,60,404983.68,coke15@example.com,0777242011,Paused
CMP2324, Coke Winter Promo ,Coke,Kaya FM,EC,2026-04-12,2026-04-27,34,27,54996.54,coke49@example.com,0778268945,COMPLETED
CMP6529,Toyota Winter Promo,Toyota,Kaya FM,Gauteng,2026-01-02,2026-01-12,194,199,158191.47,toyota17@example.com,0605957508,Completed
CMP4675,Toyota Winter Promo,Toyota,Metro FM,KZN,2026-06-29,2026-07-09,134,129,116195.83,toyota64@example.com,0776662382, active 
CMP4779,Coke Winter Promo,Coke,947,KZN,2026-01-27,2026-02-08,22,23,160468.39,coke78@example.com,0611956853,Active
CMP4483, Coke Winter Promo ,Coke,YFM,WC,2026-01-09,2026-01-25,73,67,433120.78,coke42@example.com,0776173138,Completed
CMP3080,Vuma Winter Promo,Vuma,Jacaranda,EC,2026-05-30,2026-06-17,194,187,467270.32,vuma65@example.com,0731848529,COMPLETED
CMP3032,Checkers Winter Promo,Checkers,YFM,Gauteng,24/01/2026,2026-02-14,133,131,293730.09,checkers95@example.com,0792749162,COMPLETED
CMP4441,Toyota Winter Promo,toyota,Metro FM,Gauteng,2026-05-04,2026-05-31,22,12,272870.44,toyota56@example.com,0709054642,Paused
CMP8206,Shoprite Winter Promo,Shoprite,Jacaranda,KZN,2026-03-28,2026-04-05,54,48,93083.6,shoprite84@example.com,0618083656,Paused
CMP5852,Coke Winter Promo,Coke,Metro FM,EC,2026-02-25,2026-03-25,28,28,,coke15@example.com,0621733440,COMPLETED
CMP2149,Toyota Winter Promo,Toyota,Kaya FM,KZN,2026-06-02,2026-07-01,152,145,415211.28,toyota23@example.com,0854110762,COMPLETED
CMP6134,Toyota Winter Promo,Toyota,Jacaranda,WC,2026-04-21,2026-05-06,31,20,12996.63,toyota89@example.com,0834964751,Active
CMP4349,Coke Winter Promo,Coke,YFM,WC,2026-02-08,2026-03-04,94,95,,coke50@example.com,0766924159,Paused
CMP1906, Checkers Winter Promo ,Checkers,Kaya FM,EC,2026-06-04,2026-06-17,114,102,42261.24,checkers26example.com,0843567430, active 
CMP4845,Money Market Winter Promo,Money Market,947,Gauteng,2026-05-21,2026-06-08,84,77,495513.03,moneymarket22@example.com,0826674867,
CMP1894,Money Market Winter Promo,Money Market,947,Gauteng,2026-03-27,2026-04-06,162,166,334786.59,moneymarket60@example.com,0835123541,Active
CMP3071,Vuma Winter Promo,Vuma,YFM,EC,2026-02-20,2026-03-13,165,169,163811.86,vuma75@example.com,0642064329,Active
CMP7635,Coke Winter Promo,Coke,Ukhozi FM,EC,2026-06-09,2026-06-29,91,79,277188.24,coke1example.com,0675094245,COMPLETED
CMP6239,Coke Winter Promo,Coke,Kaya FM,WC,18/03/2026,2026-04-12,139,134,445624.73,coke90@example.com,0708256379,Paused
CMP1629, Checkers Winter Promo ,Checkers,YFM,KZN,2026-02-04,2026-02-09,81,75,232983.44,checkers46@example.com,0676363637, active 
CMP8431,Money Market Winter Promo,Money Market,Metro FM,WC,2026-04-04,2026-04-20,37,40,,moneymarket67@example.com,0757539216,Active
CMP7679,Checkers Winter Promo,Checkers,Kaya FM,EC,2026-05-17,2026-05-27,91,85,33467.83,checkers11@example.com,0815240807,Completed
CMP7344,Shoprite Winter Promo,Shoprite,Ukhozi FM,EC,07/06/2026,2026-06-28,164,156,382105.73,shoprite68@example.com,0636168296, active 
CMP7777,Checkers Winter Promo,Checkers,Jacaranda,KZN,2026-03-10,2026-03-25,190,195,399589.98,checkers82@example.com,0865480223,Completed
CMP8412,Coke Winter Promo,Coke,947,WC,2026-03-24,2026-03-29,64,63,128431.88,coke61@example.com,0795209407,Active
CMP1705,Money Market Winter Promo,Money Market,Jacaranda,KZN,2026-06-04,2026-06-15,76,62,253263.78,moneymarket7@example.com,0701980625,Completed
CMP5836,Vuma Winter Promo,Vuma,Jacaranda,Gauteng,2026-04-07,2026-04-25,90,,200626.26,vuma18@example.com,0659589022, active 
CMP5798,Money Market Winter Promo,Money Market,947,KZN,2026-05-23,2026-06-21,137,128,277139.09,moneymarket11@example.com,0625167617,Paused
CMP4736,Money Market Winter Promo,Money Market,YFM,WC,2026-05-13,2026-05-31,189,189,327941.98,moneymarket51@example.com,0714573070,Paused
CMP6593, Vuma Winter Promo ,Vuma,Kaya FM,WC,2026-05-28,2026-06-16,100,86,104371.49,vuma49@example.com,0887205377,Completed
CMP8083,Shoprite Winter Promo,Shoprite,Ukhozi FM,Gauteng,2026-05-03,2026-05-09,45,32,203590.41,shoprite7@example.com,0816337073,Paused
CMP1971,Coke Winter Promo,Coke,YFM,KZN,2026-06-12,2026-06-28,160,165,459655.61,coke85@example.com,0785624710,Completed
CMP6502,Toyota Winter Promo,Toyota,Kaya FM,WC,2026-03-20,2026-03-26,114,100,224206.28,toyota97@example.com,0819652886, active 
CMP3559, Checkers Winter Promo ,Checkers,Jacaranda,KZN,28/06/2026,2026-07-22,161,163,318730.48,checkers34@example.com,0816272758,
CMP5290,Shoprite Winter Promo,Shoprite,947,EC,2026-04-02,2026-04-12,30,17,191398.38,shoprite79@example.com,0821860104,Active
CMP2089,Checkers Winter Promo,Checkers,YFM,WC,2026-03-08,2026-04-07,105,96,201106.04,checkers89@example.com,0824025146,Completed
CMP5241,Toyota Winter Promo,Toyota,YFM,WC,31/05/2026,2026-06-22,55,48,312539.33,toyota2example.com,0817286438,COMPLETED
CMP9276, Money Market Winter Promo ,Money Market,Kaya FM,EC,2026-03-17,2026-04-05,148,133,48421.32,moneymarket67@example.com,0815282817, active 
CMP8778,Checkers Winter Promo,Checkers,Metro FM,KZN,2026-01-08,2026-02-07,81,81,100103.32,checkers92@example.com,0643738796,Completed
CMP6937,Money Market Winter Promo,money market,YFM,KZN,21/05/2026,2026-06-08,60,58,448429.44,moneymarket25@example.com,0645030374, active 
CMP9842,Shoprite Winter Promo,Shoprite,YFM,Gauteng,2026-05-20,2026-06-12,32,,146769.34,shoprite44@example.com,0725209035,COMPLETED
CMP2165,Money Market Winter Promo,Money Market,Jacaranda,EC,06/02/2026,2026-02-24,34,30,288989.44,moneymarket2@example.com,08312382,Paused
CMP4513,Vuma Winter Promo,Vuma,Metro FM,Gauteng,2026-04-10,2026-05-02,182,187,224881.34,vuma85@example.com,0791679256,COMPLETED
CMP1417,Vuma Winter Promo,Vuma,Metro FM,KZN,2026-01-27,2026-02-19,169,170,175174.82,vuma67example.com,0632904398,Paused
CMP5339,Coke Winter Promo,Coke,947,WC,05/04/2026,2026-04-19,95,93,120838.54,coke12@example.com,0725317864,Active
CMP8512,Shoprite Winter Promo,Shoprite,Ukhozi FM,EC,2026-05-29,2026-06-12,30,17,465509.94,shoprite88@example.com,0841814549,Paused
CMP1041,Coke Winter Promo,Coke,Kaya FM,EC,2026-03-26,2026-04-15,185,178,339580.2,coke17example.com,0663655602, active 
CMP1366,Checkers Winter Promo,Checkers,947,EC,2026-02-06,2026-03-05,101,94,213292.12,checkers60example.com,0768353552,COMPLETED
CMP5358,Money Market Winter Promo,Money Market,947,EC,2026-01-26,2026-02-17,148,153,481661.3,moneymarket72@example.com,0764614171,Paused
CMP6086,Money Market Winter Promo,Money Market,YFM,Gauteng,2026-06-19,2026-07-10,115,,333969.33,moneymarket93@example.com,0662284015,Completed
CMP2828, Shoprite Winter Promo ,Shoprite,Ukhozi FM,EC,2026-03-06,2026-03-20,114,107,494401.28,shoprite40@example.com,07569287,COMPLETED
CMP1800, Checkers Winter Promo ,Checkers,Metro FM,WC,2026-04-30,2026-05-08,159,150,478297.88,checkers68example.com,0789456861,Completed
CMP5902,Coke Winter Promo,Coke,Metro FM,Gauteng,29/05/2026,2026-06-17,165,155,62846.85,coke65example.com,0673374888,Active
CMP1442,Money Market Winter Promo,Money Market,Ukhozi FM,WC,2026-04-06,2026-04-20,84,87,207639.14,moneymarket11@example.com,0677795041,COMPLETED
CMP5616,Money Market Winter Promo,Money Market,947,Gauteng,2026-05-15,2026-06-10,26,14,411752.24,moneymarket24example.com,0868054468, active 
CMP1994,Toyota Winter Promo,Toyota,947,WC,2026-02-01,2026-02-26,63,64,482970.85,toyota43@example.com,0682254191,COMPLETED
CMP9812,Checkers Winter Promo,Checkers,YFM,KZN,2026-06-04,2026-06-20,169,166,219642.7,checkers37@example.com,0821859683,Paused
CMP7668,Coke Winter Promo,Coke,Jacaranda,Gauteng,2026-01-06,2026-01-26,79,72,173609.57,coke35@example.com,0718062986,Paused
CMP7843,Money Market Winter Promo,Money Market,Ukhozi FM,Gauteng,2026-04-15,2026-04-21,169,155,239014.73,moneymarket58@example.com,0603999479,Completed
CMP9774,Money Market Winter Promo,Money Market,Ukhozi FM,WC,2026-01-01,2026-01-22,28,26,205006.23,moneymarket42@example.com,0871755552,Completed
CMP7710,Shoprite Winter Promo,Shoprite,Jacaranda,Gauteng,2026-02-28,2026-03-11,90,84,345537.59,shoprite20@example.com,0752319748,Active
CMP8067,Coke Winter Promo,Coke,Kaya FM,EC,2026-04-06,2026-05-03,113,116,241168.34,coke39@example.com,0742841525,
CMP1746,Money Market Winter Promo,Money Market,Kaya FM,KZN,2026-04-11,2026-04-16,106,103,50587.97,moneymarket27@example.com,0831042679,Completed
CMP6744, Checkers Winter Promo ,Checkers,Ukhozi FM,EC,2026-02-08,2026-02-20,25,29,259713.16,checkers81@example.com,0813579105,COMPLETED
CMP3098,Toyota Winter Promo,Toyota,Kaya FM,WC,2026-05-30,2026-06-17,113,118,284176.18,toyota92@example.com,0822593592,Completed
CMP4644,Money Market Winter Promo,Money Market,Metro FM,KZN,2026-02-08,2026-02-21,187,,17841.73,moneymarket93@example.com,0859585658, active 
CMP9767,Vuma Winter Promo,Vuma,YFM,WC,2026-01-17,2026-02-05,69,68,396478,vuma90@example.com,0882969886, active 
CMP4775,Coke Winter Promo,Coke,947,EC,2026-04-16,2026-05-14,77,75,136299.91,coke6@example.com,08374010,Paused
CMP3607,Checkers Winter Promo,Checkers,947,Gauteng,2026-05-22,2026-06-14,117,111,480429.04,checkers15@example.com,0822889928,Paused
CMP2267, Shoprite Winter Promo ,Shoprite,947,WC,12/03/2026,2026-03-22,172,,95964.21,shoprite32@example.com,0897989628,COMPLETED
CMP9651,Checkers Winter Promo,Checkers,Metro FM,KZN,2026-06-22,2026-07-21,93,85,27872.99,checkers10@example.com,0613083816,Completed
CMP3149,Checkers Winter Promo,Checkers,Jacaranda,EC,2026-06-17,2026-06-22,106,104,390391.72,checkers65@example.com,0656164749,
CMP2158,Coke Winter Promo,Coke,YFM,WC,2026-01-26,2026-02-20,35,38,446027.36,coke90@example.com,0881808338,Paused
CMP6085,Vuma Winter Promo,Vuma,Ukhozi FM,KZN,2026-02-09,2026-02-25,24,10,82214.66,vuma63@example.com,0708899328,Paused
CMP6847,Shoprite Winter Promo,Shoprite,Kaya FM,Gauteng,2026-05-19,2026-06-05,135,124,369684,shoprite92example.com,0797764698,Paused
CMP7995,Vuma Winter Promo,Vuma,Metro FM,EC,2026-05-04,2026-05-14,70,59,165097.41,vuma13@example.com,0895572743,Paused
CMP7974,Toyota Winter Promo,Toyota,Metro FM,Gauteng,2026-05-27,2026-06-08,122,120,64469.17,toyota57@example.com,0781972945,Paused
CMP4986,Checkers Winter Promo,Checkers,947,KZN,2026-04-10,2026-04-19,94,84,284395.79,checkers57@example.com,0673780839, active 
CMP6743,Coke Winter Promo,Coke,Jacaranda,Gauteng,2026-01-01,2026-01-19,160,,490372.1,coke19@example.com,0798494968,Paused
CMP4707,Checkers Winter Promo,Checkers,Metro FM,EC,2026-05-07,2026-05-27,104,98,475807.22,checkers1@example.com,0867691066,Active
CMP7139,Vuma Winter Promo,Vuma,YFM,Gauteng,2026-05-21,2026-06-03,24,23,33619.04,vuma64@example.com,08276679,
CMP6938,Checkers Winter Promo,Checkers,Metro FM,KZN,26/02/2026,2026-03-07,139,142,342154.65,checkers94example.com,0793968028,Paused
CMP7562,Coke Winter Promo,Coke,YFM,EC,2026-05-08,2026-06-01,56,56,28271.34,coke63@example.com,0638260435, active 
CMP2234,Vuma Winter Promo,Vuma,YFM,EC,2026-05-06,2026-05-15,105,101,405359.02,vuma33@example.com,0798399498, active 
CMP3624,Vuma Winter Promo,Vuma,Kaya FM,EC,2026-05-20,2026-06-17,112,103,,vuma75@example.com,0719852180, active 
CMP2997,Money Market Winter Promo,Money Market,947,KZN,2026-06-18,2026-07-08,168,156,117656.44,moneymarket51@example.com,0851495267,Completed
CMP6455,Money Market Winter Promo,Money Market,Ukhozi FM,KZN,2026-06-27,2026-07-27,94,85,73791.11,moneymarket4@example.com,0654816678,
CMP7960, Toyota Winter Promo ,Toyota,Metro FM,KZN,2026-02-02,2026-02-20,187,181,140504.02,toyota95example.com,0712751746, active 
CMP6922, Coke Winter Promo ,Coke,Jacaranda,WC,2026-04-14,2026-04-25,105,110,195440.97,coke92@example.com,0709661848,
CMP9193,Shoprite Winter Promo,Shoprite,Kaya FM,EC,2026-01-24,2026-02-04,195,198,435112.66,shoprite27@example.com,0828646775,Paused
CMP4439,Checkers Winter Promo,Checkers,Metro FM,EC,05/01/2026,2026-01-13,43,41,308307.76,checkers40example.com,0796005099,Paused
CMP2165,Shoprite Winter Promo,Shoprite,YFM,KZN,2026-03-29,2026-04-08,72,71,351571.65,shoprite89@example.com,0881661923,Paused
CMP7283,Coke Winter Promo,Coke,YFM,WC,2026-01-24,2026-02-10,195,192,351273.75,coke29@example.com,08062898,Paused
CMP9209,Toyota Winter Promo,Toyota,YFM,Gauteng,2026-02-13,2026-03-11,133,136,62382.33,toyota24@example.com,0886391116,Active
CMP3344,Coke Winter Promo,Coke,947,WC,2026-01-13,2026-01-22,153,145,61817.07,coke85example.com,0856125343,COMPLETED
CMP3800,Money Market Winter Promo,Money Market,YFM,EC,2026-04-16,2026-05-12,65,65,133912.6,moneymarket87@example.com,0873547597,Active
CMP1632,Coke Winter Promo,Coke,Ukhozi FM,EC,2026-03-14,2026-03-27,81,76,378214.36,coke61@example.com,0711571655, active 
CMP6238,Coke Winter Promo,Coke,Kaya FM,WC,2026-02-19,2026-03-08,146,141,464175.64,coke5@example.com,0702905132,Paused
CMP4178,Toyota Winter Promo,Toyota,Ukhozi FM,EC,2026-04-27,2026-05-23,37,26,318319.32,toyota74@example.com,0637363909,COMPLETED
CMP4456,Shoprite Winter Promo,Shoprite,YFM,KZN,2026-03-30,2026-04-09,122,118,71023.94,shoprite36@example.com,0824686117,
CMP2826,Vuma Winter Promo,Vuma,Jacaranda,WC,2026-03-19,2026-04-18,62,60,453422.4,vuma96@example.com,0785437778,COMPLETED
CMP8689, Money Market Winter Promo ,Money Market,947,EC,2026-04-24,2026-05-07,152,,,moneymarket28@example.com,0732209127,Paused
CMP2026,Vuma Winter Promo,Vuma,Kaya FM,EC,2026-02-06,2026-03-06,26,12,336597.32,vuma99@example.com,0796357018,Paused
CMP9512,Checkers Winter Promo,Checkers,YFM,EC,2026-06-24,2026-07-03,109,104,499851.21,checkers23@example.com,0687869324,COMPLETED
CMP1166,Money Market Winter Promo,Money Market,Ukhozi FM,WC,30/03/2026,2026-04-04,108,96,460373.28,moneymarket30@example.com,0898824437,Active
CMP1342,Coke Winter Promo,Coke,YFM,WC,2026-06-14,2026-06-21,171,168,259786.52,coke34@example.com,0752681324,Active
CMP5017,Coke Winter Promo,Coke,Kaya FM,EC,2026-05-01,2026-05-15,154,148,498686.49,coke51@example.com,0844324393,Active
CMP8635, Toyota Winter Promo ,Toyota,947,KZN,2026-01-17,2026-02-05,167,167,90109.5,toyota59@example.com,0702712827,COMPLETED
CMP1371,Shoprite Winter Promo,Shoprite,Ukhozi FM,Gauteng,2026-05-15,2026-05-22,54,41,417090.23,shoprite86@example.com,0736598465,COMPLETED
CMP1309,Shoprite Winter Promo,Shoprite,947,WC,2026-04-22,2026-05-03,112,108,293885.3,shoprite33@example.com,0738564989,Active
CMP4136,Shoprite Winter Promo,Shoprite,Kaya FM,KZN,2026-03-19,2026-04-06,96,89,157272.08,shoprite43@example.com,0645604635,Completed
CMP9946,Coke Winter Promo,Coke,Jacaranda,Gauteng,17/04/2026,2026-05-01,87,73,407363.93,coke42@example.com,0889569473,Active
CMP6378,Vuma Winter Promo,Vuma,Metro FM,WC,2026-06-22,2026-07-04,115,101,16834.9,vuma26@example.com,0613628578,Paused
CMP2470,Coke Winter Promo,Coke,Metro FM,KZN,2026-06-06,2026-06-17,56,54,136607.44,coke62@example.com,0656120865,Paused
CMP5048,Toyota Winter Promo,Toyota,Ukhozi FM,Gauteng,2026-04-07,2026-05-02,112,114,199028.3,toyota43@example.com,0879578727,
CMP5831,Coke Winter Promo,Coke,Kaya FM,KZN,14/06/2026,2026-06-23,120,121,450125.97,coke86@example.com,0741695760, active 
CMP2482,Shoprite Winter Promo,Shoprite,Jacaranda,WC,2026-06-01,2026-06-13,92,80,126600.9,shoprite95@example.com,0815383145,COMPLETED
CMP2822,Toyota Winter Promo,Toyota,Kaya FM,KZN,2026-05-01,2026-05-22,193,181,445734.82,toyota60@example.com,0849514840,Completed
CMP9069,Toyota Winter Promo,Toyota,947,EC,2026-06-08,2026-06-22,128,121,375883.04,toyota2@example.com,0663085672,Completed
CMP6863,Money Market Winter Promo,Money Market,947,KZN,2026-01-21,2026-02-17,52,42,118595.97,moneymarket21example.com,0849133169,
CMP1493,Toyota Winter Promo,Toyota,947,Gauteng,2026-04-19,2026-05-18,149,138,30060.91,toyota72@example.com,0626254506, active 
CMP5033,Shoprite Winter Promo,Shoprite,Ukhozi FM,WC,2026-02-01,2026-02-17,86,73,128671.66,shoprite88@example.com,0724769660,Paused
CMP3199,Vuma Winter Promo,Vuma,Kaya FM,Gauteng,2026-05-27,2026-06-22,48,37,370645.09,vuma70@example.com,0744075704, active 
CMP6841,Checkers Winter Promo,Checkers,Metro FM,KZN,2026-04-22,2026-05-02,186,180,315247.86,checkers57@example.com,0828066261,Completed
CMP3064, Toyota Winter Promo ,Toyota,Metro FM,Gauteng,2026-04-26,2026-05-19,169,155,459176.43,toyota35@example.com,0829995277,COMPLETED
CMP9590,Vuma Winter Promo,Vuma,Kaya FM,KZN,2026-01-31,2026-02-06,192,195,119294.04,vuma62@example.com,0758303001,Completed
CMP3576,Shoprite Winter Promo,Shoprite,Kaya FM,Gauteng,2026-01-30,2026-02-24,188,,279963.67,shoprite92@example.com,0895221642,Paused
CMP2597,Toyota Winter Promo,Toyota,Jacaranda,Gauteng,2026-02-23,2026-03-07,158,160,224473.98,toyota60@example.com,0649258122,Active
CMP8659,Vuma Winter Promo,Vuma,Ukhozi FM,KZN,2026-03-24,2026-04-03,102,89,275995.55,vuma28@example.com,07896592,Active
CMP6850,Vuma Winter Promo,Vuma,Ukhozi FM,EC,2026-02-09,2026-02-21,95,84,,vuma60@example.com,0845922376,Active
CMP4278,Money Market Winter Promo,Money Market,Ukhozi FM,WC,2026-01-10,2026-01-20,99,85,127754.89,moneymarket92@example.com,07472109,COMPLETED
CMP2625,Coke Winter Promo,Coke,947,EC,27/02/2026,2026-03-13,189,191,159517.73,coke44@example.com,0745854740,Active
CMP9508,Money Market Winter Promo,Money Market,Kaya FM,WC,2026-01-01,2026-01-07,178,170,233467.07,moneymarket92@example.com,0705324982,Active
CMP5476,Toyota Winter Promo,Toyota,Metro FM,Gauteng,2026-03-25,2026-04-20,71,75,353577.24,toyota82@example.com,08482059,
CMP9947,Checkers Winter Promo,Checkers,Ukhozi FM,Gauteng,2026-03-14,2026-03-30,138,127,89397.45,checkers58@example.com,0808418740,COMPLETED
CMP5299,Toyota Winter Promo,Toyota,Metro FM,WC,2026-01-11,2026-01-19,63,57,122598.73,toyota79@example.com,0858873782, active 
CMP2079, Coke Winter Promo ,Coke,Ukhozi FM,EC,2026-04-08,2026-05-06,178,170,93783.02,coke93@example.com,0687817615, active 
CMP4615,Shoprite Winter Promo,Shoprite,YFM,KZN,2026-01-28,2026-02-19,72,57,127346.75,shoprite29@example.com,0656103509,Active
CMP9350,Toyota Winter Promo,Toyota,Jacaranda,WC,2026-05-10,2026-05-19,63,54,323992.96,toyota17@example.com,0756961711,
CMP4321,Toyota Winter Promo,Toyota,YFM,WC,2026-06-17,2026-07-11,198,201,449273.8,toyota56@example.com,07073140,COMPLETED
CMP4267,Vuma Winter Promo,Vuma,Jacaranda,WC,2026-03-06,2026-03-18,23,17,288453.43,vuma13example.com,0681510251, active 
CMP3944,Coke Winter Promo,Coke,YFM,EC,2026-04-11,2026-04-23,100,102,481796.33,coke74@example.com,0869553593,
CMP6763, Shoprite Winter Promo ,Shoprite,Ukhozi FM,KZN,2026-01-13,2026-02-07,199,191,451187.4,shoprite68@example.com,0836820467,Paused
CMP5825,Shoprite Winter Promo,Shoprite,947,EC,2026-02-27,2026-03-13,97,84,15405.76,shoprite63@example.com,0859548014,
CMP5274,Shoprite Winter Promo,Shoprite,Jacaranda,Gauteng,2026-02-26,2026-03-17,172,169,213533.73,shoprite95@example.com,0797152952,Completed
CMP9419,Checkers Winter Promo,Checkers,Ukhozi FM,KZN,2026-01-16,2026-01-21,140,127,375725.29,checkers53@example.com,0785012813,COMPLETED
CMP9079, Shoprite Winter Promo ,Shoprite,Ukhozi FM,Gauteng,2026-03-03,2026-03-31,38,43,457778,shoprite21@example.com,0754074318, active 
CMP9406,Checkers Winter Promo,Checkers,Metro FM,KZN,2026-05-15,2026-05-29,128,118,171936.1,checkers92@example.com,0691460565,Paused
CMP4405,Vuma Winter Promo,Vuma,Kaya FM,EC,2026-03-31,2026-04-27,99,91,452008.75,vuma55@example.com,0608993790,Active
CMP7612,Coke Winter Promo,Coke,Kaya FM,WC,2026-06-08,2026-07-02,154,140,455662.51,coke44@example.com,0679941464,Active
CMP1356,Vuma Winter Promo,Vuma,Jacaranda,WC,2026-04-30,2026-05-08,141,133,129487.4,vuma16@example.com,0692811575,Paused
CMP4242,Money Market Winter Promo,Money Market,YFM,KZN,2026-06-08,2026-06-19,38,26,334820.96,moneymarket11@example.com,0864294725,
CMP7366,Coke Winter Promo,Coke,Jacaranda,KZN,2026-02-26,2026-03-07,67,68,155492.19,coke80@example.com,07611055,
CMP2824,Shoprite Winter Promo,Shoprite,Jacaranda,WC,2026-03-07,2026-03-15,129,131,183389.82,shoprite24@example.com,0781552001,COMPLETED
CMP9051,Money Market Winter Promo,Money Market,Kaya FM,Gauteng,2026-04-19,2026-04-26,138,,67577.49,moneymarket9@example.com,0836874277,COMPLETED
CMP9875,Shoprite Winter Promo,Shoprite,947,EC,2026-06-10,2026-07-04,157,152,384742.41,shoprite23@example.com,0689027897,COMPLETED
CMP7857,Shoprite Winter Promo,Shoprite,YFM,EC,2026-05-29,2026-06-05,70,55,251218.07,shoprite75@example.com,0819249201,Active
CMP6920,Coke Winter Promo,Coke,Ukhozi FM,EC,2026-02-08,2026-03-06,84,79,372077.39,coke28@example.com,0804917662,Active
CMP7658,Coke Winter Promo,Coke,Metro FM,Gauteng,2026-06-16,2026-07-11,180,,296018.54,coke33example.com,0684540002,Paused
CMP3004,Shoprite Winter Promo,Shoprite,YFM,EC,2026-06-01,2026-06-16,61,49,99582.63,shoprite83@example.com,0616463697,COMPLETED
CMP9960,Checkers Winter Promo,Checkers,Metro FM,Gauteng,2026-01-01,2026-01-08,151,143,409568.9,checkers69example.com,0651265427,COMPLETED
CMP9080,Checkers Winter Promo,Checkers,947,EC,2026-03-28,2026-04-02,109,108,373617.12,checkers14@example.com,0797017163,COMPLETED
CMP9941,Coke Winter Promo,Coke,YFM,EC,2026-05-15,2026-06-05,115,101,231802.95,coke82@example.com,0703628187,Completed
CMP6867,Toyota Winter Promo,Toyota,Kaya FM,Gauteng,2026-03-19,2026-04-02,200,196,281702.64,toyota91@example.com,0696688462,
CMP5823,Shoprite Winter Promo,Shoprite,Jacaranda,EC,2026-04-26,2026-05-17,95,96,128906.11,shoprite13@example.com,0745522292,Completed
CMP6943,Shoprite Winter Promo,Shoprite,Metro FM,Gauteng,2026-03-21,2026-04-15,165,160,201335.93,shoprite33@example.com,0692168256, active 
CMP5470,Vuma Winter Promo,Vuma,Metro FM,Gauteng,2026-06-15,2026-06-27,159,146,465019.65,vuma44@example.com,0712609361,Active
CMP8540,Coke Winter Promo,Coke,Ukhozi FM,KZN,2026-02-26,2026-03-18,53,38,45303.26,coke47@example.com,0877987333,Active
CMP9334,Vuma Winter Promo,Vuma,Kaya FM,WC,2026-03-11,2026-03-19,156,142,321190.59,vuma79example.com,0865464847,COMPLETED
CMP9168,Shoprite Winter Promo,Shoprite,947,KZN,2026-01-05,2026-01-25,28,22,208318.19,shoprite89@example.com,0661412658,Active
CMP7458,Shoprite Winter Promo,Shoprite,Kaya FM,EC,2026-03-19,2026-04-01,147,140,353983.55,shoprite82@example.com,0679625674,Active
CMP3760,Toyota Winter Promo,Toyota,YFM,WC,2026-05-25,2026-06-22,88,,244274.54,toyota74@example.com,0603079837,Paused
CMP3933,Checkers Winter Promo,Checkers,YFM,KZN,2026-03-07,2026-03-26,141,143,189400,checkers31@example.com,0604582935,Active
CMP7902,Vuma Winter Promo,Vuma,Kaya FM,KZN,2026-02-26,2026-03-05,124,123,177713.02,vuma58@example.com,0755562613,
CMP1874,Money Market Winter Promo,Money Market,Ukhozi FM,Gauteng,2026-05-01,2026-05-14,79,81,490166.69,moneymarket14@example.com,0837891284,Paused
CMP6149,Coke Winter Promo,Coke,Ukhozi FM,EC,2026-06-05,2026-06-19,69,73,444343.13,coke18@example.com,0864063199,Paused
CMP2978,Shoprite Winter Promo,Shoprite,Ukhozi FM,EC,2026-03-08,2026-04-05,29,27,76357.83,shoprite47@example.com,06831435,COMPLETED
CMP7929,Shoprite Winter Promo,Shoprite,YFM,Gauteng,2026-06-09,2026-06-19,45,41,,shoprite95@example.com,0731015285, active 
CMP6378,Vuma Winter Promo,Vuma,YFM,EC,2026-02-25,2026-03-06,130,121,294633.84,vuma72@example.com,0837211016,COMPLETED
CMP3206,Toyota Winter Promo,Toyota,Kaya FM,WC,2026-01-03,2026-01-20,31,27,62019.66,toyota46@example.com,0707514569,Paused
CMP8280, Coke Winter Promo ,Coke,Kaya FM,Gauteng,2026-03-26,2026-04-19,132,124,415967.7,coke98@example.com,0714013567, active 
CMP9394,Toyota Winter Promo,Toyota,Metro FM,KZN,2026-03-25,2026-04-15,66,57,298991.48,toyota34@example.com,0729905903,Completed
CMP4798, Money Market Winter Promo ,Money Market,Ukhozi FM,EC,2026-04-02,2026-04-23,127,114,,moneymarket6@example.com,0876443415,Active
CMP1393,Vuma Winter Promo,Vuma,947,Gauteng,2026-04-07,2026-04-20,131,133,186352.59,vuma76@example.com,06989477,Completed
CMP9400, Checkers Winter Promo ,Checkers,Metro FM,WC,2026-01-21,2026-02-04,101,91,246844.74,checkers98@example.com,0755524958,
CMP8065,Checkers Winter Promo,Checkers,YFM,KZN,2026-03-29,2026-04-07,102,101,,checkers88@example.com,0724840131, active 
CMP3037,Money Market Winter Promo,Money Market,Metro FM,KZN,2026-06-03,2026-07-03,105,103,276547.9,moneymarket85@example.com,0629537816,COMPLETED
CMP8400,Checkers Winter Promo,Checkers,Metro FM,EC,2026-05-09,2026-06-04,105,106,447547.24,checkers68example.com,07396075,Active
CMP4355,Money Market Winter Promo,Money Market,Kaya FM,Gauteng,2026-05-14,2026-05-29,185,170,293968.56,moneymarket36@example.com,0646563330,Active
CMP4524,Shoprite Winter Promo,Shoprite,Kaya FM,KZN,2026-02-09,2026-03-08,126,116,131268.22,shoprite92@example.com,0728203794,Active
CMP6592,Checkers Winter Promo,Checkers,YFM,KZN,2026-03-16,2026-04-09,78,71,394817.66,checkers47@example.com,0637614358, active 
CMP7097,Toyota Winter Promo,Toyota,Metro FM,EC,2026-04-28,2026-05-23,29,14,69587.08,toyota92@example.com,0781725396,Active
CMP1962,Vuma Winter Promo,Vuma,Ukhozi FM,EC,2026-03-13,2026-04-05,169,155,276645.49,vuma13@example.com,0825261818,COMPLETED
CMP6590,Shoprite Winter Promo,Shoprite,Kaya FM,WC,2026-03-07,2026-03-23,194,,498103.92,shoprite82@example.com,0836299151,Active
CMP9897,Vuma Winter Promo,Vuma,Kaya FM,Gauteng,2026-05-16,2026-05-22,32,21,455511.8,vuma6@example.com,0746072026, active 
CMP5517,Checkers Winter Promo,Checkers,947,KZN,2026-04-29,2026-05-21,51,54,389222.74,checkers9@example.com,0882504736,COMPLETED
CMP4813,Toyota Winter Promo,Toyota,Jacaranda,WC,2026-02-17,2026-03-14,94,96,41245,toyota79@example.com,0784450684,
CMP5391,Coke Winter Promo,Coke,Ukhozi FM,EC,2026-06-23,2026-07-12,68,53,147522.41,coke30@example.com,0703267027,Active
CMP9581,Vuma Winter Promo,Vuma,947,WC,2026-04-28,2026-05-24,34,39,15518.89,vuma48@example.com,07167364,Active
CMP9203,Money Market Winter Promo,Money Market,Ukhozi FM,Gauteng,2026-05-24,2026-06-08,158,148,,moneymarket98@example.com,06314526,COMPLETED
CMP1246,Coke Winter Promo,Coke,Ukhozi FM,WC,2026-04-26,2026-05-23,136,126,280702.22,coke26@example.com,0871455383,
CMP9290,Coke Winter Promo,Coke,Jacaranda,WC,2026-06-09,2026-06-15,78,67,255297.68,coke25@example.com,0751698120,Paused
CMP8219,Coke Winter Promo,Coke,Kaya FM,Gauteng,2026-04-08,2026-05-07,152,155,28626.7,coke29@example.com,0817622220,
CMP9359,Coke Winter Promo,Coke,Jacaranda,WC,05/06/2026,2026-06-15,91,83,391164.76,coke3@example.com,0696947585,Completed
CMP6922,Vuma Winter Promo,Vuma,Jacaranda,Gauteng,2026-04-17,2026-04-26,120,123,238631.28,vuma72@example.com,0692404605,Completed
CMP7746,Shoprite Winter Promo,Shoprite,Metro FM,Gauteng,2026-05-23,2026-06-02,100,99,67297.8,shoprite32@example.com,0611339583,Completed
CMP8486,Coke Winter Promo,Coke,Jacaranda,Gauteng,2026-01-09,2026-01-25,115,120,281748.52,coke1@example.com,0634800982,COMPLETED
CMP9165,Money Market Winter Promo,Money Market,947,Gauteng,2026-05-05,2026-05-20,141,126,382055.92,moneymarket96example.com,0717651785,COMPLETED
CMP3733,Vuma Winter Promo,Vuma,Kaya FM,Gauteng,2026-03-22,2026-03-29,179,173,68877.46,vuma47@example.com,08014988,Active
CMP3825,Toyota Winter Promo,Toyota,Metro FM,KZN,2026-03-11,2026-04-10,22,21,283064.78,toyota67@example.com,0683608419,Completed
CMP7606,Coke Winter Promo,coke,947,WC,2026-01-12,2026-01-29,141,144,62998.98,coke59@example.com,0864719245,Active
CMP4465,Shoprite Winter Promo,Shoprite,Jacaranda,Gauteng,2026-01-22,2026-01-31,136,130,,shoprite5example.com,0667911920,
CMP6262,Shoprite Winter Promo,Shoprite,Kaya FM,EC,09/02/2026,2026-03-10,121,115,321816.99,shoprite48@example.com,0792291062,Completed
CMP9840,Toyota Winter Promo,Toyota,Kaya FM,KZN,2026-03-28,2026-04-24,71,72,321952.42,toyota99@example.com,0848341892, active 
CMP3091,Checkers Winter Promo,Checkers,Metro FM,Gauteng,2026-04-12,2026-04-24,27,24,315711.53,checkers96@example.com,0774736574,Active
CMP8092,Coke Winter Promo,Coke,Kaya FM,WC,2026-05-14,2026-05-19,59,63,232838.55,coke44@example.com,0736281178,Active
CMP2088,Money Market Winter Promo,Money Market,Metro FM,Gauteng,2026-01-09,2026-02-08,96,101,21781.6,moneymarket76example.com,0851348763,Active
CMP6578,Toyota Winter Promo,Toyota,947,WC,2026-02-07,2026-02-27,184,189,65470.48,toyota88@example.com,0646507294,
CMP3506, Checkers Winter Promo ,Checkers,YFM,WC,2026-04-06,2026-04-26,40,39,154446.44,checkers82example.com,0742929914,Completed
CMP2979,Checkers Winter Promo,Checkers,Jacaranda,Gauteng,2026-06-18,2026-07-01,118,122,353999.39,checkers89@example.com,0686719462,Active
CMP4557,Vuma Winter Promo,Vuma,YFM,EC,2026-06-17,2026-06-22,55,,113775.04,vuma93@example.com,08436254,Paused
CMP3787,Toyota Winter Promo,Toyota,Kaya FM,KZN,2026-03-16,2026-03-22,69,56,355360.42,toyota95@example.com,0876584578,Completed
CMP5437, Coke Winter Promo ,Coke,Metro FM,Gauteng,2026-05-21,2026-06-02,120,107,191573.33,coke8@example.com,0639792166,Completed
CMP5576,Checkers Winter Promo,Checkers,Ukhozi FM,EC,2026-05-05,2026-05-13,40,35,211893.59,checkers66@example.com,0652923674, active 
CMP2905, Money Market Winter Promo ,Money Market,YFM,Gauteng,2026-06-19,2026-07-04,127,116,59840.15,moneymarket29@example.com,0833298252,Active
CMP3085,Money Market Winter Promo,money market,947,WC,2026-06-26,2026-07-18,130,,340669.64,moneymarket44@example.com,0656397214, active 
CMP5843,Coke Winter Promo,coke,Jacaranda,EC,2026-03-14,2026-04-06,83,72,200546.96,coke57@example.com,0897271365,Completed
CMP1817,Money Market Winter Promo,Money Market,YFM,WC,2026-05-22,2026-06-21,120,123,264778.4,moneymarket97@example.com,0831066558,Active
CMP4058,Coke Winter Promo,Coke,Ukhozi FM,EC,01/04/2026,2026-04-23,172,173,414615.17,coke5@example.com,0796497920, active 
CMP7362,Coke Winter Promo,Coke,Kaya FM,Gauteng,2026-06-08,2026-06-20,64,68,241511.34,coke27@example.com,0778129952,Completed
CMP8437,Coke Winter Promo,Coke,Metro FM,WC,2026-01-17,2026-02-13,197,195,290936.36,coke19@example.com,0603039868,Completed
CMP5162,Money Market Winter Promo,Money Market,Ukhozi FM,KZN,2026-03-18,2026-03-28,133,137,461405.49,moneymarket35@example.com,0611200646,Completed
CMP1144, Shoprite Winter Promo ,Shoprite,Metro FM,KZN,2026-05-08,2026-05-14,146,150,408973.7,shoprite58@example.com,0761043922,Active
CMP3170,Shoprite Winter Promo,Shoprite,Metro FM,EC,31/05/2026,2026-06-15,66,68,344851.26,shoprite31@example.com,0715374638, active 
CMP4907, Coke Winter Promo ,coke,Metro FM,WC,2026-03-18,2026-03-24,143,138,279319.61,coke11@example.com,0695567517,Completed
CMP6393,Coke Winter Promo,Coke,947,KZN,2026-03-17,2026-04-16,33,24,72413.92,coke19@example.com,0803466417,Active
CMP6596,Shoprite Winter Promo,Shoprite,Jacaranda,KZN,22/06/2026,2026-06-30,36,21,414750.17,shoprite46@example.com,0704493778,COMPLETED
CMP4963,Toyota Winter Promo,Toyota,Kaya FM,KZN,2026-05-10,2026-05-22,150,154,,toyota71@example.com,0775114621,
CMP3824,Money Market Winter Promo,Money Market,YFM,EC,2026-06-29,2026-07-16,92,86,461997.34,moneymarket86@example.com,0781532564,Paused
CMP3663, Shoprite Winter Promo ,Shoprite,Ukhozi FM,WC,2026-02-25,2026-03-12,57,58,292193.36,shoprite73@example.com,0773791352,
CMP2055,Checkers Winter Promo,Checkers,Jacaranda,WC,2026-05-05,2026-05-30,161,166,435683.63,checkers97@example.com,0652948795, active 
CMP4836,Vuma Winter Promo,Vuma,947,WC,14/02/2026,2026-03-07,150,152,416001.61,vuma19@example.com,06295294,Paused
CMP1598,Toyota Winter Promo,Toyota,Ukhozi FM,WC,2026-06-06,2026-07-04,200,202,350366.75,toyota53@example.com,08449732,COMPLETED
CMP8950,Checkers Winter Promo,Checkers,YFM,WC,24/05/2026,2026-06-01,83,,372234.26,checkers91@example.com,0672841302,Active
CMP2679,Checkers Winter Promo,Checkers,Jacaranda,KZN,2026-05-11,2026-06-04,46,35,140010.25,checkers77@example.com,0864658370,COMPLETED
CMP4747,Toyota Winter Promo,Toyota,Kaya FM,EC,2026-04-07,2026-04-27,133,118,456680.21,toyota2@example.com,0882659478,
CMP9779,Vuma Winter Promo,Vuma,YFM,KZN,2026-02-22,2026-03-15,58,45,274922.43,vuma64@example.com,0898241739,Active
CMP8015,Vuma Winter Promo,Vuma,Metro FM,KZN,2026-01-22,2026-02-12,148,135,256480.08,vuma96@example.com,0697022320,Paused
CMP3502,Money Market Winter Promo,Money Market,Ukhozi FM,WC,2026-05-30,2026-06-28,154,148,371383.48,moneymarket52@example.com,0828279625,Completed
CMP2401,Money Market Winter Promo,Money Market,Jacaranda,KZN,2026-02-09,2026-03-03,138,,327157.23,moneymarket4@example.com,0844259614,COMPLETED
CMP7855,Checkers Winter Promo,Checkers,Metro FM,WC,2026-02-08,2026-03-02,132,125,,checkers66@example.com,0651819875,Paused
CMP2444,Money Market Winter Promo,Money Market,Kaya FM,KZN,2026-05-06,2026-05-30,40,27,,moneymarket21@example.com,0699333382,
CMP1790,Toyota Winter Promo,Toyota,Ukhozi FM,EC,2026-01-08,2026-01-31,136,126,281034.52,toyota63@example.com,0798469141,COMPLETED
CMP6838, Checkers Winter Promo ,Checkers,947,Gauteng,2026-01-23,2026-02-21,33,21,313187.89,checkers65@example.com,06763334,
CMP9290,Toyota Winter Promo,Toyota,Kaya FM,Gauteng,2026-05-19,2026-05-27,157,152,26344.43,toyota70@example.com,0744158439,COMPLETED
CMP5008,Toyota Winter Promo,Toyota,YFM,WC,2026-01-18,2026-02-12,21,14,220593.35,toyota57@example.com,0859676288,Active
CMP7439, Money Market Winter Promo ,Money Market,Metro FM,Gauteng,2026-06-27,2026-07-13,39,26,348378.19,moneymarket31@example.com,0699290129,Active
CMP5776,Money Market Winter Promo,Money Market,YFM,WC,2026-04-21,2026-05-09,123,108,458639.83,moneymarket42@example.com,0685024290,Paused
CMP8244,Checkers Winter Promo,Checkers,Kaya FM,WC,2026-03-23,2026-04-08,29,17,93850.45,checkers33@example.com,0821295967,COMPLETED
CMP3021,Vuma Winter Promo,Vuma,YFM,KZN,2026-01-25,2026-02-16,192,182,223783.73,vuma64@example.com,0692553530,Paused
CMP4057,Shoprite Winter Promo,Shoprite,Kaya FM,Gauteng,2026-06-22,2026-07-01,58,60,,shoprite15@example.com,0704847452,Active
CMP8022,Coke Winter Promo,Coke,YFM,WC,2026-06-24,2026-07-07,123,112,425488.95,coke1@example.com,0862932270, active 
CMP6694,Coke Winter Promo,Coke,Jacaranda,KZN,2026-05-28,2026-06-12,151,141,24580.46,coke98@example.com,0684009818,
CMP5037,Money Market Winter Promo,Money Market,Metro FM,EC,2026-01-05,2026-01-11,198,195,139085.16,moneymarket70@example.com,0817419389,COMPLETED
CMP4867,Toyota Winter Promo,Toyota,Ukhozi FM,WC,2026-06-29,2026-07-25,153,151,437452.15,toyota75@example.com,0849961183,Completed
CMP9695,Money Market Winter Promo,Money Market,947,WC,2026-02-07,2026-02-17,105,103,451024.07,moneymarket75@example.com,0854714154,
CMP1551,Toyota Winter Promo,Toyota,Kaya FM,Gauteng,2026-06-14,2026-07-06,20,15,185278.31,toyota83@example.com,06998329, active 
CMP5089,Vuma Winter Promo,Vuma,Ukhozi FM,KZN,2026-04-15,2026-04-28,127,121,376998.64,vuma7@example.com,07768742,
CMP1977,Shoprite Winter Promo,Shoprite,947,WC,2026-01-08,2026-01-23,185,170,258198.63,shoprite10@example.com,0726850621,Active
CMP9793,Toyota Winter Promo,Toyota,Metro FM,Gauteng,2026-04-23,2026-05-17,172,166,46308.25,toyota30@example.com,0684992144,Active
CMP8570,Shoprite Winter Promo,Shoprite,Metro FM,KZN,2026-01-12,2026-01-21,101,,106396.78,shoprite22@example.com,0683584665,Active
CMP2078,Checkers Winter Promo,Checkers,Ukhozi FM,KZN,21/01/2026,2026-01-29,123,114,406684.54,checkers41@example.com,0745619209,
CMP6335,Coke Winter Promo,Coke,YFM,KZN,2026-02-25,2026-03-02,154,139,424127.29,coke80@example.com,0673976436, active 
CMP1214,Coke Winter Promo,Coke,YFM,EC,2026-03-04,2026-03-22,29,25,115966.35,coke93example.com,0898577389,COMPLETED
CMP2829, Shoprite Winter Promo ,Shoprite,Kaya FM,EC,2026-06-10,2026-06-16,112,99,147350.79,shoprite16@example.com,0697750847,Completed
CMP6288,Shoprite Winter Promo,Shoprite,YFM,WC,2026-01-17,2026-02-14,83,74,30710,shoprite83@example.com,0692094528,Paused
CMP3888,Checkers Winter Promo,Checkers,YFM,Gauteng,2026-03-29,2026-04-26,127,126,312654.57,checkers52@example.com,0882012778,Completed
CMP7369, Coke Winter Promo ,coke,947,WC,2026-04-12,2026-04-22,58,44,55597.81,coke26@example.com,0619010104,
CMP2240,Checkers Winter Promo,Checkers,Kaya FM,Gauteng,2026-06-05,2026-07-02,175,169,,checkers42@example.com,0743349944,
CMP4372,Toyota Winter Promo,Toyota,YFM,KZN,2026-05-18,2026-06-17,83,68,437410.82,toyota65@example.com,0662742432, active 
CMP6501,Toyota Winter Promo,toyota,Jacaranda,Gauteng,2026-05-05,2026-05-14,166,165,262577.69,toyota15example.com,0819342895,COMPLETED
CMP4630,Checkers Winter Promo,Checkers,Jacaranda,EC,2026-02-15,2026-03-05,74,76,444461.87,checkers82@example.com,0877984587,Paused
CMP7024,Coke Winter Promo,Coke,Metro FM,WC,2026-05-03,2026-05-09,57,53,90510.33,coke17@example.com,0744895923,Active
CMP2066,Toyota Winter Promo,Toyota,Kaya FM,WC,2026-01-20,2026-02-17,92,82,268543.77,toyota4@example.com,0826148307,
CMP7175,Checkers Winter Promo,checkers,Jacaranda,Gauteng,2026-02-22,2026-03-01,30,29,406380.54,checkers77@example.com,0877534464,Paused
CMP3714,Shoprite Winter Promo,Shoprite,Metro FM,EC,2026-02-19,2026-03-10,190,181,194932.4,shoprite8@example.com,0732976342,Paused
CMP3837,Coke Winter Promo,Coke,Kaya FM,EC,2026-06-10,2026-06-18,100,97,269186.32,coke40@example.com,0787270382,COMPLETED
CMP1417,Coke Winter Promo,Coke,947,WC,2026-05-27,2026-06-12,185,179,151406.1,coke15@example.com,0646529463, active 
CMP5351,Money Market Winter Promo,Money Market,Jacaranda,WC,2026-05-02,2026-05-11,170,160,429409.57,moneymarket72@example.com,0685828279,Completed
CMP7538,Coke Winter Promo,Coke,Ukhozi FM,Gauteng,29/05/2026,2026-06-06,158,146,143190.46,coke17@example.com,0714886846,Completed
CMP2784,Money Market Winter Promo,Money Market,Metro FM,EC,2026-05-03,2026-05-23,146,138,,moneymarket91@example.com,0831691445,COMPLETED
CMP8383,Checkers Winter Promo,Checkers,Kaya FM,WC,2026-06-15,2026-07-05,147,137,401512.87,checkers75@example.com,0864782883, active 
CMP9420,Toyota Winter Promo,Toyota,Metro FM,KZN,2026-05-27,2026-06-21,150,153,391649.3,toyota28@example.com,0819932316,
CMP1468,Shoprite Winter Promo,Shoprite,YFM,Gauteng,2026-03-18,2026-04-17,152,149,,shoprite6@example.com,06449209,
CMP6253,Vuma Winter Promo,Vuma,Kaya FM,WC,2026-02-23,2026-03-24,181,176,259455.93,vuma2@example.com,0879200815,Completed
CMP4956,Money Market Winter Promo,Money Market,Ukhozi FM,WC,2026-04-27,2026-05-05,163,162,299762.48,moneymarket62@example.com,0837392734,
CMP4252, Coke Winter Promo ,Coke,947,WC,2026-05-04,2026-05-30,34,21,12278.97,coke25@example.com,0613573094,
CMP9246, Money Market Winter Promo ,Money Market,Metro FM,Gauteng,2026-04-28,2026-05-07,147,143,165026.72,moneymarket56@example.com,0756318370,Paused
CMP6650,Vuma Winter Promo,vuma,YFM,EC,2026-02-16,2026-02-23,164,161,14175.57,vuma84@example.com,0666978520,
CMP4110,Coke Winter Promo,Coke,Ukhozi FM,KZN,2026-02-20,2026-02-26,79,74,,coke83@example.com,0881599910,Paused
CMP4872,Shoprite Winter Promo,Shoprite,Metro FM,KZN,2026-01-30,2026-02-07,46,49,136532.2,shoprite59@example.com,0687176479,Completed
CMP4743, Checkers Winter Promo ,Checkers,Jacaranda,EC,2026-03-13,2026-03-31,144,133,103973.31,checkers60@example.com,0702522508,
CMP9799,Money Market Winter Promo,Money Market,Ukhozi FM,WC,2026-02-18,2026-02-24,122,111,216224.87,moneymarket99example.com,0852229562,COMPLETED
CMP9226,Vuma Winter Promo,Vuma,Jacaranda,EC,2026-02-12,2026-02-19,34,29,56883.17,vuma83@example.com,07424151, active 
CMP8011,Money Market Winter Promo,Money Market,Jacaranda,Gauteng,2026-04-02,2026-04-20,96,85,477805.1,moneymarket81@example.com,0789122712,Paused
CMP4965,Vuma Winter Promo,Vuma,Jacaranda,EC,2026-05-08,2026-05-23,153,157,258644.13,vuma33@example.com,0687583293, active 
CMP7828,Toyota Winter Promo,Toyota,947,WC,2026-05-20,2026-06-07,173,163,172812.6,toyota58example.com,0686984599,Completed
CMP9975,Money Market Winter Promo,Money Market,Kaya FM,Gauteng,2026-01-25,2026-02-11,151,145,296243.03,moneymarket64@example.com,0807695094,
CMP9044,Vuma Winter Promo,Vuma,Ukhozi FM,WC,2026-04-23,2026-05-20,182,186,100507.48,vuma31@example.com,0872865100,
CMP1837,Coke Winter Promo,Coke,YFM,WC,2026-03-24,2026-04-19,153,156,12327.82,coke62@example.com,0656120624,Paused
CMP2790,Money Market Winter Promo,Money Market,Kaya FM,EC,2026-06-30,2026-07-21,152,141,,moneymarket49example.com,0788456439,Completed
CMP9053,Shoprite Winter Promo,Shoprite,Metro FM,EC,2026-02-25,2026-03-22,195,185,,shoprite39@example.com,0814255757,Paused
CMP4038,Toyota Winter Promo,Toyota,Kaya FM,Gauteng,2026-02-12,2026-02-21,171,166,243152.76,toyota45@example.com,0666669820,Active
CMP2058,Checkers Winter Promo,Checkers,Ukhozi FM,EC,2026-02-11,2026-03-02,156,161,399333.27,checkers31@example.com,08867894,Active
CMP3291,Coke Winter Promo,Coke,Ukhozi FM,KZN,2026-06-01,2026-06-07,188,186,328817.35,coke78@example.com,0628754583,COMPLETED
CMP9947,Money Market Winter Promo,Money Market,Ukhozi FM,WC,2026-06-17,2026-07-08,106,97,227010.4,moneymarket83@example.com,0874997946, active 
CMP5457,Money Market Winter Promo,Money Market,Jacaranda,EC,2026-06-01,2026-06-29,200,201,316501.54,moneymarket42@example.com,0716555899,
CMP6569,Checkers Winter Promo,Checkers,Kaya FM,WC,2026-02-28,2026-03-27,190,177,336757.88,checkers99example.com,07291085,
CMP7924,Checkers Winter Promo,Checkers,Metro FM,EC,2026-01-08,2026-02-07,86,84,285359.72,checkers31@example.com,0775420406,Paused
CMP2883,Toyota Winter Promo,Toyota,Jacaranda,Gauteng,2026-03-09,2026-04-08,69,,109632.01,toyota21@example.com,07580739,Active
CMP2385,Toyota Winter Promo,Toyota,YFM,EC,09/01/2026,2026-01-20,82,,286369.45,toyota84@example.com,0875579541,
CMP8593,Shoprite Winter Promo,Shoprite,Kaya FM,EC,2026-04-05,2026-05-01,157,142,250213.9,shoprite45@example.com,0802874042,Paused
CMP4128,Vuma Winter Promo,Vuma,Ukhozi FM,EC,2026-02-13,2026-03-11,197,190,406071.85,vuma38example.com,0807133485,Paused
CMP3159,Shoprite Winter Promo,Shoprite,947,EC,2026-06-21,2026-07-18,145,150,102847.57,shoprite14@example.com,0638125934, active 
CMP5542,Checkers Winter Promo,Checkers,Kaya FM,EC,2026-04-12,2026-05-06,51,50,,checkers32@example.com,0646641392,
CMP7260,Toyota Winter Promo,toyota,YFM,WC,2026-02-18,2026-03-19,29,27,314928.7,toyota70@example.com,06557188,Completed
CMP5518,Toyota Winter Promo,Toyota,Metro FM,EC,2026-04-30,2026-05-26,160,151,107181.9,toyota51@example.com,0807528427,
CMP8705, Vuma Winter Promo ,vuma,Ukhozi FM,KZN,2026-03-16,2026-03-29,125,128,154682.52,vuma44@example.com,0671019145,Paused
CMP1861,Money Market Winter Promo,Money Market,Kaya FM,Gauteng,21/04/2026,2026-05-15,125,130,385131.87,moneymarket16@example.com,0646684509,
CMP8392,Vuma Winter Promo,Vuma,947,EC,2026-05-14,2026-05-22,159,156,391452.31,vuma83@example.com,0651097823, active 
CMP3076,Checkers Winter Promo,Checkers,YFM,KZN,2026-02-13,2026-02-22,67,55,86714.57,checkers71@example.com,0689015664,COMPLETED
CMP3234,Toyota Winter Promo,Toyota,Jacaranda,KZN,2026-02-17,2026-03-01,172,175,32865,toyota92@example.com,0715373627,COMPLETED
CMP1463,Shoprite Winter Promo,Shoprite,Jacaranda,EC,02/01/2026,2026-01-15,62,57,298529.58,shoprite33@example.com,0794468499,Completed
CMP4957,Toyota Winter Promo,Toyota,Ukhozi FM,KZN,2026-04-30,2026-05-12,130,119,184951.46,toyota92@example.com,0823683872, active 
CMP1930,Shoprite Winter Promo,Shoprite,Ukhozi FM,WC,2026-03-04,2026-03-18,88,,100991.31,shoprite68@example.com,0848409472,Completed
CMP5405,Money Market Winter Promo,Money Market,Kaya FM,KZN,2026-03-26,2026-03-31,157,148,215072.9,moneymarket43@example.com,08419817,COMPLETED
CMP3028,Money Market Winter Promo,Money Market,Metro FM,EC,2026-04-19,2026-05-13,103,90,131501.16,moneymarket64@example.com,0755970663,Completed
CMP7175,Shoprite Winter Promo,Shoprite,Kaya FM,Gauteng,2026-03-06,2026-03-14,73,76,323472.77,shoprite88@example.com,0669912626,
CMP9570,Coke Winter Promo,coke,Metro FM,EC,2026-05-19,2026-06-18,82,82,223566.71,coke29@example.com,0764757965,Completed
CMP5950,Money Market Winter Promo,Money Market,Metro FM,EC,2026-06-21,2026-07-20,104,106,197086.96,moneymarket65example.com,0711833987,Active
CMP8071,Shoprite Winter Promo,Shoprite,Jacaranda,Gauteng,2026-03-16,2026-03-31,116,,471985.22,shoprite2@example.com,0717706774,Completed
CMP1774,Vuma Winter Promo,Vuma,Metro FM,KZN,2026-01-11,2026-02-05,26,31,475876,vuma96@example.com,0829232909,Completed
CMP2541, Coke Winter Promo ,Coke,Metro FM,WC,2026-05-12,2026-06-10,180,175,382301.41,coke4@example.com,0714399701, active 
CMP9331,Money Market Winter Promo,Money Market,YFM,Gauteng,2026-03-15,2026-04-02,107,107,421931.01,moneymarket50@example.com,0674523201,
CMP5529,Toyota Winter Promo,Toyota,YFM,WC,2026-04-09,2026-04-30,181,172,356190.84,toyota56@example.com,0654431172,Completed
CMP6146, Vuma Winter Promo ,Vuma,947,Gauteng,2026-05-27,2026-06-07,122,109,90900.56,vuma37@example.com,0845900220,Paused
CMP6025,Toyota Winter Promo,Toyota,YFM,KZN,2026-05-05,2026-05-31,188,182,269567.62,toyota41@example.com,0621513141,
CMP3043,Coke Winter Promo,Coke,Metro FM,WC,2026-02-08,2026-02-24,127,116,390201.7,coke54@example.com,08459700,Completed
CMP9740,Shoprite Winter Promo,Shoprite,Kaya FM,EC,2026-06-03,2026-06-19,40,45,127698.28,shoprite55@example.com,0732355906, active 
CMP8671,Coke Winter Promo,Coke,Ukhozi FM,KZN,2026-06-08,2026-07-07,152,146,458174.29,coke74@example.com,0792732251,
CMP5999,Money Market Winter Promo,Money Market,Metro FM,Gauteng,2026-06-30,2026-07-05,22,22,33858.52,moneymarket33@example.com,0815954073,Active
CMP1487,Vuma Winter Promo,vuma,947,WC,2026-05-22,2026-06-13,70,58,226772.08,vuma68@example.com,0866697191,Active
CMP9036, Toyota Winter Promo ,toyota,YFM,EC,2026-04-21,2026-05-17,111,114,364364.71,toyota99@example.com,0733498459,Paused
CMP3190,Vuma Winter Promo,Vuma,YFM,Gauteng,2026-06-25,2026-07-11,77,69,261675.84,vuma79@example.com,0842051668,Active
CMP7159,Vuma Winter Promo,Vuma,Jacaranda,EC,2026-04-12,2026-05-05,177,168,436491.92,vuma75@example.com,0877215779,COMPLETED
CMP7322,Money Market Winter Promo,Money Market,Metro FM,EC,2026-01-09,2026-01-20,146,148,438426.21,moneymarket54@example.com,0705405661,Active
CMP1030,Money Market Winter Promo,Money Market,Ukhozi FM,WC,2026-01-07,2026-01-16,54,57,336473.24,moneymarket21@example.com,0835414419,Paused
CMP5278,Money Market Winter Promo,Money Market,YFM,Gauteng,2026-01-16,2026-01-21,171,162,326026.22,moneymarket54@example.com,0603222311,Completed
CMP3560,Money Market Winter Promo,Money Market,Metro FM,KZN,2026-01-03,2026-01-20,190,180,387178.04,moneymarket7@example.com,08743090,COMPLETED
CMP3721,Vuma Winter Promo,Vuma,Kaya FM,EC,2026-02-05,2026-02-28,56,57,103213.34,vuma69@example.com,07651908,Paused
CMP7890,Money Market Winter Promo,Money Market,Metro FM,Gauteng,2026-01-13,2026-01-27,99,85,240912.17,moneymarket71example.com,0865232770,
CMP3015,Toyota Winter Promo,Toyota,947,EC,2026-04-09,2026-05-02,31,29,66123.27,toyota96@example.com,0726690389,Completed
CMP4121, Toyota Winter Promo ,Toyota,YFM,KZN,2026-02-12,2026-03-11,136,126,68913.91,toyota33example.com,0673961938,Paused
CMP1528,Shoprite Winter Promo,Shoprite,Metro FM,EC,2026-03-29,2026-04-28,80,81,107842.41,shoprite98@example.com,0807404976,
CMP8427,Checkers Winter Promo,Checkers,Kaya FM,EC,05/04/2026,2026-05-02,20,18,450028.93,checkers55@example.com,0808254332, active 
CMP4003,Vuma Winter Promo,Vuma,Jacaranda,EC,2026-05-24,2026-06-15,162,,372866.16,vuma94@example.com,0743032149,Completed
CMP8163,Coke Winter Promo,Coke,Jacaranda,WC,2026-04-03,2026-04-29,186,179,369170.2,coke78@example.com,0809679360, active 
CMP9651,Vuma Winter Promo,Vuma,Metro FM,EC,2026-03-13,2026-03-19,150,145,351904.82,vuma44@example.com,0634862138,Paused
CMP6299,Toyota Winter Promo,Toyota,Kaya FM,Gauteng,2026-02-15,2026-03-15,190,182,53034.73,toyota22@example.com,0758254306,Active
CMP9358, Vuma Winter Promo ,Vuma,Ukhozi FM,KZN,2026-06-23,2026-07-04,174,162,121836.32,vuma7@example.com,0821887004, active 
CMP8792,Shoprite Winter Promo,Shoprite,Kaya FM,Gauteng,2026-05-29,2026-06-03,34,38,287369.29,shoprite89@example.com,0799354055,COMPLETED
CMP3752,Money Market Winter Promo,Money Market,Kaya FM,KZN,2026-02-26,2026-03-20,81,70,209665.11,moneymarket12@example.com,0605962299,Paused
CMP2772, Checkers Winter Promo ,Checkers,947,WC,22/06/2026,2026-07-17,93,98,36331.56,checkers68example.com,07475522,Paused
CMP7113,Money Market Winter Promo,Money Market,Kaya FM,KZN,2026-03-22,2026-04-19,107,100,366111.36,moneymarket16@example.com,0821303529,Completed
CMP3465,Vuma Winter Promo,Vuma,Jacaranda,KZN,2026-05-31,2026-06-24,197,192,147500.86,vuma65@example.com,0748758498,Active
CMP7266,Shoprite Winter Promo,Shoprite,Jacaranda,EC,2026-02-15,2026-03-09,108,107,342132.17,shoprite80@example.com,0663297815,Paused
CMP3307,Toyota Winter Promo,Toyota,YFM,EC,2026-06-22,2026-07-12,148,141,291499.46,toyota78@example.com,0623789672,Paused
CMP6258,Shoprite Winter Promo,Shoprite,947,EC,2026-01-31,2026-02-28,40,39,402420.25,shoprite56@example.com,0832109865,Completed
CMP9242,Checkers Winter Promo,Checkers,Ukhozi FM,KZN,2026-05-29,2026-06-19,40,35,467682.92,checkers52@example.com,0831767057,Completed
CMP2618,Coke Winter Promo,Coke,Metro FM,EC,2026-03-15,2026-04-02,118,107,232992.78,coke26@example.com,07184927, active 
CMP8828,Coke Winter Promo,Coke,Kaya FM,Gauteng,2026-01-29,2026-02-09,174,162,52550.25,coke50@example.com,0655024395,COMPLETED
CMP6620, Toyota Winter Promo ,Toyota,Metro FM,KZN,2026-04-06,2026-04-23,194,190,261601.46,toyota73@example.com,0726761164,COMPLETED
CMP8165,Coke Winter Promo,Coke,Kaya FM,Gauteng,2026-03-27,2026-04-01,59,59,132144.32,coke84example.com,0643386471,Active
CMP8843,Vuma Winter Promo,Vuma,Ukhozi FM,EC,2026-05-14,2026-06-01,158,160,311413.48,vuma10@example.com,0665970156,Completed
CMP2676,Coke Winter Promo,Coke,Jacaranda,KZN,2026-04-30,2026-05-07,125,114,59911.52,coke35@example.com,0786687363,Active
CMP4639, Vuma Winter Promo ,Vuma,Kaya FM,Gauteng,2026-03-30,2026-04-10,89,89,204705.17,vuma38@example.com,07661397,Completed
CMP4766,Shoprite Winter Promo,Shoprite,Metro FM,KZN,2026-03-14,2026-03-21,30,35,100967.12,shoprite1@example.com,07641139,Paused
CMP3907,Toyota Winter Promo,Toyota,947,WC,2026-05-28,2026-06-22,123,,356946.61,toyota31@example.com,0687479559, active 
CMP8994,Vuma Winter Promo,Vuma,Kaya FM,WC,2026-05-26,2026-06-24,196,193,164128.9,vuma20@example.com,0641667488,Paused
CMP5840,Toyota Winter Promo,Toyota,YFM,KZN,2026-06-29,2026-07-29,152,146,411460.1,toyota17@example.com,0613222067,
CMP8837,Money Market Winter Promo,Money Market,Kaya FM,Gauteng,2026-02-25,2026-03-03,70,59,38028.22,moneymarket67example.com,0647567640,
CMP5404, Coke Winter Promo ,Coke,Kaya FM,Gauteng,2026-03-06,2026-03-14,147,148,323431.05,coke26@example.com,0851174543,Active
CMP8422,Toyota Winter Promo,Toyota,Ukhozi FM,WC,2026-02-13,2026-03-06,163,154,300620.28,toyota6@example.com,0715152577,
CMP4319,Toyota Winter Promo,Toyota,947,Gauteng,2026-02-23,2026-03-21,117,111,182167.42,toyota80@example.com,0736489614,
CMP1566,Checkers Winter Promo,Checkers,YFM,WC,2026-06-06,2026-06-20,172,161,58685.06,checkers56@example.com,0795331371,
CMP3503,Shoprite Winter Promo,Shoprite,947,EC,2026-05-03,2026-05-25,106,105,405297.08,shoprite35@example.com,0748299954,Paused
CMP8240,Vuma Winter Promo,Vuma,947,Gauteng,2026-02-04,2026-02-27,135,135,151663.56,vuma11@example.com,0685404920, active 
CMP6491,Vuma Winter Promo,Vuma,Jacaranda,EC,2026-06-30,2026-07-16,48,36,305504.35,vuma75@example.com,0897091980,Active
CMP2070,Toyota Winter Promo,Toyota,YFM,KZN,2026-06-22,2026-07-04,63,65,55860.41,toyota17@example.com,0668901976, active 
CMP3165,Vuma Winter Promo,Vuma,YFM,Gauteng,02/02/2026,2026-02-10,148,137,390268.53,vuma20example.com,0719144740,Completed
CMP6974,Shoprite Winter Promo,Shoprite,Jacaranda,Gauteng,2026-03-15,2026-04-05,95,99,495983.95,shoprite79@example.com,0653258996, active 
CMP8094,Checkers Winter Promo,Checkers,YFM,WC,2026-05-27,2026-06-18,116,106,101499.17,checkers41@example.com,0847932836,
CMP6737,Toyota Winter Promo,Toyota,Jacaranda,WC,2026-03-21,2026-03-27,120,113,377053.61,toyota56@example.com,0717941922,Completed
CMP1244,Checkers Winter Promo,Checkers,Jacaranda,EC,2026-06-09,2026-06-28,31,23,360345.58,checkers21example.com,0737973132,
CMP4527,Money Market Winter Promo,Money Market,Metro FM,Gauteng,2026-02-01,2026-02-18,70,65,399929.62,moneymarket88@example.com,0624211561,
CMP6857,Vuma Winter Promo,Vuma,Metro FM,Gauteng,2026-03-15,2026-03-30,51,41,227431.32,vuma92@example.com,0881258436,COMPLETED
CMP9023,Toyota Winter Promo,Toyota,Jacaranda,Gauteng,2026-01-05,2026-01-29,52,45,253303.72,toyota46@example.com,0637623129,
CMP9212,Money Market Winter Promo,Money Market,947,Gauteng,2026-04-20,2026-04-27,94,85,203980.85,moneymarket65@example.com,0685465027,Active
CMP7589,Coke Winter Promo,Coke,Metro FM,WC,25/03/2026,2026-04-18,172,166,405633.97,coke3@example.com,0718989057,
CMP4988,Checkers Winter Promo,Checkers,Jacaranda,KZN,2026-06-14,2026-07-03,82,81,235198.11,checkers69@example.com,0712716451,Active
CMP9654,Coke Winter Promo,Coke,Kaya FM,KZN,2026-05-17,2026-05-23,39,25,280072.45,coke23@example.com,0745629447,Paused
CMP4564,Shoprite Winter Promo,Shoprite,Kaya FM,KZN,26/03/2026,2026-04-16,72,60,232594.33,shoprite31@example.com,0899356369, active 
CMP7667,Coke Winter Promo,Coke,Ukhozi FM,Gauteng,2026-05-30,2026-06-14,94,83,32172.75,coke55@example.com,0768187875, active 
CMP3803,Coke Winter Promo,Coke,Jacaranda,WC,2026-05-08,2026-05-18,141,130,193156.72,coke71@example.com,0738292105,Completed
CMP7987,Checkers Winter Promo,Checkers,Ukhozi FM,KZN,2026-06-03,2026-06-21,141,130,379949.13,checkers95@example.com,0705854386,Paused
CMP1034,Toyota Winter Promo,Toyota,Jacaranda,KZN,2026-02-05,2026-03-03,176,166,,toyota4@example.com,0728663297,Active
CMP2552, Coke Winter Promo ,Coke,Jacaranda,KZN,2026-04-06,2026-04-26,132,130,302914.32,coke60@example.com,0826573603,Paused
CMP1949, Shoprite Winter Promo ,Shoprite,947,EC,2026-01-21,2026-02-12,190,183,482051.06,shoprite38@example.com,0772637131,Completed
CMP5107,Money Market Winter Promo,Money Market,947,WC,2026-06-17,2026-06-26,112,97,225855.4,moneymarket9@example.com,08394260,Active
CMP9412, Money Market Winter Promo ,Money Market,Ukhozi FM,WC,03/04/2026,2026-04-11,28,20,225012.52,moneymarket74@example.com,0745549024, active 
CMP9510, Money Market Winter Promo ,Money Market,947,EC,2026-06-06,2026-07-02,98,90,484364.39,moneymarket5@example.com,0897759961,
CMP3332, Checkers Winter Promo ,Checkers,Jacaranda,EC,2026-05-21,2026-06-15,49,52,405137.44,checkers2@example.com,0722080013,COMPLETED
CMP8726,Checkers Winter Promo,Checkers,Metro FM,EC,2026-03-01,2026-03-08,94,94,453802.25,checkers30@example.com,0722162104,COMPLETED
CMP8642,Toyota Winter Promo,Toyota,YFM,EC,2026-02-09,2026-03-07,53,57,97576.29,toyota22@example.com,0695757397,Paused
CMP2207,Checkers Winter Promo,Checkers,YFM,WC,2026-03-29,2026-04-16,78,76,297544.09,checkers64@example.com,0673585124,Paused
CMP4223,Coke Winter Promo,Coke,Kaya FM,Gauteng,2026-04-16,2026-04-22,141,132,11276.45,coke32@example.com,0678261263,
CMP8347,Shoprite Winter Promo,shoprite,Kaya FM,Gauteng,2026-06-27,2026-07-15,91,83,155167.61,shoprite13@example.com,0617055993, active 
CMP1610,Toyota Winter Promo,Toyota,Jacaranda,Gauteng,2026-03-03,2026-03-13,137,124,345910.28,toyota30@example.com,0776525562,Paused
CMP6557,Toyota Winter Promo,Toyota,Jacaranda,WC,2026-01-12,2026-02-09,117,108,228012.79,toyota56@example.com,0823485372,COMPLETED
CMP3747,Checkers Winter Promo,Checkers,Jacaranda,WC,2026-04-19,2026-05-15,33,,418047.35,checkers23@example.com,0674301265,COMPLETED
CMP4721,Toyota Winter Promo,toyota,Kaya FM,WC,15/03/2026,2026-04-10,92,95,215237,toyota27@example.com,0704674350, active 
CMP1346,Checkers Winter Promo,Checkers,Metro FM,KZN,2026-02-12,2026-02-23,87,76,411354.94,checkers72@example.com,0723462810,COMPLETED
CMP9772,Money Market Winter Promo,Money Market,947,Gauteng,2026-03-22,2026-04-06,159,149,115584.64,moneymarket94@example.com,0782509158,Paused
CMP3759,Vuma Winter Promo,Vuma,Kaya FM,Gauteng,2026-01-27,2026-02-22,20,,220065.58,vuma50@example.com,0826080497,Completed
CMP2771,Coke Winter Promo,Coke,Kaya FM,Gauteng,2026-04-27,2026-05-09,178,179,293023.93,coke11@example.com,0725726484, active 
CMP8387,Checkers Winter Promo,Checkers,Jacaranda,EC,2026-01-28,2026-02-12,33,22,229521.46,checkers12@example.com,0633261397,COMPLETED
CMP2204,Toyota Winter Promo,Toyota,Jacaranda,EC,2026-02-24,2026-03-03,82,77,44713.11,toyota6@example.com,0868284578,Completed
CMP6849,Toyota Winter Promo,Toyota,Metro FM,EC,2026-01-18,2026-01-24,155,141,248364.48,toyota28@example.com,0609187496,Paused
CMP2298,Coke Winter Promo,Coke,Metro FM,EC,2026-04-01,2026-04-16,75,77,16190.94,coke62example.com,0892754025,Active
CMP8382,Money Market Winter Promo,Money Market,947,KZN,17/06/2026,2026-06-30,159,159,287100.74,moneymarket54@example.com,0853834502,COMPLETED
CMP6141, Coke Winter Promo ,Coke,947,Gauteng,2026-03-06,2026-03-15,57,44,235248.45,coke82example.com,0759145463,Paused
CMP8218,Money Market Winter Promo,Money Market,Metro FM,EC,2026-04-08,2026-04-21,25,27,54558.6,moneymarket88@example.com,06950091,
CMP1843,Toyota Winter Promo,Toyota,947,Gauteng,2026-03-27,2026-04-23,78,68,398330.09,toyota14@example.com,0837135574,COMPLETED
CMP7279,Checkers Winter Promo,Checkers,Ukhozi FM,WC,11/02/2026,2026-03-04,46,33,434097.09,checkers76@example.com,0765653168,Active
CMP3652, Money Market Winter Promo ,Money Market,Jacaranda,EC,2026-05-07,2026-05-29,194,179,335572.73,moneymarket10@example.com,0831762398,
CMP8271,Shoprite Winter Promo,Shoprite,947,Gauteng,09/02/2026,2026-03-01,60,61,221711.09,shoprite37example.com,0744652189,Completed
CMP3658,Shoprite Winter Promo,Shoprite,YFM,EC,2026-06-29,2026-07-07,91,80,156371.27,shoprite4@example.com,08077339,Completed
CMP5971,Money Market Winter Promo,Money Market,Ukhozi FM,WC,21/05/2026,2026-06-08,64,65,316449.43,moneymarket77@example.com,0692767034,Completed
CMP7492,Vuma Winter Promo,Vuma,Ukhozi FM,Gauteng,2026-01-22,2026-02-13,125,,455024.33,vuma74@example.com,0884957580,
CMP7216,Money Market Winter Promo,Money Market,YFM,EC,2026-01-02,2026-01-15,63,63,465195.3,moneymarket83@example.com,08511303, active 
CMP8972,Checkers Winter Promo,Checkers,Kaya FM,EC,2026-02-11,2026-03-08,43,33,,checkers60@example.com,0895859923,Active
CMP2758,Vuma Winter Promo,Vuma,Metro FM,WC,2026-06-28,2026-07-18,102,93,120094.51,vuma70@example.com,0711478905,
CMP1773,Checkers Winter Promo,Checkers,YFM,KZN,2026-02-04,2026-02-23,89,79,447089.54,checkers29@example.com,0776127064, active 
CMP3862,Toyota Winter Promo,Toyota,Kaya FM,Gauteng,2026-02-04,2026-02-26,115,104,321391.98,toyota30@example.com,0665554069,Paused
CMP5496,Money Market Winter Promo,Money Market,Jacaranda,WC,2026-06-14,2026-07-10,155,144,13702.27,moneymarket49@example.com,0604745169,Active
CMP4796,Shoprite Winter Promo,Shoprite,Kaya FM,WC,2026-04-20,2026-05-20,127,116,,shoprite89@example.com,0646902268,
CMP5529,Shoprite Winter Promo,Shoprite,Metro FM,KZN,2026-03-18,2026-04-09,48,50,209335.87,shoprite16@example.com,0687381714, active 
CMP9318,Toyota Winter Promo,Toyota,YFM,Gauteng,2026-01-21,2026-02-19,60,,225840.42,toyota63@example.com,0658198632,
CMP1206,Coke Winter Promo,Coke,Kaya FM,Gauteng,2026-02-26,2026-03-07,145,140,134229.67,coke64@example.com,0686299091,Paused
CMP4528,Toyota Winter Promo,Toyota,Ukhozi FM,WC,2026-04-12,2026-04-17,22,,365889.23,toyota95@example.com,0694673178,Completed
CMP7196,Money Market Winter Promo,Money Market,Ukhozi FM,KZN,2026-03-09,2026-04-01,111,99,454843.15,moneymarket45@example.com,0617458186,Active
CMP9457,Toyota Winter Promo,Toyota,Metro FM,EC,2026-04-03,2026-04-11,181,171,84129.23,toyota81@example.com,0877525583,
CMP5625, Toyota Winter Promo ,Toyota,Ukhozi FM,KZN,12/06/2026,2026-06-26,187,188,42387.63,toyota24@example.com,08913795,COMPLETED
CMP5168,Money Market Winter Promo,Money Market,947,Gauteng,2026-02-01,2026-02-27,76,78,70445.45,moneymarket33@example.com,0669087158,Paused
CMP1063, Toyota Winter Promo ,Toyota,Ukhozi FM,KZN,2026-04-19,2026-05-07,89,87,162471.49,toyota39@example.com,0731477831,Active
CMP9046,Coke Winter Promo,Coke,947,Gauteng,2026-01-05,2026-01-24,68,73,13890.33,coke81@example.com,0757189765,Active
CMP4462,Money Market Winter Promo,Money Market,YFM,Gauteng,2026-06-14,2026-07-13,168,170,309017.43,moneymarket76@example.com,0735457476,
CMP5191,Money Market Winter Promo,Money Market,947,Gauteng,2026-06-11,2026-06-29,155,155,190983.28,moneymarket54@example.com,0778079886,Paused
CMP9641,Vuma Winter Promo,Vuma,Jacaranda,Gauteng,23/06/2026,2026-07-12,107,102,181161.42,vuma88@example.com,0633888287, active 
CMP8063,Checkers Winter Promo,Checkers,Kaya FM,KZN,2026-05-04,2026-05-24,104,94,217449.63,checkers69@example.com,0768536982, active 
CMP9058,Vuma Winter Promo,vuma,Jacaranda,KZN,2026-06-28,2026-07-15,79,70,262864.46,vuma75@example.com,0747382641,COMPLETED
CMP1574,Shoprite Winter Promo,Shoprite,Metro FM,KZN,2026-06-17,2026-06-28,108,112,188179.96,shoprite22@example.com,0664694271, active 
CMP9749,Checkers Winter Promo,Checkers,Metro FM,EC,19/01/2026,2026-02-03,168,171,239303.93,checkers9@example.com,0804063870,
CMP4949,Vuma Winter Promo,Vuma,Kaya FM,KZN,2026-04-02,2026-04-26,112,114,235509.38,vuma18@example.com,0691075823, active 
CMP1433,Coke Winter Promo,Coke,Metro FM,Gauteng,2026-04-23,2026-05-20,126,111,374079.95,coke87@example.com,0636260882,Completed
CMP5409,Coke Winter Promo,Coke,YFM,WC,02/01/2026,2026-01-22,158,158,,coke79@example.com,0721589612,Active
CMP1955,Money Market Winter Promo,Money Market,Kaya FM,WC,13/03/2026,2026-03-22,40,34,177228.73,moneymarket8@example.com,0694370819, active 
CMP8134, Money Market Winter Promo ,Money Market,YFM,WC,2026-04-08,2026-04-30,108,109,422533.37,moneymarket77@example.com,07462496,COMPLETED
CMP3499,Checkers Winter Promo,Checkers,Kaya FM,Gauteng,2026-05-21,2026-05-29,135,122,61320.61,checkers87@example.com,0649765756,Active
CMP2431,Checkers Winter Promo,Checkers,Jacaranda,WC,2026-01-01,2026-01-21,111,108,333984.18,checkers18@example.com,0686573075,Paused
CMP5265,Shoprite Winter Promo,Shoprite,Jacaranda,WC,2026-05-18,2026-05-31,169,156,233109.69,shoprite25@example.com,0817790446,Paused
CMP5514,Vuma Winter Promo,Vuma,947,WC,2026-01-07,2026-01-29,171,174,54317.37,vuma31@example.com,0803659449, active 
CMP8839,Toyota Winter Promo,Toyota,YFM,EC,2026-04-02,2026-04-30,67,66,435458.91,toyota59@example.com,0827311704,
CMP5857,Toyota Winter Promo,Toyota,Ukhozi FM,WC,2026-03-07,2026-04-04,164,165,372708.79,toyota50@example.com,0814403887,COMPLETED
CMP9334,Coke Winter Promo,Coke,Ukhozi FM,WC,05/03/2026,2026-03-21,149,143,46406.98,coke47example.com,0872725089,Completed
CMP9392,Vuma Winter Promo,Vuma,Metro FM,EC,2026-03-23,2026-04-02,47,50,19187.37,vuma93@example.com,0659259225,Paused
CMP3621,Vuma Winter Promo,Vuma,Ukhozi FM,EC,03/04/2026,2026-04-13,136,130,434614.1,vuma59@example.com,0667908777,
CMP6169,Toyota Winter Promo,Toyota,Ukhozi FM,EC,2026-06-12,2026-07-08,21,20,184154.98,toyota80@example.com,0819396209,Active
CMP9416,Vuma Winter Promo,vuma,YFM,WC,19/04/2026,2026-05-17,29,22,249960.11,vuma76@example.com,0724857026,Paused
CMP4918,Toyota Winter Promo,Toyota,947,KZN,2026-01-09,2026-02-04,138,138,331434.2,toyota68@example.com,0768930494, active 
CMP5143,Toyota Winter Promo,Toyota,YFM,Gauteng,2026-02-04,2026-02-25,155,146,29554.03,toyota80@example.com,0608197658,COMPLETED
CMP3925,Shoprite Winter Promo,Shoprite,Metro FM,EC,2026-01-12,2026-02-10,159,,331136.24,shoprite31@example.com,0689295876,Completed
CMP3934,Vuma Winter Promo,Vuma,Ukhozi FM,KZN,2026-03-23,2026-04-11,125,,166506.48,vuma25@example.com,0688801942,COMPLETED
CMP6582,Vuma Winter Promo,Vuma,YFM,EC,2026-04-08,2026-05-04,81,78,329355.93,vuma90@example.com,0899109470,Paused
CMP9000, Vuma Winter Promo ,Vuma,YFM,WC,2026-05-17,2026-06-01,150,143,183041.13,vuma28@example.com,0828991007,COMPLETED
CMP5537,Vuma Winter Promo,Vuma,Kaya FM,EC,27/01/2026,2026-02-11,84,83,167347.45,vuma1@example.com,0748494969, active 
CMP3231,Coke Winter Promo,coke,YFM,Gauteng,2026-03-15,2026-03-22,150,,440232.39,coke54@example.com,0604854611,
CMP2067,Vuma Winter Promo,Vuma,Metro FM,Gauteng,2026-04-19,2026-05-19,155,144,499383.27,vuma87@example.com,0624511549,
CMP8389,Checkers Winter Promo,Checkers,Jacaranda,Gauteng,2026-03-02,2026-03-07,123,116,333921.94,checkers22@example.com,0733189714,COMPLETED
CMP7114,Vuma Winter Promo,Vuma,947,KZN,2026-06-17,2026-06-30,30,23,374150.23,vuma91@example.com,0613339445,COMPLETED
CMP2000,Money Market Winter Promo,Money Market,Jacaranda,WC,2026-02-19,2026-03-15,25,18,460230.11,moneymarket61@example.com,0608998219,Active
CMP8965,Coke Winter Promo,Coke,YFM,EC,2026-01-18,2026-02-04,151,146,335209.06,coke73@example.com,08950077,Completed
CMP3692,Money Market Winter Promo,Money Market,Jacaranda,EC,2026-06-08,2026-06-16,38,26,426917.45,moneymarket42@example.com,0659305623, active 
CMP1136,Money Market Winter Promo,Money Market,Jacaranda,EC,2026-03-18,2026-03-31,146,138,465649.01,moneymarket84@example.com,0874717161, active 
CMP9399,Toyota Winter Promo,Toyota,947,Gauteng,2026-03-20,2026-04-07,193,194,338369.7,toyota57example.com,0671509975,Completed
CMP9016,Shoprite Winter Promo,Shoprite,Ukhozi FM,Gauteng,22/06/2026,2026-06-30,47,33,427820.17,shoprite29@example.com,0702297837,Paused
CMP2985,Shoprite Winter Promo,Shoprite,947,Gauteng,2026-01-07,2026-01-29,194,188,316938.17,shoprite45@example.com,0686745950,Active
CMP3039,Vuma Winter Promo,Vuma,YFM,KZN,2026-06-07,2026-07-04,82,83,486549.32,vuma78@example.com,0826108999,Paused
CMP5082,Shoprite Winter Promo,Shoprite,947,KZN,2026-02-08,2026-02-23,87,,467100.3,shoprite55@example.com,0849157949,
CMP4284, Money Market Winter Promo ,Money Market,947,KZN,2026-05-10,2026-05-18,95,85,104799.75,moneymarket86@example.com,0721872874,Completed
CMP2887,Shoprite Winter Promo,Shoprite,Metro FM,EC,2026-05-27,2026-06-04,40,27,322737.81,shoprite92@example.com,0825457249,Active
CMP1780, Checkers Winter Promo ,Checkers,Ukhozi FM,Gauteng,2026-03-04,2026-04-01,156,156,160999.15,checkers13@example.com,0746086534, active 
CMP6325,Vuma Winter Promo,Vuma,Metro FM,EC,2026-02-20,2026-03-06,47,37,446986.39,vuma59@example.com,0817275550,Completed
CMP3101,Shoprite Winter Promo,Shoprite,Jacaranda,KZN,2026-01-15,2026-02-14,44,35,441197.89,shoprite77@example.com,0774471907, active 
CMP9102,Money Market Winter Promo,Money Market,Jacaranda,EC,2026-06-29,2026-07-04,158,160,398929.51,moneymarket98@example.com,0615396417,Completed
CMP3661,Coke Winter Promo,Coke,947,Gauteng,2026-02-28,2026-03-10,129,134,103301.33,coke83@example.com,0854749866,COMPLETED
CMP6222,Vuma Winter Promo,Vuma,Ukhozi FM,KZN,2026-06-22,2026-07-11,23,12,489509.96,vuma31@example.com,0817204942,Paused
CMP9301,Checkers Winter Promo,Checkers,947,WC,21/01/2026,2026-02-19,152,145,271014.76,checkers60@example.com,0654043477,
CMP6537,Toyota Winter Promo,Toyota,YFM,WC,2026-01-13,2026-02-05,127,,466456.51,toyota98@example.com,0846201837, active 
CMP7728,Toyota Winter Promo,Toyota,Ukhozi FM,Gauteng,2026-05-08,2026-05-13,162,155,435120.6,toyota32@example.com,0628950570,COMPLETED
CMP8120,Vuma Winter Promo,Vuma,947,WC,2026-03-08,2026-03-31,89,82,175428.12,vuma23@example.com,0796374530,
CMP9921, Toyota Winter Promo ,Toyota,YFM,WC,2026-06-16,2026-07-02,197,202,,toyota93@example.com,0749217370,Paused
CMP3465,Vuma Winter Promo,Vuma,Ukhozi FM,KZN,2026-02-05,2026-02-16,179,167,400249.57,vuma6@example.com,0787612039,Completed
CMP6483,Checkers Winter Promo,Checkers,Kaya FM,Gauteng,2026-03-27,2026-04-17,176,173,39256.02,checkers46@example.com,0672750858,COMPLETED
CMP9915,Money Market Winter Promo,Money Market,YFM,KZN,2026-02-09,2026-03-07,84,88,469611.68,moneymarket10@example.com,0697607414,COMPLETED
CMP4483,Vuma Winter Promo,Vuma,Metro FM,KZN,2026-06-23,2026-07-11,197,193,142697.6,vuma47@example.com,0832778823,
CMP3581,Coke Winter Promo,Coke,Ukhozi FM,WC,2026-01-11,2026-02-05,55,45,131876.93,coke72@example.com,0761638108, active 
CMP1439,Coke Winter Promo,Coke,Ukhozi FM,EC,2026-05-10,2026-06-08,115,104,39280.84,coke43@example.com,0679298142,Completed
CMP3368,Money Market Winter Promo,Money Market,947,WC,2026-05-18,2026-06-16,116,101,81299.08,moneymarket86@example.com,0848818887,Completed
CMP3791,Toyota Winter Promo,Toyota,947,Gauteng,2026-06-12,2026-06-29,42,35,221258.12,toyota82@example.com,0842236719,Completed
CMP8002,Coke Winter Promo,coke,Metro FM,KZN,2026-06-01,2026-06-22,186,189,80405.2,coke39@example.com,0684024886,Paused
CMP9601,Money Market Winter Promo,Money Market,YFM,KZN,2026-01-17,2026-01-31,156,157,383992.19,moneymarket75@example.com,0777535106,Paused
CMP2978,Coke Winter Promo,Coke,YFM,Gauteng,2026-05-05,2026-06-02,114,109,222125.8,coke77@example.com,0686364489,
CMP9513,Vuma Winter Promo,Vuma,Ukhozi FM,WC,2026-05-14,2026-05-22,137,131,12228.18,vuma64@example.com,06331510,COMPLETED
CMP8022,Vuma Winter Promo,Vuma,Ukhozi FM,KZN,2026-03-27,2026-04-13,76,64,382142.87,vuma20@example.com,0619351221, active 
CMP5292,Money Market Winter Promo,Money Market,Ukhozi FM,EC,2026-04-25,2026-05-05,132,131,399663.12,moneymarket55@example.com,0758306906, active 
CMP7905, Coke Winter Promo ,Coke,Ukhozi FM,KZN,2026-04-23,2026-05-01,136,141,336076.22,coke37@example.com,0872800070,Active
CMP9437,Shoprite Winter Promo,shoprite,Jacaranda,EC,2026-06-23,2026-06-29,95,81,415709.68,shoprite24example.com,0661272191,COMPLETED
CMP1604,Toyota Winter Promo,Toyota,Kaya FM,WC,2026-02-21,2026-03-22,140,128,74446.61,toyota43@example.com,0756535538,Active
CMP3033,Coke Winter Promo,Coke,947,KZN,2026-02-09,2026-02-20,157,150,405283.95,coke93@example.com,0702094481, active 
CMP3911,Coke Winter Promo,Coke,Jacaranda,EC,2026-02-15,2026-03-13,200,203,245500.6,coke77@example.com,0634167911,Active
CMP6749,Money Market Winter Promo,Money Market,Ukhozi FM,KZN,2026-06-18,2026-07-04,69,67,93971.36,moneymarket89@example.com,0809633148,
CMP2537,Coke Winter Promo,Coke,947,WC,2026-06-04,2026-06-10,195,196,392878.67,coke35@example.com,0887080228, active 
CMP2524,Coke Winter Promo,Coke,Kaya FM,WC,2026-06-27,2026-07-04,179,183,213221.08,coke64@example.com,0849172292,Completed
CMP1127,Checkers Winter Promo,Checkers,Jacaranda,Gauteng,2026-03-26,2026-04-22,22,15,468197.9,checkers6@example.com,0773568137,COMPLETED
CMP5297,Checkers Winter Promo,Checkers,Metro FM,Gauteng,2026-06-02,2026-06-26,184,170,276978.24,checkers44@example.com,0778480963,Paused
CMP2005,Money Market Winter Promo,Money Market,YFM,KZN,2026-01-18,2026-01-31,105,110,111111.21,moneymarket94@example.com,0671881622,
CMP8796,Shoprite Winter Promo,Shoprite,Metro FM,KZN,2026-06-30,2026-07-14,174,174,83743.25,shoprite74@example.com,0713485005,Paused
CMP2940,Money Market Winter Promo,Money Market,YFM,KZN,20/06/2026,2026-07-19,189,188,321453.42,moneymarket65example.com,0826418532, active 
CMP2714,Vuma Winter Promo,Vuma,Jacaranda,WC,2026-06-16,2026-06-26,46,34,274790.71,vuma26@example.com,0839233527,Active
CMP7574,Checkers Winter Promo,Checkers,Kaya FM,WC,2026-01-24,2026-01-30,58,63,54553.4,checkers5@example.com,0645389809,Active
CMP8603,Money Market Winter Promo,Money Market,Metro FM,WC,2026-04-14,2026-05-02,182,184,477356.91,moneymarket37@example.com,0844392606,Paused
CMP3606,Coke Winter Promo,Coke,YFM,WC,2026-01-31,2026-02-14,126,129,487244.87,coke13@example.com,0604025571,Active
CMP4801,Shoprite Winter Promo,Shoprite,Metro FM,KZN,2026-06-29,2026-07-26,108,97,128255.46,shoprite21@example.com,0642521656,Completed
CMP7222,Checkers Winter Promo,Checkers,Jacaranda,WC,2026-04-22,2026-05-19,178,167,65540.49,checkers29@example.com,0606304713, active 
CMP6514,Money Market Winter Promo,Money Market,947,EC,24/02/2026,2026-03-21,146,148,201317.29,moneymarket97@example.com,0771249351,
CMP5637,Toyota Winter Promo,Toyota,YFM,WC,2026-01-03,2026-01-17,108,109,59098.46,toyota24@example.com,0855506674,
CMP5309,Shoprite Winter Promo,Shoprite,Ukhozi FM,KZN,2026-03-17,2026-04-04,28,21,377063.52,shoprite23@example.com,0687838788, active 
CMP4085,Toyota Winter Promo,Toyota,947,KZN,2026-03-03,2026-04-02,101,93,398200.6,toyota86@example.com,0654836627,Active
CMP3548,Vuma Winter Promo,Vuma,947,EC,2026-03-09,2026-04-07,43,48,63168.78,vuma61@example.com,0741677365,
CMP6977,Vuma Winter Promo,Vuma,Kaya FM,KZN,2026-01-30,2026-02-06,28,24,295285.63,vuma2@example.com,0631048485, active 
CMP4691,Vuma Winter Promo,Vuma,Kaya FM,EC,2026-04-15,2026-05-12,39,25,153380.68,vuma31@example.com,0676250142,
CMP5340,Money Market Winter Promo,Money Market,Metro FM,Gauteng,2026-02-16,2026-02-23,188,184,266975.58,moneymarket17@example.com,0783215226,Completed
CMP1904, Money Market Winter Promo ,Money Market,YFM,WC,2026-05-31,2026-06-05,94,85,51456.71,moneymarket97@example.com,0692918331,Active
CMP9295,Coke Winter Promo,Coke,Jacaranda,EC,2026-05-23,2026-05-31,83,69,310671.2,coke11example.com,0677485059,Active
CMP1091, Vuma Winter Promo ,Vuma,Jacaranda,Gauteng,2026-05-11,2026-05-26,75,76,384339.84,vuma49@example.com,0702698523,COMPLETED
CMP6119,Shoprite Winter Promo,shoprite,Metro FM,Gauteng,2026-03-29,2026-04-21,91,96,216263.56,shoprite78@example.com,0818204260,Active
CMP7202,Money Market Winter Promo,Money Market,Kaya FM,KZN,2026-01-05,2026-02-02,88,74,270476.09,moneymarket52@example.com,0676762482,Active
CMP4428,Toyota Winter Promo,Toyota,Jacaranda,WC,2026-04-16,2026-04-25,86,,97034.26,toyota30@example.com,0891585887,COMPLETED
CMP4160,Money Market Winter Promo,Money Market,Metro FM,Gauteng,2026-01-22,2026-02-02,186,180,476444.44,moneymarket6@example.com,0624106028,Completed
CMP4260,Money Market Winter Promo,Money Market,Metro FM,EC,2026-03-12,2026-04-01,93,92,170775.02,moneymarket2@example.com,0772600698,Completed
CMP4810,Toyota Winter Promo,Toyota,947,Gauteng,2026-04-28,2026-05-16,83,75,286664.06,toyota36@example.com,0731303175,COMPLETED
CMP6769,Coke Winter Promo,Coke,Kaya FM,WC,2026-06-20,2026-07-01,121,110,106107.92,coke4example.com,0723914345,Paused
CMP9722,Vuma Winter Promo,Vuma,YFM,Gauteng,2026-05-17,2026-06-16,70,73,450952.35,vuma8example.com,07056735, active 
CMP1960,Checkers Winter Promo,Checkers,Metro FM,EC,2026-05-15,2026-06-06,68,60,43282.7,checkers4@example.com,0674113146,Active
CMP4447,Checkers Winter Promo,Checkers,Kaya FM,KZN,2026-02-22,2026-03-18,76,72,355499.74,checkers54@example.com,0891510197, active 
CMP9087,Checkers Winter Promo,Checkers,Kaya FM,EC,2026-06-17,2026-07-10,45,43,168893.92,checkers41example.com,0618359867, active 
CMP8978,Shoprite Winter Promo,Shoprite,947,EC,2026-03-15,2026-03-26,185,179,180185.76,shoprite15@example.com,0757727767,COMPLETED
CMP5540,Checkers Winter Promo,Checkers,YFM,KZN,2026-01-19,2026-01-27,40,41,430935.42,checkers37@example.com,0743241549,
CMP9011,Money Market Winter Promo,Money Market,Kaya FM,KZN,2026-01-28,2026-02-14,157,147,246117.95,moneymarket98@example.com,0608551846,Completed
CMP8813,Toyota Winter Promo,Toyota,947,Gauteng,04/02/2026,2026-03-05,151,138,398054.26,toyota35@example.com,06038874,Completed
CMP8342, Shoprite Winter Promo ,Shoprite,Ukhozi FM,WC,2026-01-15,2026-02-06,147,142,236652.21,shoprite64@example.com,0706742269,Active
CMP6530,Money Market Winter Promo,Money Market,Kaya FM,EC,2026-03-16,2026-03-30,136,127,179865.06,moneymarket80@example.com,06088349,
CMP9486,Checkers Winter Promo,Checkers,YFM,KZN,2026-06-28,2026-07-18,153,142,377330.52,checkers33@example.com,0829970377,Completed
CMP4710,Toyota Winter Promo,Toyota,YFM,WC,2026-01-11,2026-01-29,196,189,142744.86,toyota95@example.com,0731832909, active 
CMP5679,Shoprite Winter Promo,Shoprite,YFM,Gauteng,2026-03-01,2026-03-12,66,56,78391.8,shoprite48@example.com,0849175912,
CMP1323,Shoprite Winter Promo,Shoprite,947,EC,13/01/2026,2026-02-03,63,55,255751.74,shoprite58@example.com,0812459033,
CMP8408,Toyota Winter Promo,Toyota,YFM,KZN,2026-01-29,2026-02-20,33,23,308277.15,toyota71@example.com,0616876587,COMPLETED
CMP2561,Checkers Winter Promo,Checkers,Jacaranda,Gauteng,2026-04-29,2026-05-25,186,174,143859.55,checkers51@example.com,0821480004,Completed
CMP1212, Money Market Winter Promo ,Money Market,947,WC,2026-05-15,2026-05-30,63,58,118980.4,moneymarket97@example.com,0736122939, active 
CMP6106,Toyota Winter Promo,Toyota,947,WC,04/06/2026,2026-06-14,166,163,130978.52,toyota58@example.com,0782543540,Completed
CMP3188,Toyota Winter Promo,Toyota,Metro FM,Gauteng,2026-05-25,2026-06-05,82,87,99857.03,toyota53@example.com,0808348281, active 
CMP5910,Coke Winter Promo,Coke,Ukhozi FM,Gauteng,2026-01-06,2026-01-11,126,130,91917.7,coke80@example.com,0717881478,Paused
CMP2717,Vuma Winter Promo,vuma,947,KZN,2026-02-25,2026-03-18,35,23,21667.59,vuma96@example.com,07542145,
CMP5096,Checkers Winter Promo,Checkers,947,EC,2026-03-28,2026-04-21,132,124,37997.98,checkers13@example.com,07764022,Active
CMP6252,Toyota Winter Promo,Toyota,947,Gauteng,2026-06-18,2026-07-16,116,104,251124.09,toyota28@example.com,0712204565,
CMP3561,Shoprite Winter Promo,Shoprite,Kaya FM,WC,2026-03-06,2026-03-31,196,192,80689.34,shoprite74@example.com,0666469097, active 
CMP6734,Shoprite Winter Promo,Shoprite,Metro FM,EC,2026-02-26,2026-03-26,60,56,353334.56,shoprite12@example.com,0674199355,
CMP2958,Vuma Winter Promo,Vuma,Kaya FM,Gauteng,2026-03-15,2026-03-30,77,65,81371.89,vuma92@example.com,0725850571,Completed
CMP6883,Shoprite Winter Promo,Shoprite,Jacaranda,Gauteng,2026-05-14,2026-06-05,197,193,322189.44,shoprite81@example.com,0892262484,Active
CMP2363,Checkers Winter Promo,Checkers,Kaya FM,EC,2026-01-06,2026-02-01,43,37,33369.84,checkers71@example.com,0848352767, active 
CMP6790,Shoprite Winter Promo,Shoprite,Kaya FM,EC,2026-01-14,2026-02-06,154,143,355223.17,shoprite95example.com,0697909510,Completed
CMP7565,Vuma Winter Promo,Vuma,947,Gauteng,2026-01-26,2026-02-02,104,102,315245.79,vuma89@example.com,0793319821,Paused
CMP8873,Vuma Winter Promo,vuma,Metro FM,Gauteng,2026-04-03,2026-04-11,195,185,141517.96,vuma93@example.com,0799740194,Paused
CMP9973,Toyota Winter Promo,Toyota,YFM,WC,2026-05-26,2026-06-15,126,115,112794.77,toyota83@example.com,0613321254,
CMP6167,Coke Winter Promo,Coke,947,KZN,2026-05-13,2026-06-12,48,52,357981.94,coke55@example.com,0673002300,Paused
CMP3087,Vuma Winter Promo,Vuma,Metro FM,WC,2026-03-01,2026-03-19,53,58,232365.92,vuma4@example.com,0663849251,Active
CMP2862,Checkers Winter Promo,Checkers,Kaya FM,Gauteng,2026-06-28,2026-07-07,165,170,65630.22,checkers16@example.com,0798272138,Completed
CMP8123,Coke Winter Promo,Coke,Jacaranda,Gauteng,2026-03-06,2026-03-21,105,102,42274.74,coke71@example.com,0656124968,COMPLETED
CMP6845,Checkers Winter Promo,Checkers,Ukhozi FM,WC,2026-06-14,2026-06-20,51,44,338690.57,checkers91@example.com,0826878252,
CMP9047,Money Market Winter Promo,Money Market,Metro FM,KZN,2026-03-18,2026-04-12,97,100,451800.16,moneymarket7@example.com,0747959011,Completed
CMP2428,Coke Winter Promo,Coke,Metro FM,WC,2026-04-30,2026-05-20,171,,149473.93,coke97@example.com,0603329262,COMPLETED
CMP6977,Money Market Winter Promo,Money Market,Metro FM,EC,2026-01-14,2026-02-06,26,23,,moneymarket2@example.com,0628132975,Paused
CMP4199,Vuma Winter Promo,Vuma,Kaya FM,KZN,2026-03-21,2026-03-26,92,97,326044.13,vuma17@example.com,07541066, active 
CMP1726,Vuma Winter Promo,Vuma,Jacaranda,Gauteng,2026-04-28,2026-05-05,114,,309395.92,vuma98@example.com,0709467289,Active
CMP5578,Shoprite Winter Promo,Shoprite,YFM,KZN,2026-03-27,2026-04-13,168,159,132189.03,shoprite66@example.com,0813363347, active 
CMP1069,Coke Winter Promo,Coke,Ukhozi FM,Gauteng,2026-06-03,2026-06-16,175,,,coke67@example.com,0633085782, active 
CMP7435,Vuma Winter Promo,Vuma,YFM,KZN,2026-01-27,2026-02-17,23,24,280901.23,vuma37@example.com,0683445636,COMPLETED
CMP1525,Money Market Winter Promo,Money Market,Metro FM,Gauteng,2026-03-24,2026-04-08,65,70,285878.49,moneymarket89example.com,0688553730,Completed
CMP5965,Shoprite Winter Promo,Shoprite,Jacaranda,Gauteng,2026-01-02,2026-01-07,62,57,273761.41,shoprite65@example.com,0691974454,Paused
CMP4155, Money Market Winter Promo ,Money Market,YFM,EC,2026-06-17,2026-06-26,72,73,225405.28,moneymarket16@example.com,0889980272, active 
CMP3428,Vuma Winter Promo,Vuma,Jacaranda,EC,2026-04-07,2026-04-16,28,24,347066.83,vuma57@example.com,0756258427,Completed
CMP7800,Money Market Winter Promo,money market,YFM,WC,2026-06-05,2026-06-14,117,102,275483.73,moneymarket66@example.com,06985672,Paused
CMP7597,Vuma Winter Promo,Vuma,Ukhozi FM,WC,2026-06-28,2026-07-09,146,143,22752.69,vuma94@example.com,0791815362, active 
CMP6626, Shoprite Winter Promo ,Shoprite,Metro FM,WC,2026-02-19,2026-03-13,136,139,199803.45,shoprite35@example.com,0889433840,Active
CMP4190,Coke Winter Promo,Coke,YFM,EC,2026-05-06,2026-05-20,122,127,248809.56,coke21@example.com,0602613587,COMPLETED
CMP4547,Vuma Winter Promo,Vuma,947,Gauteng,2026-01-15,2026-01-26,159,164,137136.91,vuma5@example.com,0823805086,
CMP1049,Checkers Winter Promo,Checkers,Metro FM,EC,2026-04-10,2026-05-10,80,,22898.96,checkers33example.com,0859850646,Paused
CMP9749,Toyota Winter Promo,Toyota,Jacaranda,EC,2026-05-16,2026-05-28,158,144,12048.2,toyota10@example.com,0853129420,
CMP7758,Toyota Winter Promo,Toyota,Kaya FM,WC,20/05/2026,2026-05-30,22,9,349992.36,toyota22example.com,0619655985,
CMP4926,Coke Winter Promo,Coke,YFM,Gauteng,2026-05-20,2026-06-16,185,172,280312.95,coke37@example.com,0718838561,
CMP5885,Toyota Winter Promo,Toyota,Jacaranda,WC,2026-05-21,2026-05-27,98,90,474150.8,toyota90example.com,0817127465,
CMP3172,Checkers Winter Promo,Checkers,Jacaranda,WC,2026-01-17,2026-01-27,125,118,,checkers61@example.com,0836957389,Active
CMP4755, Checkers Winter Promo ,Checkers,Metro FM,WC,2026-04-09,2026-04-26,96,84,331389.48,checkers6@example.com,0758740790,Active
CMP1872,Checkers Winter Promo,Checkers,947,KZN,2026-05-08,2026-05-23,32,37,411586.54,checkers17@example.com,0879373783,Paused
CMP1694,Toyota Winter Promo,Toyota,Metro FM,EC,2026-02-22,2026-03-13,140,143,322963.76,toyota68@example.com,0811661963, active 
CMP5330,Shoprite Winter Promo,Shoprite,YFM,WC,2026-03-08,2026-03-26,90,78,484933.53,shoprite73@example.com,0649813967, active 
CMP4557,Checkers Winter Promo,Checkers,Metro FM,Gauteng,19/04/2026,2026-05-06,165,153,398595.53,checkers50@example.com,0609893110,Active
CMP5880,Vuma Winter Promo,Vuma,Kaya FM,Gauteng,2026-02-03,2026-03-02,50,45,392711.07,vuma70@example.com,0641958750,COMPLETED
CMP7331,Checkers Winter Promo,Checkers,Jacaranda,KZN,2026-03-08,2026-03-26,126,114,443152.46,checkers57@example.com,0698573214,Completed
CMP3580,Money Market Winter Promo,Money Market,Metro FM,KZN,2026-05-15,2026-05-25,86,,158891.54,moneymarket93@example.com,0811467491,
CMP3541,Money Market Winter Promo,Money Market,947,EC,2026-06-29,2026-07-25,53,58,278203.05,moneymarket49@example.com,0618499406,Active
CMP3284,Money Market Winter Promo,Money Market,Metro FM,WC,2026-06-19,2026-06-30,188,178,364297.28,moneymarket56@example.com,06711224,COMPLETED
CMP9633,Toyota Winter Promo,Toyota,YFM,Gauteng,16/04/2026,2026-05-10,38,32,256893.41,toyota99example.com,0836630188, active 
CMP5837,Shoprite Winter Promo,Shoprite,Metro FM,WC,2026-04-30,2026-05-16,62,,324926.47,shoprite91@example.com,0822235401,Completed
CMP1042,Vuma Winter Promo,Vuma,Jacaranda,WC,09/01/2026,2026-02-08,95,82,491913.63,vuma37@example.com,0717326614,
CMP9320,Toyota Winter Promo,Toyota,Kaya FM,KZN,2026-06-25,2026-07-17,140,136,134596.46,toyota9@example.com,0876452194, active 
CMP6778,Checkers Winter Promo,Checkers,YFM,WC,2026-03-11,2026-04-02,118,112,317263.28,checkers60@example.com,0867510879,Active
CMP7922,Shoprite Winter Promo,Shoprite,Kaya FM,Gauteng,01/03/2026,2026-03-21,114,104,319917.88,shoprite44example.com,0738586601,Paused
CMP6661, Shoprite Winter Promo ,shoprite,Ukhozi FM,KZN,2026-03-22,2026-03-27,65,67,252073.61,shoprite21@example.com,0639734391,
CMP7015,Toyota Winter Promo,Toyota,947,EC,2026-02-19,2026-03-13,57,59,281401.51,toyota11@example.com,0626663681,COMPLETED
CMP5483,Checkers Winter Promo,Checkers,Jacaranda,EC,2026-01-02,2026-01-08,55,52,195311.65,checkers97@example.com,0766764459,Active
CMP1809,Coke Winter Promo,Coke,Jacaranda,WC,2026-05-24,2026-06-11,27,20,209405.28,coke46@example.com,0843536426,Active
CMP1032,Coke Winter Promo,Coke,YFM,WC,2026-02-08,2026-02-27,23,28,58451.89,coke15@example.com,0897669309,COMPLETED
CMP5835,Money Market Winter Promo,Money Market,Kaya FM,EC,2026-04-30,2026-05-06,122,107,335671.98,moneymarket37@example.com,0729609487,Paused
CMP1320,Toyota Winter Promo,Toyota,YFM,KZN,2026-02-17,2026-03-13,71,70,288207.84,toyota36@example.com,06967450,Completed
CMP9527,Coke Winter Promo,Coke,Kaya FM,EC,2026-03-25,2026-04-05,67,56,326440.52,coke72@example.com,0817607589,COMPLETED
CMP4042,Coke Winter Promo,Coke,Kaya FM,KZN,2026-02-27,2026-03-20,160,148,156123.07,coke37@example.com,0633508189,COMPLETED
CMP2474,Money Market Winter Promo,Money Market,947,KZN,2026-01-06,2026-01-14,168,161,228284.71,moneymarket77@example.com,0788153482,Active
CMP5115,Vuma Winter Promo,Vuma,Ukhozi FM,EC,2026-02-21,2026-03-18,76,76,427342.29,vuma6example.com,0738240205, active 
CMP7359,Vuma Winter Promo,Vuma,YFM,WC,2026-02-12,2026-03-10,86,86,54643.43,vuma55@example.com,0882160146,
CMP7174,Shoprite Winter Promo,Shoprite,Metro FM,EC,2026-04-20,2026-05-16,136,136,363459.52,shoprite76@example.com,0847594122,Active
CMP8273,Toyota Winter Promo,Toyota,947,WC,2026-01-20,2026-01-25,184,181,,toyota45@example.com,0863662165,Completed
CMP1487,Shoprite Winter Promo,Shoprite,947,WC,2026-06-05,2026-06-11,194,187,97192.67,shoprite47@example.com,0881873514,
CMP5972, Toyota Winter Promo ,Toyota,Metro FM,Gauteng,04/05/2026,2026-05-30,99,84,409670.7,toyota69@example.com,0862347228,Completed
CMP5476,Money Market Winter Promo,Money Market,Ukhozi FM,Gauteng,2026-02-05,2026-02-10,90,87,,moneymarket11@example.com,0783036749,COMPLETED
CMP4303,Toyota Winter Promo,Toyota,947,KZN,01/04/2026,2026-04-11,79,74,176557.78,toyota42@example.com,0731149590,Completed
CMP8978,Checkers Winter Promo,Checkers,Jacaranda,EC,2026-04-25,2026-05-17,105,99,290127.23,checkers54example.com,0694396929,
CMP4709,Money Market Winter Promo,Money Market,YFM,Gauteng,2026-05-09,2026-05-26,161,151,266854.16,moneymarket35example.com,0741621153,Active
CMP6277,Checkers Winter Promo,Checkers,Metro FM,WC,30/03/2026,2026-04-12,117,118,489124.05,checkers2@example.com,0839453366, active 
CMP5815,Money Market Winter Promo,Money Market,Ukhozi FM,Gauteng,2026-02-08,2026-03-10,140,132,125014.23,moneymarket78example.com,0824612621,Completed
CMP3864,Vuma Winter Promo,Vuma,Kaya FM,EC,2026-04-22,2026-04-27,24,12,486684.56,vuma26@example.com,0771984443, active 
CMP8326,Shoprite Winter Promo,Shoprite,Kaya FM,EC,2026-02-26,2026-03-09,172,171,215518.29,shoprite18@example.com,06079744,Active
CMP2872,Money Market Winter Promo,Money Market,Kaya FM,WC,2026-02-02,2026-02-08,74,67,,moneymarket70@example.com,0759208085,Active
CMP8020,Toyota Winter Promo,Toyota,Ukhozi FM,Gauteng,2026-05-13,2026-05-27,69,57,,toyota21@example.com,0612572959,COMPLETED
CMP8768,Shoprite Winter Promo,Shoprite,Jacaranda,KZN,2026-03-05,2026-04-02,58,54,409625.49,shoprite24@example.com,0627913977,Active
CMP8185,Vuma Winter Promo,Vuma,Ukhozi FM,Gauteng,2026-06-10,2026-06-22,123,124,279899.05,vuma66@example.com,0649223467,COMPLETED
CMP4750, Vuma Winter Promo ,Vuma,Metro FM,EC,2026-05-21,2026-06-11,173,172,278151.19,vuma77@example.com,0708258195,
CMP2082,Vuma Winter Promo,Vuma,Metro FM,EC,2026-04-07,2026-04-12,23,10,281910.84,vuma74@example.com,0648978419,
CMP4434,Vuma Winter Promo,Vuma,Metro FM,Gauteng,2026-05-12,2026-05-24,179,174,57373.68,vuma5@example.com,0881214737,Completed
CMP4421,Vuma Winter Promo,Vuma,YFM,Gauteng,2026-02-13,2026-03-12,115,110,349929.03,vuma82@example.com,0868695412,Completed
CMP8054,Money Market Winter Promo,Money Market,947,KZN,2026-04-15,2026-05-03,78,68,11284.14,moneymarket24@example.com,0695001356,COMPLETED
CMP3307, Checkers Winter Promo ,Checkers,947,EC,2026-05-17,2026-06-12,179,171,86580.75,checkers93@example.com,0754363330, active 
CMP2743,Coke Winter Promo,Coke,Kaya FM,Gauteng,2026-04-14,2026-04-28,157,149,463810.27,coke48@example.com,0833617664,Completed
CMP1488,Shoprite Winter Promo,Shoprite,Kaya FM,Gauteng,2026-03-02,2026-03-19,188,193,443678.17,shoprite3@example.com,0755415783,COMPLETED
CMP5938,Money Market Winter Promo,money market,Metro FM,EC,2026-05-14,2026-05-22,157,149,83000.04,moneymarket77@example.com,0723490671,Completed
CMP3694,Toyota Winter Promo,Toyota,Jacaranda,EC,2026-02-23,2026-03-08,159,156,333189.8,toyota96@example.com,0783786563,Paused
CMP9914,Checkers Winter Promo,Checkers,Jacaranda,EC,2026-01-29,2026-02-05,183,185,,checkers19@example.com,0681328531,Completed
CMP8430,Toyota Winter Promo,Toyota,Ukhozi FM,Gauteng,2026-03-07,2026-03-16,48,39,445444.41,toyota66@example.com,0691302160,Completed
CMP5726,Vuma Winter Promo,Vuma,YFM,WC,2026-04-03,2026-04-20,102,95,84879.42,vuma58@example.com,0799962371,Paused
CMP5177,Vuma Winter Promo,vuma,Kaya FM,Gauteng,2026-02-26,2026-03-28,83,81,27787.67,vuma19@example.com,07549756,Active
CMP2913,Toyota Winter Promo,Toyota,Metro FM,WC,2026-04-22,2026-05-04,35,32,134718.2,toyota20@example.com,0668557022,
CMP6842,Money Market Winter Promo,Money Market,Kaya FM,WC,2026-04-03,2026-05-02,111,113,56408.13,moneymarket28@example.com,06399199, active 
CMP7308,Toyota Winter Promo,Toyota,Ukhozi FM,EC,2026-06-22,2026-06-28,31,27,317365.25,toyota42@example.com,0694682524,Active
CMP6860,Coke Winter Promo,Coke,Kaya FM,EC,2026-06-14,2026-06-30,149,148,399639.25,coke73@example.com,0862822286,Completed
CMP5956,Toyota Winter Promo,Toyota,YFM,Gauteng,2026-01-10,2026-02-07,126,123,131677.13,toyota71@example.com,0846896960, active 
CMP1512,Shoprite Winter Promo,Shoprite,Ukhozi FM,Gauteng,2026-02-18,2026-03-06,119,104,284573.56,shoprite75@example.com,0781288549,
CMP9890,Vuma Winter Promo,Vuma,Metro FM,EC,2026-06-25,2026-06-30,81,85,191145.77,vuma75@example.com,0774155774,
CMP6498,Money Market Winter Promo,Money Market,Jacaranda,KZN,2026-01-19,2026-02-04,184,179,276125.83,moneymarket62@example.com,0738799864,Completed
CMP7557,Vuma Winter Promo,Vuma,Kaya FM,WC,2026-06-04,2026-06-15,127,120,383296.78,vuma27@example.com,0834111150, active 
CMP3446,Shoprite Winter Promo,Shoprite,Metro FM,WC,2026-03-10,2026-04-05,87,83,461088.47,shoprite5@example.com,08570871, active 
CMP9258,Vuma Winter Promo,Vuma,Ukhozi FM,EC,2026-03-13,2026-03-26,193,184,65267.24,vuma46@example.com,0826748030,Paused
CMP4264,Vuma Winter Promo,Vuma,Ukhozi FM,WC,2026-01-17,2026-01-27,37,22,444970.36,vuma12@example.com,06450569,COMPLETED
CMP7050, Checkers Winter Promo ,Checkers,947,KZN,2026-02-11,2026-02-27,128,132,361785.49,checkers19@example.com,0843190220,
CMP4762,Coke Winter Promo,coke,Jacaranda,KZN,2026-03-28,2026-04-21,151,140,216912.28,coke51@example.com,0763068619,Active
CMP4313,Checkers Winter Promo,Checkers,YFM,WC,2026-02-04,2026-02-24,121,108,429399.49,checkers39@example.com,0855048513,Completed
CMP1083,Toyota Winter Promo,Toyota,Jacaranda,KZN,2026-03-04,2026-03-13,187,191,456341.08,toyota1@example.com,0758883149,COMPLETED
CMP4437,Toyota Winter Promo,Toyota,Ukhozi FM,EC,2026-01-10,2026-02-04,192,180,327798.68,toyota31@example.com,0691603638, active 
CMP2580,Coke Winter Promo,Coke,947,EC,11/03/2026,2026-04-09,151,137,278071.96,coke8@example.com,0645312434, active 
CMP7127, Shoprite Winter Promo ,Shoprite,YFM,WC,2026-03-28,2026-04-13,143,147,335135.48,shoprite78@example.com,0603633194,
CMP1023,Shoprite Winter Promo,Shoprite,Metro FM,EC,2026-05-12,2026-06-06,51,36,,shoprite54@example.com,0757675130,Completed
CMP7491,Money Market Winter Promo,Money Market,Ukhozi FM,WC,2026-03-19,2026-04-08,194,188,210435.89,moneymarket5@example.com,0878622725,
CMP1002,Shoprite Winter Promo,Shoprite,Jacaranda,EC,2026-04-22,2026-05-19,188,179,331389.64,shoprite96@example.com,0765939772,
CMP7294,Money Market Winter Promo,Money Market,947,Gauteng,2026-03-11,2026-03-29,63,68,245825.16,moneymarket97@example.com,0695093739,COMPLETED
CMP9951,Coke Winter Promo,Coke,Jacaranda,EC,2026-02-15,2026-03-16,60,58,459375.18,coke48@example.com,0607731752,
CMP1010,Toyota Winter Promo,Toyota,Metro FM,Gauteng,2026-05-01,2026-05-31,36,37,448940.11,toyota63@example.com,0656584228,
CMP4827,Toyota Winter Promo,Toyota,Kaya FM,WC,27/06/2026,2026-07-03,128,114,270192.99,toyota88@example.com,0741926128, active 
CMP6064,Checkers Winter Promo,Checkers,947,KZN,2026-06-11,2026-07-03,95,86,71965,checkers36@example.com,0662000068,Active
CMP6905,Checkers Winter Promo,checkers,947,EC,2026-03-01,2026-03-18,79,71,310897.1,checkers46@example.com,0637740873,Active
CMP4870,Coke Winter Promo,Coke,947,EC,2026-02-18,2026-03-13,90,91,105060.58,coke78@example.com,0847223681,
CMP7595, Money Market Winter Promo ,Money Market,Metro FM,EC,2026-04-26,2026-05-26,94,91,128643.34,moneymarket93@example.com,0812830324, active 
CMP3192, Money Market Winter Promo ,Money Market,Ukhozi FM,Gauteng,2026-03-29,2026-04-10,189,192,360934.41,moneymarket9@example.com,07439308, active 
CMP8466,Shoprite Winter Promo,Shoprite,Metro FM,KZN,2026-01-17,2026-02-13,86,75,453942.4,shoprite67@example.com,0865929459,Completed
CMP6991,Toyota Winter Promo,Toyota,YFM,WC,2026-03-15,2026-04-11,37,40,292674.85,toyota49@example.com,0686119675,Paused
CMP7429,Coke Winter Promo,Coke,947,Gauteng,2026-05-19,2026-05-30,110,,243159.69,coke88@example.com,0719146798,Active
CMP9358,Vuma Winter Promo,Vuma,Kaya FM,KZN,2026-01-23,2026-02-14,46,43,183345.4,vuma96@example.com,0661614391,Active
CMP5603,Shoprite Winter Promo,Shoprite,Metro FM,WC,2026-01-27,2026-02-08,62,47,499180.58,shoprite64@example.com,0841074125,COMPLETED
CMP6702,Vuma Winter Promo,vuma,947,WC,2026-06-19,2026-07-19,191,185,184410.42,vuma48@example.com,0781098221,Active
CMP8613,Checkers Winter Promo,Checkers,Ukhozi FM,Gauteng,02/03/2026,2026-03-29,196,201,263994.09,checkers79@example.com,0628007400,Paused
CMP2173,Checkers Winter Promo,Checkers,YFM,Gauteng,2026-03-11,2026-03-20,57,55,266332.42,checkers77@example.com,0603155753, active 
CMP1678,Vuma Winter Promo,Vuma,947,WC,01/01/2026,2026-01-30,76,76,,vuma49@example.com,0834494125,
CMP4923,Shoprite Winter Promo,Shoprite,YFM,KZN,2026-04-24,2026-05-12,57,47,405595.68,shoprite54@example.com,0748516859,Paused
CMP5539,Coke Winter Promo,Coke,Kaya FM,KZN,2026-01-05,2026-01-15,107,95,286992.13,coke52example.com,0845484942,Active
CMP4896,Toyota Winter Promo,Toyota,Ukhozi FM,Gauteng,2026-02-21,2026-03-12,122,118,260502,toyota76@example.com,0821032143,
CMP4185,Shoprite Winter Promo,Shoprite,Metro FM,WC,2026-01-18,2026-02-01,185,187,382089.75,shoprite64@example.com,0666050833,COMPLETED
CMP1918,Checkers Winter Promo,Checkers,Ukhozi FM,Gauteng,2026-01-02,2026-01-27,40,27,,checkers95@example.com,0625312870,Completed
CMP6979,Toyota Winter Promo,Toyota,Ukhozi FM,EC,2026-06-11,2026-06-16,108,,343225.44,toyota2example.com,0633092578,COMPLETED
CMP7162, Checkers Winter Promo ,Checkers,YFM,KZN,2026-01-29,2026-02-08,193,178,17888.8,checkers20example.com,0614070669,Paused
CMP6253, Shoprite Winter Promo ,Shoprite,Metro FM,WC,2026-01-31,2026-02-23,184,177,394771.2,shoprite15@example.com,0813621165, active 
CMP5562, Money Market Winter Promo ,Money Market,YFM,KZN,2026-05-03,2026-05-24,158,152,173007.63,moneymarket53@example.com,0643384087,COMPLETED
CMP4405,Shoprite Winter Promo,Shoprite,Jacaranda,KZN,2026-02-14,2026-03-07,26,17,152098.18,shoprite96@example.com,0609364112,Completed
CMP7101,Vuma Winter Promo,Vuma,Metro FM,EC,2026-06-20,2026-06-27,126,127,364838.16,vuma14@example.com,0851370770,Completed
CMP4183,Checkers Winter Promo,Checkers,947,WC,2026-01-07,2026-01-30,165,166,260696.03,checkers29@example.com,0882488626,
CMP2115,Shoprite Winter Promo,Shoprite,Metro FM,Gauteng,2026-04-13,2026-05-01,185,186,393876.87,shoprite8@example.com,0609161612,Completed
CMP4934,Vuma Winter Promo,Vuma,Kaya FM,KZN,2026-05-20,2026-05-25,118,112,332030.1,vuma83@example.com,0682804206, active 
CMP7995,Money Market Winter Promo,Money Market,Metro FM,KZN,2026-02-23,2026-03-22,40,44,443860.65,moneymarket2@example.com,0734087731,
CMP4523,Money Market Winter Promo,Money Market,Ukhozi FM,Gauteng,2026-01-20,2026-02-03,167,163,41578.56,moneymarket45@example.com,0871507750, active 
CMP6694, Checkers Winter Promo ,Checkers,YFM,KZN,2026-03-30,2026-04-07,92,90,408307.95,checkers22@example.com,0601833851,Completed
CMP2951,Money Market Winter Promo,Money Market,Ukhozi FM,KZN,2026-04-10,2026-04-21,76,70,142653.76,moneymarket9@example.com,0883032817,
CMP4281,Toyota Winter Promo,Toyota,Metro FM,EC,2026-06-06,2026-06-20,78,78,273982.53,toyota60@example.com,0651292263, active 
CMP5185,Checkers Winter Promo,Checkers,Kaya FM,EC,2026-04-04,2026-05-04,127,131,46398.32,checkers88@example.com,0751053754,Paused
CMP1086,Coke Winter Promo,Coke,947,WC,2026-03-25,2026-04-15,122,119,340437.08,coke51@example.com,0763621309,COMPLETED
CMP2736,Toyota Winter Promo,Toyota,Ukhozi FM,EC,2026-02-19,2026-03-15,76,78,391733.77,toyota6example.com,0836347209,COMPLETED
CMP6007,Coke Winter Promo,Coke,947,KZN,2026-01-17,2026-02-01,184,172,385951,coke40@example.com,0843664901, active 
CMP4805,Checkers Winter Promo,Checkers,Kaya FM,Gauteng,2026-04-27,2026-05-11,77,65,258008.47,checkers30@example.com,0612681743,Active
CMP5221,Coke Winter Promo,Coke,Ukhozi FM,Gauteng,2026-04-02,2026-04-07,159,157,299307.51,coke21@example.com,0831877607,Completed
CMP8499,Checkers Winter Promo,Checkers,YFM,Gauteng,2026-03-14,2026-04-08,124,118,,checkers55@example.com,0784083455,Active
CMP6310,Shoprite Winter Promo,Shoprite,Metro FM,WC,2026-04-09,2026-05-06,50,45,488497.37,shoprite96@example.com,08139598,Completed
CMP5234,Money Market Winter Promo,Money Market,Metro FM,KZN,2026-03-05,2026-03-14,144,134,115127.98,moneymarket62@example.com,0819703813,COMPLETED
CMP2153,Money Market Winter Promo,Money Market,YFM,WC,2026-01-25,2026-01-31,163,166,260505.57,moneymarket37@example.com,0783208765,Active
CMP1469,Money Market Winter Promo,Money Market,YFM,EC,2026-04-09,2026-04-30,148,143,57374.73,moneymarket52@example.com,0693015027,Paused
CMP2485,Shoprite Winter Promo,Shoprite,Metro FM,KZN,2026-02-04,2026-03-05,37,23,180689.17,shoprite15@example.com,0878880077,Paused
CMP7889,Vuma Winter Promo,Vuma,Jacaranda,WC,2026-03-05,2026-03-26,20,23,456352.24,vuma11example.com,0872949206,COMPLETED
CMP8492,Toyota Winter Promo,Toyota,947,Gauteng,2026-03-15,2026-04-08,191,176,277863.48,toyota16@example.com,0843208082,Completed
CMP6994,Shoprite Winter Promo,Shoprite,Kaya FM,WC,2026-05-11,2026-05-28,31,31,77511.25,shoprite39@example.com,0811403777, active 
CMP5576,Toyota Winter Promo,Toyota,Metro FM,KZN,2026-04-07,2026-04-22,185,187,146737.12,toyota9@example.com,0674223176,Active
CMP4691,Toyota Winter Promo,Toyota,Kaya FM,KZN,2026-04-21,2026-05-07,158,154,182240.45,toyota18@example.com,0685042695,Completed
CMP5244,Coke Winter Promo,Coke,947,Gauteng,2026-02-09,2026-03-10,89,85,,coke33@example.com,0804459946,Paused
CMP5753,Checkers Winter Promo,Checkers,YFM,WC,2026-03-15,2026-04-10,111,112,400172.29,checkers45@example.com,0652315248,
CMP2709,Checkers Winter Promo,Checkers,Kaya FM,Gauteng,2026-03-01,2026-03-23,187,192,314032.44,checkers11@example.com,0681607754,Completed
CMP5845,Toyota Winter Promo,toyota,Jacaranda,EC,2026-06-29,2026-07-13,68,73,232216.47,toyota51@example.com,06612532,
CMP2615,Coke Winter Promo,coke,Metro FM,Gauteng,2026-04-21,2026-04-29,38,,309095.85,coke98@example.com,0637472879, active 
CMP8524,Money Market Winter Promo,Money Market,YFM,Gauteng,2026-05-23,2026-05-28,175,172,164379.59,moneymarket32@example.com,0854716152,COMPLETED
CMP8623,Coke Winter Promo,Coke,Jacaranda,KZN,2026-02-13,2026-03-03,44,30,,coke22@example.com,0752691449,Completed
CMP6748,Coke Winter Promo,Coke,Kaya FM,EC,2026-03-21,2026-03-27,176,181,259107.16,coke98@example.com,0729390337,Paused
CMP9593,Vuma Winter Promo,Vuma,YFM,Gauteng,2026-04-21,2026-05-10,128,120,426420.42,vuma99@example.com,0643186757,
CMP2775,Coke Winter Promo,Coke,YFM,Gauteng,2026-06-08,2026-06-27,59,45,87852.42,coke35@example.com,06920977,Active
CMP1636,Toyota Winter Promo,Toyota,Kaya FM,KZN,26/02/2026,2026-03-10,39,32,383854.85,toyota13@example.com,0821885836,Active
CMP3851,Toyota Winter Promo,Toyota,Ukhozi FM,Gauteng,2026-06-18,2026-07-18,88,85,405174.92,toyota32@example.com,08929690,
CMP4259,Shoprite Winter Promo,shoprite,Metro FM,EC,2026-05-17,2026-05-29,167,160,489898.79,shoprite30@example.com,0686754634, active 
CMP8287,Vuma Winter Promo,Vuma,Kaya FM,EC,2026-05-02,2026-05-22,168,172,174576.94,vuma62@example.com,06459805, active 
CMP2262, Checkers Winter Promo ,Checkers,Jacaranda,KZN,2026-04-22,2026-05-18,132,127,151792.73,checkers95example.com,0674035435,COMPLETED
CMP4268,Checkers Winter Promo,Checkers,Jacaranda,KZN,2026-01-26,2026-02-07,111,,10531.01,checkers1@example.com,0609108948,COMPLETED
CMP5540,Checkers Winter Promo,Checkers,Metro FM,Gauteng,04/03/2026,2026-04-02,47,36,126806.87,checkers5example.com,0859775507,COMPLETED
CMP6576,Checkers Winter Promo,Checkers,YFM,EC,2026-05-04,2026-05-21,135,134,132216.41,checkers91@example.com,0826947472,Completed
CMP5263,Shoprite Winter Promo,Shoprite,947,WC,2026-06-03,2026-06-18,49,37,311348.31,shoprite38@example.com,0758500087, active 
CMP4477,Checkers Winter Promo,Checkers,Jacaranda,KZN,2026-03-09,2026-03-27,148,136,367728.94,checkers65@example.com,0805681115,COMPLETED
CMP3085,Shoprite Winter Promo,Shoprite,Ukhozi FM,WC,2026-01-20,2026-02-08,35,39,272306.89,shoprite2@example.com,0679361796,Completed
CMP4657,Money Market Winter Promo,Money Market,947,KZN,2026-01-25,2026-02-13,96,,359492.11,moneymarket19@example.com,0889173031,COMPLETED
CMP6725,Toyota Winter Promo,Toyota,YFM,WC,2026-04-10,2026-04-17,187,190,145849.65,toyota26@example.com,0675914673, active 
CMP8371,Vuma Winter Promo,Vuma,947,EC,2026-03-11,2026-04-03,49,,138423.46,vuma15@example.com,0651193983,Active
CMP4630, Coke Winter Promo ,Coke,YFM,KZN,2026-03-15,2026-04-09,76,76,122074.93,coke50@example.com,0602201674,Completed
CMP2855, Vuma Winter Promo ,Vuma,947,WC,2026-06-19,2026-06-30,118,104,423048.06,vuma60@example.com,0841739901,COMPLETED
CMP7790, Shoprite Winter Promo ,Shoprite,947,EC,2026-01-17,2026-02-16,72,71,178339.23,shoprite92@example.com,06519159, active 
CMP2342,Money Market Winter Promo,Money Market,947,EC,2026-05-27,2026-06-17,64,61,457402.78,moneymarket10@example.com,0806556581,
CMP4059,Checkers Winter Promo,Checkers,947,WC,2026-05-14,2026-05-19,112,104,417769.24,checkers4@example.com,0669034973,Paused
CMP6424,Shoprite Winter Promo,Shoprite,Jacaranda,KZN,2026-03-08,2026-03-22,80,85,39549.91,shoprite20@example.com,0662845182,Active
CMP2356,Toyota Winter Promo,Toyota,Jacaranda,KZN,2026-06-02,2026-06-19,182,180,477885.88,toyota86@example.com,0642945931,
CMP9437,Coke Winter Promo,Coke,Metro FM,EC,2026-01-14,2026-02-13,91,,63096.28,coke46@example.com,0691199862,
CMP9916,Shoprite Winter Promo,Shoprite,Ukhozi FM,EC,16/05/2026,2026-05-21,97,85,393283.9,shoprite32@example.com,0755974179,Active
CMP3240,Coke Winter Promo,Coke,Ukhozi FM,Gauteng,2026-01-31,2026-02-22,21,17,232860.02,coke43@example.com,0605335590,
CMP6121,Checkers Winter Promo,Checkers,YFM,EC,2026-06-15,2026-06-25,138,132,26982.37,checkers26@example.com,0663923116, active 
CMP2242,Money Market Winter Promo,Money Market,Kaya FM,Gauteng,2026-03-09,2026-03-25,80,71,229357.95,moneymarket25@example.com,0843340351,
CMP2575,Checkers Winter Promo,Checkers,Kaya FM,Gauteng,2026-01-26,2026-02-15,30,35,218143.13,checkers55@example.com,0806628820, active 
CMP6812,Toyota Winter Promo,Toyota,Jacaranda,WC,2026-05-27,2026-06-06,159,,64562.36,toyota47@example.com,0684492556,COMPLETED
CMP1883, Money Market Winter Promo ,Money Market,947,Gauteng,2026-04-18,2026-05-04,149,153,420826.97,moneymarket66@example.com,0716091553,Completed
CMP4644, Checkers Winter Promo ,Checkers,Ukhozi FM,WC,2026-05-07,2026-05-22,44,45,391754.16,checkers49@example.com,0683575897,Active
CMP4520,Toyota Winter Promo,Toyota,Ukhozi FM,WC,2026-05-11,2026-05-26,177,168,95448.86,toyota16@example.com,0756621061,Completed
CMP5704,Toyota Winter Promo,Toyota,Jacaranda,WC,2026-02-08,2026-02-15,34,34,215430.82,toyota95@example.com,0793095229,Active
CMP7013,Coke Winter Promo,Coke,Metro FM,WC,2026-04-04,2026-04-17,104,91,344515.19,coke15@example.com,0809188754,COMPLETED
CMP6320,Vuma Winter Promo,Vuma,Kaya FM,KZN,2026-05-06,2026-05-19,34,29,25371.59,vuma68@example.com,0656876522, active 
CMP5826,Toyota Winter Promo,Toyota,YFM,Gauteng,2026-04-24,2026-05-16,182,171,195222.56,toyota65@example.com,0871849808,
CMP6157,Money Market Winter Promo,Money Market,YFM,Gauteng,2026-06-12,2026-06-28,167,152,385298.6,moneymarket57@example.com,0756455445,Completed
CMP5533,Money Market Winter Promo,Money Market,Metro FM,WC,2026-05-09,2026-05-22,125,129,163379.62,moneymarket55@example.com,0714132983,Completed
CMP1271,Toyota Winter Promo,toyota,Ukhozi FM,KZN,2026-04-19,2026-05-06,176,169,,toyota29@example.com,0878809382,COMPLETED
CMP9445,Coke Winter Promo,Coke,Metro FM,WC,2026-02-19,2026-03-10,42,36,426515.92,coke25@example.com,0688538280,Completed
CMP7819,Money Market Winter Promo,Money Market,Jacaranda,KZN,2026-05-06,2026-05-15,129,133,315431.02,moneymarket7@example.com,0715837999, active 
CMP5439,Money Market Winter Promo,Money Market,Ukhozi FM,KZN,2026-01-06,2026-01-11,75,67,47107.06,moneymarket33@example.com,0617629250,COMPLETED
CMP9107,Coke Winter Promo,Coke,YFM,Gauteng,2026-02-21,2026-02-26,164,162,,coke97@example.com,0625493752, active 
CMP4493,Coke Winter Promo,Coke,947,Gauteng,2026-04-23,2026-05-19,184,184,124706.06,coke25@example.com,0689492460,COMPLETED
CMP5377,Checkers Winter Promo,Checkers,947,KZN,2026-06-21,2026-07-05,92,92,354304.41,checkers34@example.com,0715835875,Paused
CMP9868,Shoprite Winter Promo,Shoprite,Ukhozi FM,Gauteng,2026-01-14,2026-02-11,182,180,366121.05,shoprite27@example.com,0712756567,Completed
CMP7069,Money Market Winter Promo,Money Market,947,KZN,2026-03-28,2026-04-05,125,125,,moneymarket56@example.com,08216725, active 
CMP2728,Shoprite Winter Promo,Shoprite,Jacaranda,WC,2026-03-05,2026-03-24,170,168,,shoprite77@example.com,0755947539,COMPLETED
CMP2851,Toyota Winter Promo,Toyota,Metro FM,Gauteng,2026-02-01,2026-02-26,186,174,137210.86,toyota37@example.com,0886698783, active 
CMP1364,Vuma Winter Promo,Vuma,Metro FM,WC,24/03/2026,2026-04-07,54,44,188215.02,vuma60@example.com,0649041050,Completed
CMP7603,Vuma Winter Promo,vuma,947,WC,2026-04-30,2026-05-25,177,171,36115.76,vuma65@example.com,0861523101,COMPLETED
CMP5507,Vuma Winter Promo,Vuma,947,Gauteng,2026-06-06,2026-06-11,24,,454995.52,vuma84@example.com,0633209622,Completed
CMP5446,Money Market Winter Promo,Money Market,Jacaranda,Gauteng,2026-05-19,2026-05-25,125,123,21852.74,moneymarket40example.com,0779648818, active 
CMP4148,Checkers Winter Promo,Checkers,Ukhozi FM,EC,2026-04-12,2026-05-12,57,61,98208.7,checkers90@example.com,0877950235,Completed
CMP2823,Toyota Winter Promo,Toyota,Metro FM,EC,2026-04-11,2026-05-04,82,70,236061.5,toyota67@example.com,07970916, active 
CMP9979,Checkers Winter Promo,Checkers,Ukhozi FM,Gauteng,2026-06-07,2026-07-04,51,38,408442.42,checkers94@example.com,0636038844,Active
CMP4872, Money Market Winter Promo ,money market,947,Gauteng,2026-04-27,2026-05-02,156,159,389408.33,moneymarket19@example.com,0769764042,Paused
CMP8143,Toyota Winter Promo,toyota,YFM,EC,2026-04-08,2026-05-04,44,44,288446.76,toyota25@example.com,0637587092,Completed
CMP6460,Money Market Winter Promo,Money Market,947,EC,2026-04-05,2026-04-22,31,,152658.45,moneymarket61@example.com,0711211431, active 
CMP5963,Money Market Winter Promo,Money Market,YFM,Gauteng,2026-04-02,2026-04-20,40,31,350662.19,moneymarket50@example.com,0696278592,Completed
CMP5117,Vuma Winter Promo,Vuma,947,WC,2026-02-19,2026-02-25,166,167,51292.64,vuma58@example.com,0835181149,Active
CMP8994,Money Market Winter Promo,Money Market,947,KZN,2026-04-04,2026-05-02,104,89,92431.77,moneymarket70@example.com,0725502727,Paused
CMP3057, Coke Winter Promo ,Coke,Ukhozi FM,WC,08/03/2026,2026-04-04,150,153,279652.03,coke8@example.com,0716065920,Active
CMP9243,Coke Winter Promo,coke,Ukhozi FM,KZN,10/05/2026,2026-05-24,176,180,95957.24,coke82@example.com,0649372714,Completed
CMP2166,Shoprite Winter Promo,Shoprite,YFM,EC,2026-02-17,2026-03-11,33,33,377740.61,shoprite80@example.com,0658166812,Active
CMP3331,Toyota Winter Promo,Toyota,947,WC,2026-01-26,2026-02-14,116,117,499790.75,toyota9@example.com,0649512747, active 
CMP9160,Checkers Winter Promo,Checkers,Metro FM,Gauteng,2026-01-22,2026-02-17,162,153,182619.61,checkers42@example.com,0612757881,
CMP3419,Shoprite Winter Promo,Shoprite,Metro FM,WC,2026-04-05,2026-04-23,174,175,357025.18,shoprite65example.com,0791644244,COMPLETED
CMP2120, Checkers Winter Promo ,Checkers,YFM,WC,2026-03-25,2026-04-09,66,53,105049.65,checkers93@example.com,0614284474,
CMP6673,Coke Winter Promo,Coke,Kaya FM,KZN,2026-03-09,2026-04-04,84,72,436095.78,coke8@example.com,0638653668,Paused
CMP9879,Vuma Winter Promo,Vuma,Jacaranda,WC,2026-06-19,2026-07-05,90,79,60572.41,vuma11@example.com,0792970241,
CMP1244,Toyota Winter Promo,Toyota,YFM,Gauteng,13/05/2026,2026-06-02,67,59,321843.29,toyota63example.com,08937074,
CMP7990,Toyota Winter Promo,Toyota,947,EC,2026-03-27,2026-04-15,69,54,23573.13,toyota69@example.com,0663793788, active 
CMP9720,Shoprite Winter Promo,Shoprite,YFM,Gauteng,2026-06-08,2026-06-17,49,48,,shoprite79@example.com,07885039,Active
CMP4731,Money Market Winter Promo,Money Market,YFM,Gauteng,2026-03-19,2026-03-28,119,118,496210.62,moneymarket98@example.com,0809227350,Completed
CMP6027,Coke Winter Promo,Coke,Ukhozi FM,KZN,2026-05-03,2026-05-24,198,187,367136.58,coke88@example.com,0685939327,Paused
CMP4266,Coke Winter Promo,Coke,Jacaranda,KZN,2026-05-25,2026-06-24,127,124,116687.18,coke85@example.com,0767445969,Active
CMP6201,Vuma Winter Promo,vuma,YFM,Gauteng,2026-05-27,2026-06-08,139,140,106293.97,vuma82@example.com,0707952837,Completed
CMP2630,Checkers Winter Promo,Checkers,Metro FM,EC,2026-03-01,2026-03-22,161,165,,checkers84@example.com,0898661697,Paused
CMP7611, Shoprite Winter Promo ,Shoprite,Metro FM,WC,2026-05-31,2026-06-27,166,162,277074.14,shoprite2@example.com,0855274483,Active
CMP6872,Checkers Winter Promo,Checkers,Jacaranda,WC,21/06/2026,2026-06-30,166,154,190450.11,checkers87@example.com,0659371444,
CMP5410,Vuma Winter Promo,Vuma,Kaya FM,EC,2026-02-23,2026-03-14,54,47,114288.68,vuma58example.com,07934911,Completed
CMP9027,Vuma Winter Promo,Vuma,947,WC,2026-03-11,2026-04-03,51,42,64689.42,vuma77@example.com,0746124442, active 
CMP8254,Money Market Winter Promo,Money Market,Metro FM,WC,2026-05-27,2026-06-25,90,80,199928.23,moneymarket39@example.com,0747487457,COMPLETED
CMP8815,Toyota Winter Promo,Toyota,YFM,KZN,2026-03-28,2026-04-19,132,119,392372.03,toyota78@example.com,0776552841,
CMP7864,Coke Winter Promo,Coke,Metro FM,KZN,2026-05-23,2026-06-10,177,179,358352.46,coke28@example.com,0762702131,Active
CMP7257,Money Market Winter Promo,Money Market,947,WC,2026-03-08,2026-04-05,28,33,408013.81,moneymarket57@example.com,0684791256,
CMP3707,Money Market Winter Promo,Money Market,947,Gauteng,2026-05-08,2026-05-25,48,51,457498.46,moneymarket94@example.com,0606429282,
CMP6970,Vuma Winter Promo,Vuma,YFM,KZN,2026-04-08,2026-05-07,174,179,181291.78,vuma12@example.com,0735868014,COMPLETED
CMP6822,Toyota Winter Promo,Toyota,Ukhozi FM,EC,2026-04-18,2026-05-15,48,45,202973.67,toyota84@example.com,06166777,Completed
CMP4557,Coke Winter Promo,Coke,Kaya FM,Gauteng,12/04/2026,2026-05-05,46,34,450590.92,coke13@example.com,0687518111, active 
CMP6372,Checkers Winter Promo,Checkers,Kaya FM,EC,2026-03-20,2026-03-30,122,108,,checkers92@example.com,0773341444,Paused
CMP7699,Checkers Winter Promo,Checkers,Kaya FM,WC,2026-06-26,2026-07-06,138,142,466634.87,checkers92@example.com,0716152049,Active
CMP8311,Coke Winter Promo,Coke,Metro FM,KZN,22/06/2026,2026-07-21,186,177,475213.29,coke91@example.com,0769315470, active 
CMP3714,Coke Winter Promo,coke,947,Gauteng,2026-03-27,2026-04-23,22,19,137316.86,coke51@example.com,07189660,Paused
CMP7742,Money Market Winter Promo,Money Market,947,KZN,2026-05-25,2026-06-16,194,186,410143.83,moneymarket68@example.com,0709759980,Paused
CMP9355,Shoprite Winter Promo,Shoprite,Jacaranda,Gauteng,2026-05-09,2026-05-29,62,52,254586.63,shoprite84@example.com,0614749071,Active
CMP1746,Money Market Winter Promo,Money Market,Kaya FM,KZN,2026-02-04,2026-03-04,146,150,377400.69,moneymarket79@example.com,0782310651, active 
CMP5049,Shoprite Winter Promo,Shoprite,Kaya FM,WC,2026-01-22,2026-02-21,150,136,213234.49,shoprite15example.com,0857969068,COMPLETED
CMP3488,Vuma Winter Promo,Vuma,Metro FM,Gauteng,2026-04-09,2026-04-22,186,191,227847.35,vuma23@example.com,0734961248,
CMP8690,Vuma Winter Promo,Vuma,Kaya FM,KZN,2026-03-13,2026-03-27,135,125,323071.07,vuma61@example.com,0741228695,COMPLETED
CMP9391,Checkers Winter Promo,Checkers,Jacaranda,Gauteng,2026-06-27,2026-07-08,136,126,97787.46,checkers18@example.com,0809956112,
CMP3117,Toyota Winter Promo,Toyota,Jacaranda,KZN,2026-03-30,2026-04-15,50,44,23993.88,toyota17@example.com,0612017710,COMPLETED
CMP9494,Coke Winter Promo,Coke,Jacaranda,WC,2026-02-10,2026-02-19,39,32,,coke85@example.com,0804494487, active 
CMP7263,Coke Winter Promo,coke,947,EC,2026-01-16,2026-02-13,137,128,357491.6,coke34@example.com,0629536531,COMPLETED
CMP6848,Money Market Winter Promo,Money Market,Jacaranda,WC,2026-06-22,2026-07-06,194,198,340278.72,moneymarket72@example.com,0812622379,COMPLETED
CMP5481,Checkers Winter Promo,Checkers,Metro FM,KZN,2026-04-17,2026-04-29,162,,108836.75,checkers33@example.com,0609482598,Active
CMP6630, Shoprite Winter Promo ,Shoprite,Kaya FM,Gauteng,2026-05-02,2026-05-16,151,147,,shoprite17@example.com,0652393888,Active
CMP8658,Checkers Winter Promo,Checkers,YFM,WC,2026-02-13,2026-03-15,104,100,465671.1,checkers72@example.com,0897042289, active 
CMP3398,Money Market Winter Promo,Money Market,947,EC,2026-05-22,2026-06-01,140,138,81367.8,moneymarket26@example.com,0656972434,
CMP4119,Checkers Winter Promo,Checkers,Ukhozi FM,WC,14/05/2026,2026-06-12,109,103,209424.03,checkers11@example.com,0611946201,COMPLETED
CMP7953,Toyota Winter Promo,Toyota,Kaya FM,Gauteng,2026-05-30,2026-06-13,181,173,44421.08,toyota50@example.com,0605700114,Completed
CMP6104,Toyota Winter Promo,Toyota,Jacaranda,WC,2026-03-18,2026-04-06,183,176,410323.69,toyota31@example.com,08571772,Active
CMP6816,Money Market Winter Promo,Money Market,Jacaranda,EC,2026-03-21,2026-04-15,62,48,343351.2,moneymarket55@example.com,0618836584,
CMP2453,Shoprite Winter Promo,Shoprite,947,WC,2026-06-15,2026-07-15,61,57,134058.12,shoprite37@example.com,0842130167,Paused
CMP5592,Toyota Winter Promo,Toyota,947,KZN,01/03/2026,2026-03-09,139,128,236406.95,toyota85@example.com,0654717083, active 
CMP5908,Checkers Winter Promo,Checkers,Jacaranda,WC,2026-06-13,2026-07-06,158,152,296912.35,checkers13@example.com,0776760992,COMPLETED
CMP8270,Money Market Winter Promo,Money Market,Metro FM,EC,2026-03-20,2026-04-17,27,25,432320.25,moneymarket21@example.com,0708175992,Active
CMP1662,Checkers Winter Promo,Checkers,Metro FM,EC,2026-01-03,2026-02-02,166,156,112443.99,checkers74@example.com,0891790130,
CMP3487,Vuma Winter Promo,Vuma,Kaya FM,WC,2026-03-19,2026-04-11,172,175,217733.55,vuma44@example.com,0602556212,Paused
CMP5821,Checkers Winter Promo,Checkers,YFM,KZN,2026-05-08,2026-05-23,75,60,482616.8,checkers78@example.com,0744919467,COMPLETED
CMP6513,Vuma Winter Promo,Vuma,947,EC,2026-01-11,2026-01-18,150,135,344636.27,vuma77@example.com,0827211683,
CMP1013,Toyota Winter Promo,Toyota,947,KZN,2026-04-22,2026-05-04,181,174,99300.29,toyota98@example.com,0627181479,Paused
CMP2298,Toyota Winter Promo,toyota,947,KZN,2026-06-11,2026-06-24,98,93,487184.35,toyota18@example.com,0685597913,Completed
CMP1253,Checkers Winter Promo,Checkers,Ukhozi FM,EC,2026-04-11,2026-04-24,52,57,26487.98,checkers54@example.com,0873968727,Paused
CMP9677,Checkers Winter Promo,Checkers,Metro FM,WC,2026-02-21,2026-03-16,110,98,82914.96,checkers61@example.com,0659078781, active 
CMP5009,Coke Winter Promo,Coke,947,WC,2026-03-04,2026-03-18,73,58,487422.32,coke28@example.com,0777091038,COMPLETED
CMP7943,Checkers Winter Promo,Checkers,Ukhozi FM,KZN,2026-04-26,2026-05-10,55,50,326765.03,checkers87@example.com,0772218946, active 
CMP7358,Shoprite Winter Promo,Shoprite,YFM,WC,2026-06-03,2026-07-02,78,72,300702.38,shoprite15@example.com,0743089329,
CMP7002,Checkers Winter Promo,Checkers,YFM,EC,2026-04-21,2026-05-18,73,69,112380.99,checkers17@example.com,0743542535,Active
CMP9364,Money Market Winter Promo,Money Market,Metro FM,EC,2026-01-05,2026-01-30,60,46,482851.14,moneymarket70@example.com,0617300521,Paused
CMP1542, Coke Winter Promo ,Coke,YFM,WC,2026-04-23,2026-05-16,170,,220936.06,coke94@example.com,0856370407,Active
CMP1883,Toyota Winter Promo,Toyota,Metro FM,WC,2026-03-24,2026-04-01,180,185,155920.13,toyota29@example.com,0786631082,COMPLETED
CMP8064,Vuma Winter Promo,Vuma,Jacaranda,Gauteng,2026-05-05,2026-05-20,46,37,275086.42,vuma70@example.com,0789220923,Active
CMP6769, Checkers Winter Promo ,Checkers,Ukhozi FM,Gauteng,2026-05-30,2026-06-16,106,106,441085.87,checkers69@example.com,0758585750,
CMP2735, Toyota Winter Promo ,Toyota,Metro FM,EC,2026-04-19,2026-04-24,32,,71249.78,toyota95@example.com,0886051918, active 
CMP3685,Money Market Winter Promo,Money Market,Jacaranda,EC,2026-04-30,2026-05-10,177,178,309741.44,moneymarket96@example.com,0851866008,Active
CMP2739,Checkers Winter Promo,Checkers,947,Gauteng,2026-03-26,2026-04-10,142,128,439602.1,checkers51@example.com,0608955078,Completed
CMP9275,Toyota Winter Promo,Toyota,Kaya FM,WC,2026-02-28,2026-03-07,39,43,101147.67,toyota4@example.com,0889873095,Paused
CMP9075,Checkers Winter Promo,Checkers,Ukhozi FM,WC,2026-02-02,2026-02-24,30,28,395030.25,checkers58@example.com,0881019228, active 
CMP9515,Money Market Winter Promo,Money Market,Kaya FM,KZN,2026-05-03,2026-05-30,92,79,42037.49,moneymarket28@example.com,0847844449,COMPLETED
CMP3002,Vuma Winter Promo,Vuma,Jacaranda,KZN,2026-01-29,2026-02-15,43,35,402803.68,vuma33@example.com,0831030110,COMPLETED
CMP1893,Shoprite Winter Promo,Shoprite,Jacaranda,WC,2026-02-12,2026-02-27,173,,162289.9,shoprite80@example.com,0769474644,Paused
CMP9843,Toyota Winter Promo,Toyota,YFM,Gauteng,2026-06-02,2026-07-01,28,31,37853.95,toyota77@example.com,0619140249,Active
CMP8150,Money Market Winter Promo,Money Market,Kaya FM,Gauteng,2026-02-22,2026-03-09,58,57,224668.39,moneymarket91@example.com,0602618476,
CMP3096,Money Market Winter Promo,Money Market,Metro FM,Gauteng,2026-03-10,2026-03-24,171,166,420244.1,moneymarket71@example.com,0682532171,Completed
CMP6968,Money Market Winter Promo,Money Market,YFM,KZN,2026-06-22,2026-06-27,155,158,454580.08,moneymarket6@example.com,0719530522, active 
CMP6365,Vuma Winter Promo,Vuma,Ukhozi FM,KZN,2026-03-01,2026-03-24,21,19,183500.95,vuma70@example.com,0688480814,Active
CMP9589,Checkers Winter Promo,Checkers,Ukhozi FM,KZN,2026-02-18,2026-03-17,194,195,187417.07,checkers2@example.com,07294984, active 
CMP9752,Vuma Winter Promo,Vuma,Kaya FM,EC,2026-06-28,2026-07-23,194,183,345877.05,vuma45@example.com,0619015384,Active
CMP3886,Shoprite Winter Promo,Shoprite,Kaya FM,KZN,2026-06-02,2026-06-26,108,97,58098.58,shoprite73@example.com,0814206212,Paused
CMP7222,Checkers Winter Promo,Checkers,Jacaranda,EC,2026-02-23,2026-03-01,58,52,407286.84,checkers31@example.com,0776731711, active 
CMP6473,Checkers Winter Promo,Checkers,Metro FM,WC,2026-03-15,2026-03-30,161,162,80796.94,checkers8@example.com,0839473079,Completed
CMP9122,Coke Winter Promo,Coke,Metro FM,WC,2026-05-01,2026-05-17,76,70,481930.85,coke19@example.com,0869959715,Active
CMP6040,Shoprite Winter Promo,Shoprite,Metro FM,EC,2026-01-31,2026-02-07,110,,217938.88,shoprite71@example.com,0694298769,Paused
CMP5209,Checkers Winter Promo,Checkers,Kaya FM,KZN,2026-01-24,2026-02-19,197,192,214836.15,checkers93@example.com,0767450752,COMPLETED
CMP4146,Vuma Winter Promo,Vuma,Kaya FM,Gauteng,26/05/2026,2026-06-04,88,73,249294.93,vuma85@example.com,0656303744,Active
CMP6379,Toyota Winter Promo,Toyota,Metro FM,WC,2026-06-12,2026-07-03,160,164,63910.86,toyota26@example.com,0705459997,Completed
CMP9417,Vuma Winter Promo,Vuma,Ukhozi FM,WC,2026-05-13,2026-06-01,89,77,84255.67,vuma96@example.com,08379877,Active
CMP3940, Vuma Winter Promo ,Vuma,Ukhozi FM,WC,2026-04-03,2026-04-09,159,145,367335.95,vuma25@example.com,0622648167, active 
CMP3845,Coke Winter Promo,Coke,Jacaranda,WC,2026-04-01,2026-04-23,51,40,30033.82,coke50@example.com,0608000455, active 
CMP1351, Coke Winter Promo ,Coke,Jacaranda,WC,2026-02-04,2026-03-01,84,79,253441.3,coke63@example.com,0852312949,COMPLETED
CMP9028,Vuma Winter Promo,Vuma,947,Gauteng,2026-06-05,2026-07-01,51,38,51789.95,vuma83@example.com,0783743582,Paused
CMP4964,Toyota Winter Promo,Toyota,Ukhozi FM,EC,2026-02-06,2026-02-21,55,57,47666.5,toyota27@example.com,0647475651,Completed
CMP2085,Coke Winter Promo,Coke,Jacaranda,EC,2026-01-31,2026-02-26,68,61,488233.21,coke11example.com,0683773962,Active
CMP8898,Money Market Winter Promo,Money Market,YFM,WC,2026-05-23,2026-06-18,118,116,386261.2,moneymarket6example.com,07023195,COMPLETED
CMP8756,Money Market Winter Promo,Money Market,Metro FM,EC,2026-05-01,2026-05-15,96,85,257604.3,moneymarket88@example.com,0807017336,
CMP6287,Money Market Winter Promo,money market,Kaya FM,KZN,2026-06-02,2026-06-25,187,175,248284.56,moneymarket2@example.com,0735093624,Completed
CMP7142,Money Market Winter Promo,Money Market,Ukhozi FM,EC,2026-05-08,2026-06-04,81,76,478996.16,moneymarket14@example.com,0864543154,Active
CMP2769,Vuma Winter Promo,Vuma,Kaya FM,KZN,2026-03-24,2026-04-21,111,110,245430.72,vuma24@example.com,0832872158, active 
CMP1214,Shoprite Winter Promo,Shoprite,947,KZN,2026-01-05,2026-01-20,162,162,301295.55,shoprite19@example.com,0826630592,Paused
CMP5964,Vuma Winter Promo,Vuma,YFM,EC,2026-05-11,2026-06-01,82,69,347487.99,vuma88@example.com,0821739083,COMPLETED
CMP8841,Money Market Winter Promo,Money Market,Jacaranda,Gauteng,2026-04-14,2026-05-03,165,152,,moneymarket88@example.com,0696240148,Completed
CMP1471,Checkers Winter Promo,Checkers,Metro FM,EC,2026-05-02,2026-05-11,175,162,493753.25,checkers92@example.com,0687586275,Active
CMP5451,Vuma Winter Promo,Vuma,Ukhozi FM,KZN,2026-04-08,2026-04-15,42,44,273433.44,vuma18@example.com,0619941864,Completed
CMP6875,Coke Winter Promo,Coke,Jacaranda,WC,2026-05-22,2026-06-02,98,88,377637.42,coke52@example.com,0648422086,Paused
CMP4711,Vuma Winter Promo,Vuma,947,WC,2026-03-23,2026-04-13,38,27,185226.65,vuma55@example.com,0817700015,COMPLETED
CMP9162,Coke Winter Promo,Coke,Metro FM,WC,2026-02-10,2026-02-15,171,158,422664.17,coke97@example.com,0778086404, active 
CMP1111,Money Market Winter Promo,Money Market,Jacaranda,KZN,2026-04-02,2026-04-30,78,76,,moneymarket59@example.com,0756162715,Paused
CMP5343,Toyota Winter Promo,Toyota,Ukhozi FM,KZN,2026-03-25,2026-04-21,79,71,,toyota30@example.com,08140287,COMPLETED
CMP6551,Money Market Winter Promo,Money Market,Ukhozi FM,KZN,11/02/2026,2026-02-18,54,45,16401.39,moneymarket56example.com,0735351695,Paused
CMP8387,Coke Winter Promo,coke,Jacaranda,KZN,2026-06-27,2026-07-15,65,67,,coke63example.com,0695675221, active 
CMP5611,Shoprite Winter Promo,Shoprite,Metro FM,Gauteng,2026-02-11,2026-03-03,171,159,377968.16,shoprite15@example.com,0774965067,COMPLETED
CMP6035,Money Market Winter Promo,Money Market,Jacaranda,EC,2026-06-21,2026-07-09,123,125,,moneymarket94@example.com,0804015045, active 
CMP2015,Toyota Winter Promo,Toyota,Kaya FM,Gauteng,2026-05-11,2026-05-19,156,150,475935.33,toyota36@example.com,08850992,COMPLETED
CMP9006, Toyota Winter Promo ,Toyota,YFM,WC,2026-05-08,2026-05-29,42,33,449959.93,toyota4@example.com,0647965822,Completed
CMP9710, Vuma Winter Promo ,Vuma,Metro FM,Gauteng,2026-02-11,2026-03-10,155,142,,vuma25example.com,0754850277, active 
CMP6417,Checkers Winter Promo,Checkers,Ukhozi FM,Gauteng,2026-05-05,2026-06-02,162,162,103560.4,checkers70@example.com,0763699453,Completed
CMP5626,Shoprite Winter Promo,Shoprite,947,KZN,2026-06-29,2026-07-12,31,32,492779.2,shoprite7example.com,0662392956,Active
CMP7650,Money Market Winter Promo,Money Market,Metro FM,KZN,2026-05-17,2026-06-11,40,44,50544.95,moneymarket87@example.com,0801486853,Paused
CMP7694,Checkers Winter Promo,Checkers,Jacaranda,EC,2026-02-12,2026-03-08,27,29,249218.21,checkers96@example.com,0652081006,Paused
CMP6006,Toyota Winter Promo,Toyota,Jacaranda,WC,2026-03-21,2026-04-02,185,180,201294.39,toyota69@example.com,0616171317,Active
CMP2403,Coke Winter Promo,Coke,Ukhozi FM,EC,2026-05-26,2026-06-11,81,70,243854.29,coke17example.com,0819685137,COMPLETED
CMP2699,Checkers Winter Promo,Checkers,Ukhozi FM,WC,2026-01-27,2026-02-23,138,136,29424.43,checkers29example.com,0831655122,COMPLETED
CMP9954,Coke Winter Promo,Coke,Kaya FM,WC,2026-03-15,2026-04-09,20,25,392201.49,coke65@example.com,0608129374,
CMP5051,Coke Winter Promo,Coke,Kaya FM,Gauteng,2026-02-04,2026-02-11,29,29,280552.85,coke34@example.com,0647087552, active 
CMP1234,Coke Winter Promo,Coke,YFM,WC,2026-06-25,2026-07-14,138,127,487780.05,coke17@example.com,0812901638,COMPLETED
CMP1409,Money Market Winter Promo,Money Market,Ukhozi FM,Gauteng,2026-06-28,2026-07-21,149,135,11758.36,moneymarket61@example.com,0713289160, active 
CMP8711,Checkers Winter Promo,Checkers,YFM,WC,2026-02-26,2026-03-06,159,153,205700.68,checkers45@example.com,0863792532,COMPLETED
CMP5732, Toyota Winter Promo ,Toyota,947,WC,15/05/2026,2026-05-27,172,176,20259.85,toyota59@example.com,0651389748,
CMP5152,Vuma Winter Promo,Vuma,947,KZN,2026-06-22,2026-06-27,198,,238426.26,vuma14@example.com,0623360941,Completed
CMP2550,Coke Winter Promo,Coke,Jacaranda,EC,2026-06-04,2026-06-17,142,127,,coke36@example.com,0812142881,Active
CMP3995,Money Market Winter Promo,Money Market,947,KZN,2026-04-18,2026-05-03,92,97,,moneymarket21example.com,0822739222, active 
CMP3821,Coke Winter Promo,Coke,YFM,WC,2026-03-30,2026-04-08,115,115,441309.31,coke91@example.com,0707973703,Paused
CMP9484,Money Market Winter Promo,Money Market,Jacaranda,Gauteng,2026-01-16,2026-02-14,176,176,429101.15,moneymarket51@example.com,0866047690,COMPLETED
CMP3817,Money Market Winter Promo,Money Market,Jacaranda,EC,2026-01-28,2026-02-21,178,163,356863.39,moneymarket51@example.com,0639139891,
CMP5858, Checkers Winter Promo ,Checkers,Jacaranda,WC,2026-02-14,2026-02-20,127,118,282572.45,checkers28@example.com,0604123915,
CMP3735,Money Market Winter Promo,Money Market,947,KZN,2026-06-03,2026-06-22,55,56,419389.36,moneymarket60@example.com,0708274988,Completed
CMP3773,Vuma Winter Promo,Vuma,Metro FM,KZN,2026-03-12,2026-04-05,107,104,17160.58,vuma72@example.com,0701041264,COMPLETED
CMP6270,Checkers Winter Promo,Checkers,Ukhozi FM,KZN,2026-06-13,2026-06-28,196,182,,checkers61@example.com,0763637085,Completed
CMP9255, Shoprite Winter Promo ,Shoprite,947,KZN,06/04/2026,2026-04-28,99,96,166700.55,shoprite73example.com,0628603239,
CMP4790,Toyota Winter Promo,Toyota,Jacaranda,EC,23/05/2026,2026-05-30,184,177,455380.3,toyota43@example.com,0868717115,Paused
CMP6162,Coke Winter Promo,Coke,Metro FM,Gauteng,2026-01-03,2026-01-21,171,176,204762.57,coke58@example.com,0897275401,
CMP4599, Toyota Winter Promo ,Toyota,Metro FM,Gauteng,2026-01-23,2026-02-11,96,95,174403.04,toyota67@example.com,0736771362, active 
CMP7998,Toyota Winter Promo,Toyota,947,Gauteng,2026-01-12,2026-01-25,48,35,262046.08,toyota95@example.com,0769153239,Completed
CMP5203,Coke Winter Promo,Coke,Jacaranda,KZN,29/01/2026,2026-02-13,137,142,85698.89,coke59@example.com,0641579916, active 
CMP1978,Vuma Winter Promo,vuma,947,Gauteng,2026-02-13,2026-02-21,89,74,310756.56,vuma12@example.com,0662738243,
CMP9215,Vuma Winter Promo,Vuma,Metro FM,KZN,2026-05-15,2026-06-09,109,114,488187.76,vuma34@example.com,0746737996,COMPLETED
CMP8167,Checkers Winter Promo,Checkers,Kaya FM,EC,2026-02-25,2026-03-07,137,124,163065.7,checkers38@example.com,0869142108,Paused
CMP9070,Toyota Winter Promo,Toyota,Ukhozi FM,KZN,2026-03-07,2026-03-29,36,38,32407.45,toyota99@example.com,0873198075,Active
CMP3509,Shoprite Winter Promo,Shoprite,Jacaranda,WC,2026-01-15,2026-02-03,60,58,224545.28,shoprite29@example.com,0834073173,
CMP4005,Toyota Winter Promo,Toyota,947,WC,2026-03-26,2026-04-22,21,20,273686.36,toyota66example.com,0719399285,Completed
CMP7136,Shoprite Winter Promo,Shoprite,Kaya FM,Gauteng,2026-03-10,2026-03-18,51,38,412556.54,shoprite92@example.com,0845881844,
CMP5569,Vuma Winter Promo,Vuma,Kaya FM,WC,07/03/2026,2026-03-12,182,178,104929.9,vuma69@example.com,0757446770,COMPLETED
CMP7813,Checkers Winter Promo,Checkers,YFM,EC,2026-06-25,2026-07-25,95,81,166064.73,checkers74@example.com,0671691590,Completed
CMP9263,Checkers Winter Promo,Checkers,947,WC,26/01/2026,2026-02-07,87,92,327611.13,checkers77@example.com,0881172320,Paused
CMP9160,Toyota Winter Promo,Toyota,Ukhozi FM,Gauteng,2026-03-31,2026-04-14,128,119,145853.15,toyota4@example.com,0611240496, active 
CMP1774,Checkers Winter Promo,checkers,Metro FM,WC,2026-06-26,2026-07-05,61,51,181853.26,checkers82@example.com,0779292158,Active
CMP5228, Coke Winter Promo ,Coke,Jacaranda,EC,2026-02-02,2026-02-13,131,124,97005.02,coke1@example.com,0862432913,
CMP7365,Checkers Winter Promo,Checkers,Ukhozi FM,KZN,2026-03-24,2026-04-04,89,94,22798.6,checkers65@example.com,0702849393,Active
CMP2051,Checkers Winter Promo,Checkers,Ukhozi FM,WC,05/03/2026,2026-03-17,88,86,190281.24,checkers96@example.com,0646536980,COMPLETED
CMP7349,Shoprite Winter Promo,Shoprite,Kaya FM,KZN,2026-06-11,2026-06-30,82,75,22671.55,shoprite75@example.com,0608733345,Completed
CMP9610,Toyota Winter Promo,Toyota,947,WC,2026-02-14,2026-03-10,147,151,50134.52,toyota19@example.com,0736276693,
CMP3614,Toyota Winter Promo,Toyota,Metro FM,KZN,2026-05-08,2026-05-13,187,186,287733.1,toyota77@example.com,0621739492,Active
CMP8782,Toyota Winter Promo,Toyota,947,KZN,2026-01-20,2026-02-19,75,76,486182.06,toyota4@example.com,0819978485,Active
CMP6034,Toyota Winter Promo,Toyota,Kaya FM,KZN,2026-06-01,2026-07-01,78,,,toyota89@example.com,0844290030,Completed
CMP5866,Coke Winter Promo,Coke,Metro FM,KZN,2026-02-10,2026-02-20,131,123,142844.01,coke70@example.com,0869128110,Completed
CMP6640,Shoprite Winter Promo,shoprite,YFM,Gauteng,2026-01-20,2026-02-07,96,96,229364.27,shoprite8@example.com,0651543726,Completed
CMP8512,Toyota Winter Promo,Toyota,Kaya FM,EC,2026-05-28,2026-06-23,54,51,468021.9,toyota61@example.com,0774243616, active 
CMP6391,Money Market Winter Promo,Money Market,Jacaranda,KZN,2026-04-06,2026-04-13,55,57,428421.56,moneymarket4@example.com,0697153197, active 
CMP6937,Toyota Winter Promo,Toyota,Metro FM,EC,2026-05-30,2026-06-22,66,58,456242.26,toyota80@example.com,0601625625, active 
CMP4784,Money Market Winter Promo,Money Market,YFM,KZN,2026-03-25,2026-04-07,48,43,128468.03,moneymarket70@example.com,0664734064,Active
CMP7711,Vuma Winter Promo,Vuma,Kaya FM,EC,2026-02-17,2026-03-17,75,79,84672.88,vuma57@example.com,0874055614,Paused
CMP7027,Coke Winter Promo,Coke,947,EC,2026-06-26,2026-07-06,56,41,357980.25,coke87example.com,0776311802,Paused
CMP5966,Coke Winter Promo,Coke,Ukhozi FM,EC,2026-04-08,2026-04-22,180,168,374738.7,coke16@example.com,0805675994,
CMP4554, Shoprite Winter Promo ,Shoprite,Ukhozi FM,KZN,2026-06-01,2026-06-16,194,183,15546.7,shoprite97@example.com,0699694864,
CMP5683,Coke Winter Promo,Coke,Kaya FM,KZN,2026-06-07,2026-07-03,101,105,121712.11,coke31example.com,0645813769,Active
CMP1255,Vuma Winter Promo,Vuma,Metro FM,EC,2026-05-13,2026-06-05,84,70,87353.53,vuma27@example.com,0731597970,Paused
CMP4335,Shoprite Winter Promo,Shoprite,YFM,EC,2026-02-11,2026-02-28,88,92,465644.6,shoprite26@example.com,0616558659, active 
CMP6219,Toyota Winter Promo,Toyota,Kaya FM,WC,2026-05-14,2026-05-20,23,10,153062.51,toyota83example.com,0769504390,Completed
CMP8086,Toyota Winter Promo,Toyota,Kaya FM,KZN,28/01/2026,2026-02-16,191,195,385006.54,toyota77example.com,0604895544,Completed
CMP5770,Vuma Winter Promo,Vuma,YFM,EC,2026-06-26,2026-07-15,102,97,185842.15,vuma14@example.com,06996314,Paused
CMP1429,Shoprite Winter Promo,Shoprite,Kaya FM,WC,2026-04-20,2026-05-13,75,71,35157.8,shoprite10@example.com,0624120178,
CMP6511,Shoprite Winter Promo,Shoprite,YFM,WC,2026-06-13,2026-07-06,119,120,34868.44,shoprite98@example.com,06392991,
CMP5887,Vuma Winter Promo,Vuma,Ukhozi FM,KZN,2026-03-28,2026-04-20,188,186,313580.39,vuma58@example.com,0862025157,Completed
CMP4169, Toyota Winter Promo ,Toyota,YFM,WC,2026-03-18,2026-03-31,196,185,320498.02,toyota45@example.com,0769269079,
CMP4016,Checkers Winter Promo,Checkers,Ukhozi FM,KZN,2026-06-23,2026-07-21,110,103,460386.3,checkers92@example.com,0775463959,Paused
CMP5092,Vuma Winter Promo,Vuma,Kaya FM,KZN,2026-04-05,2026-04-29,41,27,412645.07,vuma7@example.com,0671335789,
CMP6858,Checkers Winter Promo,Checkers,947,Gauteng,2026-05-29,2026-06-22,155,151,40747.52,checkers60@example.com,0757211764,Completed
CMP5372,Money Market Winter Promo,Money Market,YFM,WC,2026-05-21,2026-06-05,152,138,436364.14,moneymarket93@example.com,0818408588,
CMP8738, Money Market Winter Promo ,Money Market,Metro FM,Gauteng,2026-03-07,2026-04-06,144,138,365388.98,moneymarket65@example.com,0811551986,Completed
CMP1204,Vuma Winter Promo,Vuma,Metro FM,WC,2026-04-12,2026-05-08,47,35,65193.12,vuma33@example.com,0838720118, active 
CMP3473,Checkers Winter Promo,Checkers,Metro FM,WC,2026-06-12,2026-07-06,157,154,220810.14,checkers26@example.com,0862822628,
CMP8157,Money Market Winter Promo,Money Market,YFM,EC,2026-02-20,2026-02-25,100,86,223041.88,moneymarket19@example.com,0682545273,
CMP5082,Toyota Winter Promo,Toyota,Metro FM,WC,2026-01-10,2026-01-29,133,119,379606.22,toyota93@example.com,0804177275,
CMP3865,Shoprite Winter Promo,Shoprite,Ukhozi FM,WC,2026-04-17,2026-05-12,187,187,279911.71,shoprite70@example.com,0826940253,Active
CMP1353, Shoprite Winter Promo ,Shoprite,Ukhozi FM,WC,2026-05-08,2026-05-26,188,,64076.59,shoprite88example.com,0614663504,COMPLETED
CMP8375,Toyota Winter Promo,Toyota,YFM,WC,2026-02-14,2026-02-27,101,102,84382.64,toyota13@example.com,0861593406,COMPLETED
CMP1659,Money Market Winter Promo,Money Market,947,EC,2026-05-04,2026-05-26,31,35,,moneymarket27@example.com,0773919507,
CMP9380,Checkers Winter Promo,Checkers,YFM,EC,2026-02-10,2026-03-12,113,,380175.51,checkers77@example.com,0839892765,
CMP1849,Coke Winter Promo,Coke,947,Gauteng,2026-05-26,2026-06-25,141,126,304260.72,coke27@example.com,0842321591,Paused
CMP4815,Shoprite Winter Promo,Shoprite,Jacaranda,WC,2026-01-25,2026-02-14,68,58,415542.37,shoprite30@example.com,0766353967,Completed
CMP9675,Toyota Winter Promo,Toyota,YFM,EC,2026-04-05,2026-04-18,177,173,302954.74,toyota51@example.com,0724361789,
CMP8762,Coke Winter Promo,Coke,YFM,WC,2026-03-25,2026-04-16,197,194,321168.85,coke52@example.com,0822559818,Completed
CMP7138,Coke Winter Promo,Coke,Kaya FM,EC,2026-04-27,2026-05-02,83,79,,coke49@example.com,0841772078,Completed
CMP6963,Shoprite Winter Promo,Shoprite,Jacaranda,EC,2026-06-24,2026-07-21,159,152,259072.6,shoprite94example.com,0775928551,Active
CMP2688, Toyota Winter Promo ,toyota,Jacaranda,KZN,2026-06-22,2026-07-06,33,26,23779.2,toyota21@example.com,0724778528,Completed
CMP2746,Money Market Winter Promo,Money Market,Metro FM,Gauteng,2026-01-10,2026-01-28,40,28,397332.08,moneymarket18@example.com,0607442562,Paused
CMP2057,Coke Winter Promo,Coke,Jacaranda,EC,2026-05-24,2026-06-01,151,155,369107.24,coke66@example.com,0694036649,Completed
CMP7334,Toyota Winter Promo,Toyota,YFM,EC,2026-01-17,2026-02-09,42,,169280.4,toyota41@example.com,0761189039,Completed
CMP5848,Vuma Winter Promo,Vuma,Jacaranda,Gauteng,2026-06-13,2026-06-24,182,174,413830.65,vuma65example.com,0726306322,Active
CMP1118,Shoprite Winter Promo,Shoprite,Kaya FM,WC,2026-06-06,2026-07-04,113,102,366810.75,shoprite18@example.com,0713700615,
CMP7983,Toyota Winter Promo,Toyota,YFM,EC,2026-01-22,2026-02-20,124,110,275010.95,toyota31@example.com,0897693013,Completed
CMP2689,Coke Winter Promo,Coke,Jacaranda,EC,2026-05-24,2026-06-01,129,,217894.63,coke78@example.com,0839869247,Active
CMP9737,Checkers Winter Promo,Checkers,947,EC,2026-03-28,2026-04-18,167,166,416290.73,checkers8@example.com,0869221740,Paused
CMP1854,Shoprite Winter Promo,Shoprite,Jacaranda,EC,2026-01-29,2026-02-03,140,141,285016.17,shoprite33@example.com,0646526581,
CMP3046,Vuma Winter Promo,Vuma,YFM,WC,2026-01-24,2026-02-07,149,149,367078.7,vuma71@example.com,0803869960,Paused
CMP5040, Money Market Winter Promo ,Money Market,Metro FM,Gauteng,2026-05-11,2026-05-27,35,37,244055.89,moneymarket49@example.com,0714864657, active 
CMP2821, Vuma Winter Promo ,Vuma,Metro FM,WC,2026-01-17,2026-01-25,171,167,276285.87,vuma18example.com,0888406373,
CMP7061, Shoprite Winter Promo ,Shoprite,Kaya FM,EC,2026-04-15,2026-05-09,127,130,282723.5,shoprite74@example.com,0837957682,COMPLETED
CMP6068,Vuma Winter Promo,Vuma,YFM,EC,2026-05-04,2026-05-25,51,43,176609.43,vuma24@example.com,0819722605, active 
CMP8287,Money Market Winter Promo,Money Market,YFM,KZN,2026-01-06,2026-01-18,162,163,439443.24,moneymarket87@example.com,0787534934,Active
CMP6445,Money Market Winter Promo,Money Market,Ukhozi FM,WC,2026-03-30,2026-04-14,92,86,134233.68,moneymarket77@example.com,06668148,COMPLETED
CMP3207,Toyota Winter Promo,toyota,Metro FM,WC,2026-05-28,2026-06-19,182,178,476652.99,toyota44@example.com,0611943216,Completed
CMP4050, Checkers Winter Promo ,Checkers,947,KZN,2026-02-13,2026-03-13,85,84,337878.89,checkers82@example.com,0617406620,COMPLETED
CMP9048,Toyota Winter Promo,Toyota,Jacaranda,KZN,2026-03-27,2026-04-20,130,117,391383.63,toyota6@example.com,0705366637,Completed
CMP3619,Vuma Winter Promo,Vuma,Kaya FM,Gauteng,2026-01-23,2026-02-17,56,59,340102.14,vuma60@example.com,08266298, active 
CMP7366,Toyota Winter Promo,Toyota,YFM,Gauteng,2026-04-21,2026-05-14,121,110,464476.84,toyota75@example.com,0673676815,COMPLETED
CMP4483,Vuma Winter Promo,Vuma,Ukhozi FM,KZN,2026-03-12,2026-03-30,51,38,139620.42,vuma42@example.com,0839017174,COMPLETED
CMP5237,Checkers Winter Promo,Checkers,Metro FM,EC,2026-05-05,2026-05-17,117,121,122013.31,checkers80@example.com,08335097,Completed
CMP1121,Toyota Winter Promo,Toyota,947,KZN,2026-06-15,2026-07-09,136,121,51794.33,toyota10@example.com,0632354593,Active
CMP2476,Checkers Winter Promo,Checkers,947,Gauteng,2026-02-15,2026-03-05,189,180,415940.14,checkers58@example.com,0648564057,Active
CMP4786,Shoprite Winter Promo,Shoprite,Jacaranda,EC,2026-06-12,2026-07-06,61,56,367200.76,shoprite65@example.com,0822025514, active 
CMP9351,Toyota Winter Promo,Toyota,Ukhozi FM,EC,2026-05-25,2026-06-16,58,43,261890.66,toyota48@example.com,0684337556,Paused
CMP8766,Money Market Winter Promo,Money Market,Ukhozi FM,EC,04/03/2026,2026-03-24,37,37,,moneymarket54@example.com,0662867701,Active
CMP8734,Money Market Winter Promo,Money Market,Kaya FM,EC,2026-04-07,2026-04-12,197,185,146079.22,moneymarket44@example.com,0789799879,Paused
CMP1142,Shoprite Winter Promo,Shoprite,YFM,KZN,2026-02-22,2026-03-11,61,47,165951.28,shoprite58@example.com,0788877447,Completed
CMP6373,Vuma Winter Promo,Vuma,Metro FM,EC,2026-03-11,2026-03-17,24,26,203026.77,vuma74@example.com,0723008867,Paused
CMP2356,Shoprite Winter Promo,Shoprite,Jacaranda,KZN,2026-03-12,2026-04-11,79,73,327583.68,shoprite49@example.com,0865534852,COMPLETED
CMP1815,Coke Winter Promo,Coke,Kaya FM,Gauteng,2026-01-01,2026-01-27,199,184,374044.32,coke55@example.com,0875245725,Completed
CMP6303,Money Market Winter Promo,Money Market,Kaya FM,WC,2026-01-21,2026-02-20,111,98,406658.65,moneymarket56@example.com,0868878903,Active
CMP2878,Coke Winter Promo,Coke,947,Gauteng,2026-02-01,2026-02-27,147,149,11979.06,coke26@example.com,0623735276,COMPLETED
CMP8822, Shoprite Winter Promo ,Shoprite,947,WC,2026-04-29,2026-05-11,185,177,34884.52,shoprite17@example.com,0787595043,Completed
CMP2500,Toyota Winter Promo,Toyota,947,KZN,2026-02-14,2026-02-20,62,53,179937.85,toyota55@example.com,0651916325, active 
CMP3059,Checkers Winter Promo,Checkers,Jacaranda,KZN,2026-03-23,2026-04-03,195,184,203794.17,checkers18example.com,08854646, active 
CMP8740,Shoprite Winter Promo,Shoprite,947,KZN,2026-02-17,2026-03-19,65,66,242507.47,shoprite53@example.com,0868512980,
CMP7985,Money Market Winter Promo,Money Market,Ukhozi FM,WC,2026-02-14,2026-03-01,101,100,96833.88,moneymarket38@example.com,0794126926,
CMP1778,Checkers Winter Promo,Checkers,Kaya FM,Gauteng,2026-01-08,2026-01-14,196,197,229602.8,checkers73@example.com,06672567,Completed
CMP3417,Coke Winter Promo,Coke,947,Gauteng,2026-03-11,2026-03-19,53,48,247324.43,coke49@example.com,0612765006,Paused
CMP6417,Toyota Winter Promo,Toyota,Kaya FM,KZN,2026-02-09,2026-02-14,31,29,45502.51,toyota14@example.com,0619282627, active 
CMP8862,Toyota Winter Promo,Toyota,Metro FM,KZN,14/03/2026,2026-04-05,76,77,428286.41,toyota5@example.com,0836338910,Completed
CMP6180,Money Market Winter Promo,Money Market,Kaya FM,Gauteng,2026-02-21,2026-03-20,178,171,96281.69,moneymarket70@example.com,0632452928,Completed
CMP7529,Checkers Winter Promo,Checkers,Ukhozi FM,EC,2026-01-05,2026-01-20,76,67,95046.92,checkers36example.com,0679183171,Active
CMP3013,Coke Winter Promo,Coke,947,WC,2026-06-09,2026-06-28,52,,349286.56,coke27@example.com,0843269185, active 
CMP8957,Shoprite Winter Promo,Shoprite,947,KZN,10/06/2026,2026-06-19,26,19,347881.82,shoprite19@example.com,0691647553,Completed
CMP7630,Vuma Winter Promo,Vuma,Jacaranda,KZN,2026-03-12,2026-03-23,113,111,159766.42,vuma33example.com,0601058311,COMPLETED
CMP8230,Toyota Winter Promo,Toyota,Kaya FM,WC,2026-01-30,2026-02-25,89,80,89416.88,toyota10@example.com,0712099559,
CMP8287,Money Market Winter Promo,Money Market,947,EC,2026-02-11,2026-02-21,155,149,34941.73,moneymarket71@example.com,0897398803,
CMP5361,Money Market Winter Promo,Money Market,947,Gauteng,2026-03-17,2026-03-23,134,137,226920.62,moneymarket30@example.com,0853965309,Active
CMP8210, Coke Winter Promo ,Coke,Jacaranda,WC,10/02/2026,2026-03-05,157,156,58396.16,coke63@example.com,0751645388,Completed
CMP6300,Checkers Winter Promo,Checkers,Metro FM,KZN,2026-04-19,2026-05-09,64,61,130251.33,checkers51@example.com,0879161586,Active
CMP7623,Money Market Winter Promo,Money Market,Ukhozi FM,Gauteng,2026-01-19,2026-02-04,48,41,339171.17,moneymarket48@example.com,0854856336,Active
CMP3229,Shoprite Winter Promo,shoprite,YFM,WC,2026-01-15,2026-01-25,58,56,246884.44,shoprite50@example.com,0637090304,Paused
CMP4181,Coke Winter Promo,Coke,Metro FM,WC,2026-04-30,2026-05-13,62,49,107692.59,coke25@example.com,0744196629, active 
CMP9549,Toyota Winter Promo,Toyota,Metro FM,EC,2026-01-31,2026-02-19,191,187,336932.39,toyota7@example.com,0767390350, active 
CMP4967,Toyota Winter Promo,Toyota,Metro FM,EC,2026-03-29,2026-04-19,58,,476830.11,toyota35@example.com,06786086,Completed
CMP2875,Checkers Winter Promo,Checkers,Ukhozi FM,WC,2026-02-05,2026-03-07,118,122,113488.45,checkers97@example.com,0699325685, active 
CMP8226,Toyota Winter Promo,Toyota,Kaya FM,EC,06/02/2026,2026-03-01,146,,14935.59,toyota33@example.com,0872635523,
CMP7910,Shoprite Winter Promo,Shoprite,947,KZN,2026-06-10,2026-06-27,58,49,496663.16,shoprite77@example.com,0799897051,COMPLETED
CMP9682,Checkers Winter Promo,Checkers,Ukhozi FM,KZN,2026-05-25,2026-06-10,76,70,146455.23,checkers97@example.com,0797511361, active 
CMP9036,Vuma Winter Promo,Vuma,Kaya FM,Gauteng,2026-02-23,2026-03-04,125,124,332314.54,vuma10@example.com,0878415516, active 
CMP5120,Vuma Winter Promo,Vuma,YFM,EC,2026-02-02,2026-02-07,90,77,118019.41,vuma78@example.com,0613338067,Paused
CMP1850,Vuma Winter Promo,Vuma,Ukhozi FM,KZN,2026-04-18,2026-04-23,193,182,425782.86,vuma54@example.com,0815122553, active 
CMP4696,Shoprite Winter Promo,Shoprite,Jacaranda,WC,2026-02-02,2026-02-15,171,160,230302.7,shoprite72@example.com,0776550206, active 
CMP3795, Vuma Winter Promo ,Vuma,Metro FM,KZN,2026-06-21,2026-06-29,115,100,414210.93,vuma50@example.com,0821073064,
CMP9176,Toyota Winter Promo,Toyota,947,EC,2026-06-06,2026-06-26,111,109,329142.48,toyota4@example.com,0635472969,Active
CMP9640,Checkers Winter Promo,Checkers,Jacaranda,Gauteng,2026-03-24,2026-04-17,130,133,62080.5,checkers23@example.com,0659469165,COMPLETED
CMP2292,Vuma Winter Promo,Vuma,Kaya FM,KZN,2026-06-25,2026-07-19,55,56,324731.15,vuma92@example.com,0671815945, active 
CMP4965,Toyota Winter Promo,Toyota,Metro FM,Gauteng,2026-03-15,2026-04-09,162,148,432003.33,toyota27@example.com,0849534754,
CMP3424,Checkers Winter Promo,Checkers,947,WC,2026-06-07,2026-06-27,52,50,261707.34,checkers11@example.com,0856861184,
CMP3401,Coke Winter Promo,Coke,Metro FM,EC,2026-03-17,2026-04-07,185,176,91781.22,coke62@example.com,0747789338,Completed
CMP5760,Shoprite Winter Promo,Shoprite,Ukhozi FM,EC,2026-03-28,2026-04-21,116,105,205094.7,shoprite97@example.com,0744338152,Active
CMP5282,Checkers Winter Promo,Checkers,947,Gauteng,2026-04-22,2026-05-10,126,119,360892.52,checkers40example.com,0896789800,
CMP2497, Shoprite Winter Promo ,Shoprite,947,Gauteng,2026-03-01,2026-03-23,150,141,,shoprite66@example.com,0677912014,COMPLETED
CMP4865,Vuma Winter Promo,vuma,Ukhozi FM,WC,2026-03-28,2026-04-02,56,56,142409.49,vuma64@example.com,0817821109,Paused
CMP3477,Coke Winter Promo,Coke,Metro FM,WC,2026-01-09,2026-01-14,199,188,242242.53,coke3@example.com,0717395499,Paused
CMP1313,Checkers Winter Promo,Checkers,YFM,EC,06/06/2026,2026-06-24,37,35,216890.05,checkers98@example.com,07638712, active 
CMP6688,Coke Winter Promo,Coke,Metro FM,EC,2026-04-14,2026-05-08,81,82,105182.94,coke65@example.com,0761849496, active 
CMP5690,Vuma Winter Promo,Vuma,Kaya FM,EC,2026-02-06,2026-03-04,45,40,485457.99,vuma26@example.com,0883571014,
CMP1389,Toyota Winter Promo,Toyota,YFM,Gauteng,25/02/2026,2026-03-04,60,56,49988.21,toyota52@example.com,0889771592,Paused
CMP4328,Coke Winter Promo,Coke,Metro FM,WC,2026-03-07,2026-03-23,113,99,344956.84,coke35@example.com,0823964249,
CMP2250,Shoprite Winter Promo,Shoprite,Metro FM,WC,2026-06-14,2026-07-06,99,104,94509.73,shoprite48@example.com,0859148460, active 
CMP9639,Vuma Winter Promo,Vuma,947,Gauteng,2026-05-28,2026-06-13,20,23,377428.79,vuma61@example.com,0852014149,COMPLETED
CMP4851,Toyota Winter Promo,Toyota,947,Gauteng,2026-06-24,2026-07-02,181,175,409459.04,toyota67@example.com,0894829096, active 
CMP2749,Toyota Winter Promo,Toyota,Jacaranda,EC,2026-03-20,2026-03-28,59,52,17011.3,toyota59@example.com,0735535792,COMPLETED
CMP6803,Coke Winter Promo,Coke,Kaya FM,Gauteng,2026-03-01,2026-03-13,188,,219562.69,coke76@example.com,0751915850,Paused
CMP4449,Coke Winter Promo,Coke,Kaya FM,Gauteng,2026-04-16,2026-05-01,159,156,248819.23,coke22@example.com,0866229045,
CMP4624,Toyota Winter Promo,Toyota,Ukhozi FM,WC,20/05/2026,2026-06-11,62,52,,toyota35@example.com,0897610753,COMPLETED
CMP1999,Toyota Winter Promo,Toyota,Ukhozi FM,KZN,2026-06-20,2026-07-13,32,21,193057.73,toyota70@example.com,08751453,Paused
CMP4632,Money Market Winter Promo,Money Market,Jacaranda,EC,2026-01-31,2026-03-01,121,119,461566.03,moneymarket44@example.com,0824052921,Completed
CMP4387,Vuma Winter Promo,Vuma,Metro FM,WC,2026-01-04,2026-01-11,173,169,131033.79,vuma2@example.com,0784008186,Completed
CMP1922,Toyota Winter Promo,Toyota,Ukhozi FM,Gauteng,2026-06-03,2026-06-19,66,53,424901.17,toyota53@example.com,0607839050,COMPLETED
CMP7537,Toyota Winter Promo,Toyota,947,Gauteng,2026-02-10,2026-02-25,25,10,439808.2,toyota72@example.com,0699152546,Active
CMP8334,Money Market Winter Promo,Money Market,947,Gauteng,2026-04-27,2026-05-14,146,132,218829.73,moneymarket65@example.com,0838955886,Paused
CMP9350,Shoprite Winter Promo,Shoprite,YFM,WC,2026-04-01,2026-04-30,150,,90775.59,shoprite95@example.com,0627013525,COMPLETED
CMP4252,Coke Winter Promo,Coke,Metro FM,EC,2026-01-23,2026-02-15,192,194,414575.95,coke23@example.com,06011518,Active
CMP5040, Money Market Winter Promo ,Money Market,Kaya FM,WC,2026-01-09,2026-01-24,43,30,477362.64,moneymarket80example.com,0873517825,Paused
CMP3874,Coke Winter Promo,coke,Metro FM,EC,2026-06-09,2026-06-27,60,53,137975.97,coke73example.com,0615007323, active 
CMP7137,Toyota Winter Promo,Toyota,YFM,Gauteng,2026-01-19,2026-02-05,167,172,121741.94,toyota2@example.com,0696344902,Active
CMP6123,Checkers Winter Promo,Checkers,Kaya FM,EC,2026-02-05,2026-02-11,119,108,89207.23,checkers6@example.com,06581180,COMPLETED
CMP3388,Shoprite Winter Promo,Shoprite,Metro FM,Gauteng,2026-04-12,2026-04-29,82,82,,shoprite48@example.com,0735395718,COMPLETED
CMP5095, Toyota Winter Promo ,Toyota,Ukhozi FM,WC,2026-02-16,2026-03-08,156,148,388715.11,toyota15@example.com,0803655773,COMPLETED
CMP3227,Coke Winter Promo,Coke,YFM,Gauteng,2026-05-27,2026-06-04,128,116,235704.33,coke84@example.com,0733274127,
CMP7658,Shoprite Winter Promo,Shoprite,Metro FM,Gauteng,2026-01-04,2026-01-24,117,111,226562.4,shoprite92@example.com,0829298506,Active
CMP1036,Toyota Winter Promo,Toyota,Kaya FM,KZN,2026-04-12,2026-04-22,131,124,337198.99,toyota29@example.com,0788423094,
CMP2305,Coke Winter Promo,Coke,947,WC,2026-06-11,2026-06-21,74,66,279597.21,coke47@example.com,0768442251,
CMP9756, Money Market Winter Promo ,money market,Ukhozi FM,WC,2026-05-02,2026-05-08,150,141,,moneymarket84@example.com,0621036087,Active
CMP9837,Coke Winter Promo,Coke,Ukhozi FM,WC,2026-05-04,2026-05-26,133,,436883.91,coke20@example.com,0894485623,
CMP3112,Vuma Winter Promo,Vuma,947,WC,2026-04-21,2026-05-19,53,58,389781.91,vuma52@example.com,0794721276,Completed
CMP8247,Shoprite Winter Promo,Shoprite,Metro FM,Gauteng,2026-02-07,2026-02-20,175,180,,shoprite30@example.com,0758941458,
CMP2352,Coke Winter Promo,Coke,Ukhozi FM,WC,2026-02-13,2026-03-07,60,60,154777.08,coke98@example.com,0646478071,Paused
CMP8536,Money Market Winter Promo,Money Market,Kaya FM,Gauteng,2026-06-09,2026-06-20,63,51,317687.82,moneymarket72@example.com,0807661639,Paused
CMP3957,Vuma Winter Promo,Vuma,Jacaranda,Gauteng,2026-05-17,2026-05-26,79,72,38231.84,vuma98@example.com,0657020551,Paused
CMP9241,Shoprite Winter Promo,Shoprite,Ukhozi FM,KZN,2026-02-28,2026-03-24,72,66,499135.12,shoprite83@example.com,0872590237,COMPLETED
CMP8814,Money Market Winter Promo,Money Market,947,Gauteng,2026-06-29,2026-07-13,96,90,436330.11,moneymarket80@example.com,0789580766, active 
CMP6415,Toyota Winter Promo,Toyota,947,WC,2026-04-24,2026-05-07,189,178,,toyota51example.com,0735193844, active 
CMP8114,Money Market Winter Promo,Money Market,Kaya FM,KZN,2026-04-19,2026-05-10,121,108,447032.28,moneymarket39@example.com,08447386,Active
CMP2072,Money Market Winter Promo,Money Market,947,Gauteng,2026-06-17,2026-07-10,130,119,248658.31,moneymarket54example.com,0777536454, active 
CMP7491,Coke Winter Promo,Coke,Metro FM,Gauteng,2026-05-28,2026-06-10,152,155,,coke16@example.com,0843621959, active 
CMP5335,Toyota Winter Promo,Toyota,YFM,KZN,28/05/2026,2026-06-04,93,83,217093.12,toyota45@example.com,0649958771,Active
CMP1271, Toyota Winter Promo ,Toyota,YFM,Gauteng,2026-03-31,2026-04-22,48,48,437282.47,toyota38@example.com,0696863449,
CMP5216,Coke Winter Promo,Coke,YFM,Gauteng,2026-01-01,2026-01-07,54,42,395008.24,coke93@example.com,0712153737,
CMP2267,Toyota Winter Promo,Toyota,Jacaranda,Gauteng,2026-04-12,2026-05-12,158,158,63415.75,toyota9@example.com,0704537809,
CMP2448,Vuma Winter Promo,Vuma,Jacaranda,WC,2026-05-11,2026-06-02,161,152,290310.04,vuma97@example.com,0859534712,
CMP8968,Checkers Winter Promo,checkers,Ukhozi FM,EC,29/03/2026,2026-04-03,107,103,404642.05,checkers56@example.com,0833548815,Completed
CMP9703,Toyota Winter Promo,Toyota,Metro FM,EC,2026-02-24,2026-03-20,186,175,124630.08,toyota29@example.com,0666681471,Completed
CMP8550,Shoprite Winter Promo,Shoprite,947,Gauteng,2026-02-27,2026-03-10,185,188,43119.12,shoprite78@example.com,0673771172,Active
CMP6141,Vuma Winter Promo,Vuma,Kaya FM,WC,2026-06-29,2026-07-23,78,82,343084.46,vuma4@example.com,0759546491,Completed
CMP9412,Shoprite Winter Promo,Shoprite,947,Gauteng,2026-02-11,2026-02-22,76,,88407.99,shoprite82@example.com,0851967603,Paused
CMP3519,Shoprite Winter Promo,Shoprite,Jacaranda,KZN,2026-06-12,2026-07-06,46,,188887.12,shoprite24@example.com,0793018707,
CMP5646,Checkers Winter Promo,Checkers,Jacaranda,EC,16/04/2026,2026-04-30,87,77,190123.69,checkers76@example.com,0852985771,Paused
CMP4174,Toyota Winter Promo,Toyota,947,EC,2026-02-05,2026-02-10,87,83,80400.07,toyota4@example.com,0672784629,
CMP6569,Toyota Winter Promo,Toyota,Metro FM,EC,2026-02-04,2026-03-04,98,96,306111.35,toyota73@example.com,0607942447,COMPLETED
CMP9398,Toyota Winter Promo,Toyota,Ukhozi FM,Gauteng,2026-02-02,2026-02-13,124,123,437075.84,toyota50@example.com,0695605021,Active
CMP2810,Shoprite Winter Promo,Shoprite,947,Gauteng,2026-03-15,2026-04-02,198,198,244263.71,shoprite10@example.com,0764762688,Completed
CMP1271,Shoprite Winter Promo,shoprite,Kaya FM,EC,29/01/2026,2026-02-06,138,139,459273.85,shoprite57@example.com,0729174183,
CMP7659,Toyota Winter Promo,Toyota,Kaya FM,KZN,2026-04-19,2026-05-06,113,116,158627.95,toyota71@example.com,0616523333, active 
CMP5900,Shoprite Winter Promo,Shoprite,947,KZN,2026-02-17,2026-02-24,88,82,427844.17,shoprite53@example.com,0717017651,
CMP8052,Shoprite Winter Promo,Shoprite,Jacaranda,Gauteng,2026-03-20,2026-04-19,154,144,407979.52,shoprite71@example.com,0618683890,
CMP2959,Coke Winter Promo,Coke,Jacaranda,WC,05/06/2026,2026-06-30,30,27,31551.05,coke33@example.com,0612233885,
CMP9438, Money Market Winter Promo ,Money Market,947,WC,2026-06-17,2026-07-06,75,65,195414.22,moneymarket61@example.com,0678403003, active 
CMP8880,Toyota Winter Promo,Toyota,Ukhozi FM,Gauteng,2026-04-13,2026-04-24,94,97,337020.32,toyota30@example.com,0897984864,
CMP9789,Vuma Winter Promo,Vuma,Kaya FM,KZN,2026-04-20,2026-05-15,178,167,407587.65,vuma96@example.com,0847100306,Completed
CMP2648,Coke Winter Promo,Coke,Metro FM,KZN,05/03/2026,2026-03-21,172,164,339438.87,coke21@example.com,0624695909,Active
CMP1137,Coke Winter Promo,Coke,Ukhozi FM,EC,2026-05-08,2026-05-29,190,192,24508.7,coke35@example.com,0625946347,Completed
CMP4115,Toyota Winter Promo,Toyota,Ukhozi FM,Gauteng,2026-06-14,2026-07-05,42,30,340107,toyota72@example.com,0821431903,Completed
CMP1713, Vuma Winter Promo ,Vuma,Jacaranda,Gauteng,2026-04-07,2026-04-17,79,74,219391.5,vuma32@example.com,0794552214,Completed
CMP7837,Money Market Winter Promo,Money Market,YFM,Gauteng,2026-05-13,2026-05-24,159,158,309946.56,moneymarket11@example.com,0717745625, active 
CMP5806,Shoprite Winter Promo,Shoprite,947,WC,2026-05-10,2026-06-05,144,141,124234.1,shoprite49@example.com,0753976025,COMPLETED
CMP8980,Shoprite Winter Promo,Shoprite,Metro FM,WC,2026-04-30,2026-05-09,158,154,373222.82,shoprite54@example.com,0796363847, active 
CMP2730,Vuma Winter Promo,Vuma,947,WC,2026-02-17,2026-03-11,134,,58246.24,vuma48example.com,0892865919,COMPLETED
CMP8031,Toyota Winter Promo,Toyota,947,Gauteng,2026-06-24,2026-07-20,125,117,394030.69,toyota76@example.com,0723196353,Active
CMP4056, Money Market Winter Promo ,money market,947,WC,2026-04-19,2026-05-04,79,74,345649.04,moneymarket1@example.com,0759541258,Active
CMP5711,Checkers Winter Promo,Checkers,YFM,WC,2026-02-07,2026-02-14,86,86,148384.97,checkers12@example.com,0698695248,Completed
CMP1867,Vuma Winter Promo,Vuma,Kaya FM,WC,2026-04-24,2026-05-22,68,72,475038.94,vuma75@example.com,0815179368, active 
CMP7758,Shoprite Winter Promo,Shoprite,Jacaranda,Gauteng,2026-03-19,2026-04-05,117,117,27498.22,shoprite80@example.com,0874726104,Completed
CMP8991,Shoprite Winter Promo,Shoprite,947,WC,2026-05-30,2026-06-16,191,187,48489.36,shoprite69example.com,0684505690,Completed
CMP7596,Shoprite Winter Promo,Shoprite,947,EC,2026-02-04,2026-03-05,192,197,462090.41,shoprite84@example.com,0801903730,COMPLETED
CMP1311,Vuma Winter Promo,Vuma,Jacaranda,Gauteng,2026-04-08,2026-04-22,37,25,279161.09,vuma74@example.com,0817743982,Active
CMP7813,Shoprite Winter Promo,Shoprite,YFM,KZN,2026-03-15,2026-03-25,94,,336077.58,shoprite62@example.com,0693298368,Completed
CMP6126,Money Market Winter Promo,Money Market,Jacaranda,KZN,2026-04-07,2026-05-05,20,13,459099.47,moneymarket82@example.com,0734421544,
CMP4729,Vuma Winter Promo,Vuma,Kaya FM,EC,2026-03-17,2026-03-29,110,110,467869.66,vuma89@example.com,0823699571,Paused
CMP4399,Checkers Winter Promo,Checkers,YFM,EC,2026-04-22,2026-05-14,133,132,33890.13,checkers28@example.com,0794269881,COMPLETED
CMP3405,Money Market Winter Promo,Money Market,Kaya FM,EC,2026-01-25,2026-02-12,149,146,154408.78,moneymarket97@example.com,0797157015,Active
CMP1463,Shoprite Winter Promo,Shoprite,Ukhozi FM,WC,2026-01-12,2026-02-04,140,144,196318.83,shoprite76@example.com,0895092816,Completed
CMP5707,Checkers Winter Promo,Checkers,Metro FM,EC,2026-02-25,2026-03-22,107,93,107979.29,checkers41example.com,0764767734,
CMP3489,Coke Winter Promo,Coke,YFM,WC,2026-02-05,2026-02-13,20,13,46929.04,coke97@example.com,0604944712,COMPLETED
CMP3001,Vuma Winter Promo,Vuma,Metro FM,Gauteng,2026-06-14,2026-07-14,27,,152888.16,vuma50@example.com,0704055867,Completed
CMP7783,Money Market Winter Promo,Money Market,YFM,Gauteng,2026-05-08,2026-05-27,81,69,252610.64,moneymarket18@example.com,0604855213,Active
CMP5074,Toyota Winter Promo,Toyota,Ukhozi FM,KZN,2026-06-25,2026-07-16,63,56,200864.24,toyota48@example.com,0621501204,COMPLETED
CMP4929,Checkers Winter Promo,Checkers,Kaya FM,WC,2026-03-09,2026-03-21,170,169,335273.44,checkers35@example.com,0883510338,Active
CMP3470,Checkers Winter Promo,Checkers,Jacaranda,WC,2026-01-07,2026-01-30,128,129,399107.75,checkers5@example.com,0707527722, active 
CMP4996,Vuma Winter Promo,Vuma,Jacaranda,EC,2026-05-27,2026-06-23,97,95,204610.37,vuma26@example.com,0686363923,Completed
CMP9410,Coke Winter Promo,Coke,Jacaranda,WC,2026-02-20,2026-03-08,99,89,280668.88,coke93@example.com,0755830962,COMPLETED
CMP2097, Vuma Winter Promo ,Vuma,Metro FM,Gauteng,2026-04-25,2026-05-23,111,96,430450.38,vuma21@example.com,0647951452,Paused
CMP1725,Shoprite Winter Promo,Shoprite,Metro FM,KZN,2026-06-26,2026-07-23,64,69,462937.31,shoprite11@example.com,0816998294,Active
CMP4309,Money Market Winter Promo,Money Market,Jacaranda,WC,2026-02-03,2026-03-03,175,161,152834.91,moneymarket80@example.com,0792847512,Paused
CMP2980,Coke Winter Promo,Coke,Metro FM,Gauteng,2026-06-14,2026-07-06,198,,89395.28,coke21@example.com,0775656156,COMPLETED
CMP9774,Checkers Winter Promo,Checkers,Ukhozi FM,Gauteng,2026-01-20,2026-01-30,73,66,46652,checkers23@example.com,0881370950,
CMP4856,Toyota Winter Promo,toyota,Ukhozi FM,WC,2026-02-26,2026-03-26,69,71,470002.83,toyota67@example.com,0789861279,COMPLETED
CMP6055,Money Market Winter Promo,Money Market,Kaya FM,EC,2026-04-08,2026-04-16,182,175,298554.03,moneymarket58@example.com,0873940249, active 
CMP4884,Shoprite Winter Promo,Shoprite,Jacaranda,WC,2026-03-30,2026-04-28,156,152,365437.1,shoprite78example.com,0607038760,Paused
CMP5830,Toyota Winter Promo,Toyota,YFM,Gauteng,20/01/2026,2026-02-15,152,151,335487.83,toyota57@example.com,0755786490,COMPLETED
CMP3461,Checkers Winter Promo,Checkers,947,KZN,2026-03-24,2026-03-29,141,139,74617.67,checkers93example.com,0891573276,Paused
CMP5472,Coke Winter Promo,Coke,YFM,WC,2026-04-17,2026-05-09,75,62,147909.64,coke77@example.com,0747369936,
CMP5037,Toyota Winter Promo,Toyota,Metro FM,KZN,2026-04-09,2026-05-08,139,136,44813.97,toyota71@example.com,0797877284,
CMP5105,Toyota Winter Promo,Toyota,Kaya FM,KZN,2026-04-09,2026-04-15,178,163,,toyota21@example.com,0803090953,Paused
CMP6123,Toyota Winter Promo,Toyota,947,KZN,2026-06-01,2026-06-07,95,84,271562.15,toyota67@example.com,0638090856,Active
CMP7611,Shoprite Winter Promo,Shoprite,Kaya FM,KZN,2026-04-29,2026-05-17,71,56,398886.9,shoprite78example.com,0821066438,Active
CMP1329,Vuma Winter Promo,Vuma,Ukhozi FM,Gauteng,2026-01-14,2026-02-11,76,72,17467.83,vuma74@example.com,0734820727,
CMP3762,Shoprite Winter Promo,Shoprite,Jacaranda,Gauteng,09/05/2026,2026-06-06,90,75,316669.14,shoprite55@example.com,0641673339,Completed
CMP2687,Money Market Winter Promo,Money Market,Kaya FM,KZN,2026-03-18,2026-03-23,164,154,279292.37,moneymarket68@example.com,0845344583, active 
CMP5507, Coke Winter Promo ,Coke,Jacaranda,EC,2026-05-26,2026-06-21,123,120,156191.53,coke41@example.com,0661443837,Active
CMP6667,Coke Winter Promo,Coke,947,Gauteng,2026-04-11,2026-05-06,110,107,101517.76,coke97@example.com,0692764413,Active
CMP6717,Shoprite Winter Promo,Shoprite,Jacaranda,WC,2026-03-20,2026-04-13,67,58,185086.14,shoprite83@example.com,0671836211,Active
CMP3896,Checkers Winter Promo,Checkers,YFM,KZN,2026-04-25,2026-05-14,74,76,144227.06,checkers38@example.com,0865102991,
CMP3588,Shoprite Winter Promo,Shoprite,YFM,WC,2026-06-25,2026-07-15,120,124,328824.43,shoprite59@example.com,0841222825, active 
CMP3164,Shoprite Winter Promo,Shoprite,Kaya FM,EC,2026-02-05,2026-03-02,113,113,481174.08,shoprite13@example.com,0753923724,Completed
CMP9101,Checkers Winter Promo,Checkers,YFM,EC,03/01/2026,2026-01-26,43,45,39483.35,checkers29@example.com,0849019590,Completed
CMP8094,Money Market Winter Promo,Money Market,Kaya FM,EC,2026-03-04,2026-03-24,137,125,363419.54,moneymarket80@example.com,0613672931,Active
CMP4149,Coke Winter Promo,Coke,Kaya FM,KZN,2026-04-29,2026-05-15,43,40,120218.9,coke88@example.com,0873450541, active 
CMP1864,Toyota Winter Promo,Toyota,Kaya FM,WC,2026-04-25,2026-05-10,148,137,187910.6,toyota53@example.com,0703013686,
CMP1939, Vuma Winter Promo ,Vuma,Jacaranda,EC,2026-01-31,2026-02-24,114,115,495372.7,vuma99@example.com,0765337194,Active
CMP2589,Vuma Winter Promo,Vuma,Ukhozi FM,Gauteng,2026-03-14,2026-04-12,101,95,477584.26,vuma34@example.com,0798360235,COMPLETED
CMP5639,Checkers Winter Promo,Checkers,947,Gauteng,2026-04-21,2026-05-02,90,91,,checkers73@example.com,0619864068,Active
CMP1417,Vuma Winter Promo,Vuma,Metro FM,WC,31/03/2026,2026-04-19,173,172,,vuma89@example.com,0782598437,
CMP4411,Toyota Winter Promo,Toyota,YFM,WC,2026-05-08,2026-06-07,186,172,203322.34,toyota68@example.com,0743727855,Paused
CMP5549,Coke Winter Promo,Coke,947,EC,2026-02-10,2026-03-03,95,83,275256.8,coke8@example.com,0725738324,
CMP5050,Coke Winter Promo,Coke,Ukhozi FM,KZN,2026-05-29,2026-06-08,120,121,,coke58@example.com,0743009307,Completed
CMP4120, Checkers Winter Promo ,Checkers,Metro FM,WC,2026-03-12,2026-04-06,167,154,136293.53,checkers73@example.com,07796159,Completed
CMP4404, Checkers Winter Promo ,Checkers,947,KZN,2026-02-15,2026-03-06,110,110,153831.71,checkers99@example.com,0814287960,Active
CMP5476,Money Market Winter Promo,money market,Kaya FM,WC,2026-02-28,2026-03-19,192,187,440012.03,moneymarket18@example.com,0602496045, active 
CMP5181,Toyota Winter Promo,Toyota,Kaya FM,EC,2026-05-15,2026-05-23,186,180,14556.76,toyota35@example.com,0758686258,Completed
CMP7157,Toyota Winter Promo,Toyota,YFM,Gauteng,2026-02-20,2026-03-07,45,50,162964.43,toyota2@example.com,0622281626,
CMP3555,Checkers Winter Promo,Checkers,Metro FM,Gauteng,2026-01-27,2026-02-07,130,124,247070.02,checkers51@example.com,0659698705,Completed
CMP4014,Coke Winter Promo,Coke,Metro FM,WC,2026-04-20,2026-05-05,92,83,390860.6,coke4@example.com,0859282872, active 
CMP6731,Vuma Winter Promo,Vuma,947,WC,2026-05-29,2026-06-15,200,191,331207.12,vuma59@example.com,0815876817,Paused
CMP2723,Toyota Winter Promo,Toyota,Jacaranda,Gauteng,2026-02-25,2026-03-17,198,191,466045.49,toyota82@example.com,0851102675, active 
CMP9287,Checkers Winter Promo,Checkers,Kaya FM,KZN,2026-06-02,2026-06-21,42,27,292384.04,checkers54@example.com,0705772297,COMPLETED
CMP2229,Checkers Winter Promo,Checkers,YFM,KZN,2026-03-07,2026-03-26,89,78,283184.86,checkers29@example.com,0757520298,COMPLETED
CMP4285,Coke Winter Promo,Coke,Kaya FM,KZN,2026-04-21,2026-05-10,133,127,306001.75,coke50example.com,0826335563, active 
CMP5651,Toyota Winter Promo,Toyota,Metro FM,KZN,2026-03-05,2026-04-01,35,23,381423.21,toyota36@example.com,0631026767,Active
CMP1569, Toyota Winter Promo ,Toyota,YFM,Gauteng,2026-04-08,2026-05-05,35,31,,toyota54@example.com,0627859740,COMPLETED
CMP7526, Toyota Winter Promo ,Toyota,Kaya FM,KZN,2026-03-23,2026-04-07,183,173,292107.45,toyota72example.com,0895603608,COMPLETED
CMP8962, Toyota Winter Promo ,Toyota,947,Gauteng,2026-02-02,2026-02-12,58,54,408645.65,toyota76@example.com,0627234414,Completed
CMP8960,Toyota Winter Promo,Toyota,YFM,KZN,2026-03-07,2026-03-22,59,50,81355.36,toyota68@example.com,0644142764, active 
CMP9225,Toyota Winter Promo,Toyota,Kaya FM,Gauteng,2026-02-01,2026-02-14,100,86,358056.29,toyota70@example.com,0647285544,Paused
CMP6067,Vuma Winter Promo,Vuma,Ukhozi FM,Gauteng,2026-04-26,2026-05-22,136,125,399085.11,vuma14@example.com,0863036097,
CMP1133,Coke Winter Promo,coke,YFM,KZN,2026-02-26,2026-03-16,118,111,44067.73,coke8@example.com,0769540566, active 
CMP5706,Checkers Winter Promo,Checkers,YFM,Gauteng,2026-06-19,2026-07-14,158,150,328856.59,checkers25example.com,0897497706,
CMP1564,Vuma Winter Promo,Vuma,YFM,Gauteng,12/03/2026,2026-03-19,34,37,163482.06,vuma48@example.com,0777115217,COMPLETED
CMP2330,Shoprite Winter Promo,Shoprite,Ukhozi FM,EC,2026-02-11,2026-02-25,149,134,287013.62,shoprite24example.com,0708676975,COMPLETED
CMP4989,Shoprite Winter Promo,Shoprite,Kaya FM,WC,2026-05-19,2026-06-09,180,168,491859.81,shoprite7@example.com,0833279255,Active
CMP6078,Money Market Winter Promo,Money Market,Metro FM,KZN,2026-04-03,2026-04-30,20,16,341118.56,moneymarket93@example.com,0713936325,Completed
CMP9638,Money Market Winter Promo,Money Market,Ukhozi FM,WC,2026-04-18,2026-05-01,133,130,311930.09,moneymarket57@example.com,0687215353,Completed
CMP6791,Coke Winter Promo,Coke,947,KZN,2026-02-17,2026-03-05,105,99,340660.49,coke23@example.com,07291668,Active
CMP4969,Vuma Winter Promo,Vuma,YFM,KZN,2026-06-02,2026-06-24,71,75,17435.39,vuma36@example.com,0748948642, active 
CMP9825,Coke Winter Promo,Coke,Jacaranda,KZN,2026-05-03,2026-05-25,98,88,143132.41,coke62@example.com,06172692,Paused
CMP9025, Checkers Winter Promo ,Checkers,Kaya FM,KZN,2026-02-08,2026-02-28,121,111,482135.87,checkers27@example.com,0684382069,Active
CMP7540,Vuma Winter Promo,Vuma,Ukhozi FM,Gauteng,2026-02-25,2026-03-09,153,140,442857.55,vuma37@example.com,0898920124, active 
CMP7850,Vuma Winter Promo,Vuma,947,Gauteng,2026-02-28,2026-03-19,90,94,460811.32,vuma76@example.com,0705821791,
CMP9525,Vuma Winter Promo,Vuma,Kaya FM,WC,2026-01-05,2026-01-23,156,153,366172.06,vuma28@example.com,0723767564,Active
CMP8322,Vuma Winter Promo,Vuma,Metro FM,KZN,2026-04-01,2026-04-16,102,99,352669.2,vuma48@example.com,0672616185,Completed
CMP7914,Toyota Winter Promo,Toyota,947,Gauteng,2026-02-03,2026-02-20,67,,329116.02,toyota1@example.com,0886388327, active 
CMP6339,Toyota Winter Promo,Toyota,YFM,KZN,2026-06-07,2026-07-04,88,73,152133.59,toyota18@example.com,0896180614, active 
CMP5407,Vuma Winter Promo,vuma,YFM,KZN,2026-06-29,2026-07-28,108,95,,vuma85@example.com,0803926833,Completed
CMP1300,Toyota Winter Promo,Toyota,947,WC,2026-01-17,2026-02-02,25,22,224861.77,toyota53@example.com,0888151072,COMPLETED
CMP1089,Vuma Winter Promo,Vuma,Jacaranda,Gauteng,2026-03-01,2026-03-07,152,,84936.57,vuma64@example.com,0646772805,Paused
CMP1298,Checkers Winter Promo,Checkers,947,KZN,2026-06-29,2026-07-15,125,110,195674.34,checkers28@example.com,0811086871,COMPLETED
CMP4194,Coke Winter Promo,Coke,947,WC,2026-06-19,2026-07-12,114,112,65183.03,coke26@example.com,0678011219,COMPLETED
CMP8779,Vuma Winter Promo,Vuma,Jacaranda,KZN,2026-02-07,2026-03-05,169,,138442.01,vuma96@example.com,0898902008,Paused
CMP3159,Money Market Winter Promo,Money Market,Metro FM,EC,2026-03-23,2026-04-02,81,72,421202.72,moneymarket45@example.com,0602649828,Completed
CMP3025,Vuma Winter Promo,Vuma,947,WC,2026-01-29,2026-02-20,142,137,151363.64,vuma10@example.com,0663549316,Completed
CMP3375,Toyota Winter Promo,Toyota,YFM,KZN,2026-03-13,2026-03-26,128,131,483608.37,toyota82@example.com,0675328777,Paused
CMP9224,Money Market Winter Promo,Money Market,Kaya FM,WC,2026-03-06,2026-03-27,71,67,291601.02,moneymarket9@example.com,0716957283,Paused
CMP3834, Toyota Winter Promo ,Toyota,Ukhozi FM,EC,2026-05-22,2026-06-14,90,79,396227.62,toyota31@example.com,0897017395,
CMP7740,Checkers Winter Promo,Checkers,Jacaranda,EC,2026-01-18,2026-01-26,43,30,189820.12,checkers8example.com,0616205329,
CMP8494, Toyota Winter Promo ,Toyota,YFM,Gauteng,2026-06-11,2026-06-16,44,41,109547.81,toyota75@example.com,0764667233,COMPLETED
CMP1168,Coke Winter Promo,Coke,Metro FM,WC,2026-02-06,2026-02-13,183,169,352712.07,coke26@example.com,0649923226,COMPLETED
CMP6707,Money Market Winter Promo,Money Market,Jacaranda,KZN,2026-01-08,2026-01-20,40,38,284757.59,moneymarket59@example.com,0626985704, active 
CMP6698,Shoprite Winter Promo,Shoprite,Ukhozi FM,WC,2026-03-26,2026-04-19,113,104,200504.84,shoprite92@example.com,0667162003,Completed
CMP8118,Checkers Winter Promo,Checkers,Jacaranda,Gauteng,2026-06-14,2026-07-03,180,169,,checkers41@example.com,0687510880,Active
CMP1280, Coke Winter Promo ,Coke,Kaya FM,WC,2026-04-25,2026-05-16,46,51,28172.17,coke25@example.com,0744859437,COMPLETED
CMP4326,Money Market Winter Promo,Money Market,Kaya FM,WC,2026-03-04,2026-04-02,171,173,275601.12,moneymarket59@example.com,0622062211,Completed
CMP6760,Checkers Winter Promo,Checkers,YFM,EC,2026-03-23,2026-04-05,71,75,192315.89,checkers2@example.com,0794266175,Active
CMP6516,Money Market Winter Promo,Money Market,Metro FM,EC,2026-03-12,2026-04-09,35,28,,moneymarket98@example.com,0828187534,Completed
CMP5210,Money Market Winter Promo,Money Market,Ukhozi FM,EC,2026-04-09,2026-05-06,175,165,78142.14,moneymarket30@example.com,0867242049,
CMP1345,Money Market Winter Promo,Money Market,Jacaranda,WC,2026-04-29,2026-05-10,151,155,345466.23,moneymarket90@example.com,0662501127,Completed
CMP5221,Vuma Winter Promo,Vuma,947,EC,2026-06-13,2026-06-24,112,117,410282.32,vuma92@example.com,0697892847,Active
CMP4659,Coke Winter Promo,Coke,Metro FM,KZN,2026-02-28,2026-03-28,181,169,412308.03,coke80@example.com,0656651072,COMPLETED
CMP6399,Money Market Winter Promo,Money Market,Kaya FM,KZN,2026-03-26,2026-04-03,104,102,345676.7,moneymarket77@example.com,07768331,Active
CMP7960,Checkers Winter Promo,Checkers,Kaya FM,Gauteng,2026-02-09,2026-02-17,129,119,357191.88,checkers2@example.com,0867899091,
CMP4694,Coke Winter Promo,Coke,947,WC,2026-05-20,2026-06-07,30,23,378578.43,coke71@example.com,0697215447,
CMP1585,Money Market Winter Promo,Money Market,Kaya FM,EC,2026-03-20,2026-03-27,21,20,456163.83,moneymarket35@example.com,0771686829,Completed
CMP1884,Money Market Winter Promo,Money Market,947,EC,2026-06-29,2026-07-07,59,47,128451.09,moneymarket95@example.com,0803913259,Paused
CMP2885, Checkers Winter Promo ,Checkers,Metro FM,WC,2026-04-02,2026-05-02,137,137,157381.89,checkers15@example.com,0825024589,Completed
CMP6359,Shoprite Winter Promo,Shoprite,Metro FM,Gauteng,15/06/2026,2026-07-08,95,80,287620.44,shoprite19@example.com,0764271544,Completed
CMP3485,Toyota Winter Promo,Toyota,Jacaranda,EC,2026-03-09,2026-03-29,27,24,106982.68,toyota67@example.com,0741314177,
CMP7482,Vuma Winter Promo,Vuma,YFM,WC,2026-06-22,2026-07-20,65,51,250669.47,vuma34@example.com,0846414358,Paused
CMP4684,Shoprite Winter Promo,Shoprite,Kaya FM,Gauteng,2026-04-11,2026-04-24,181,185,314232.35,shoprite59@example.com,0804248883,Completed
CMP8836,Coke Winter Promo,Coke,947,EC,01/02/2026,2026-02-21,140,144,334973.59,coke2@example.com,0832810632,Active
CMP2983,Checkers Winter Promo,Checkers,Jacaranda,KZN,2026-01-08,2026-02-03,128,133,134381.19,checkers63@example.com,0605324394,
CMP7284,Checkers Winter Promo,Checkers,Ukhozi FM,KZN,2026-04-13,2026-04-27,194,181,341778.86,checkers8@example.com,0782468863, active 
CMP1744,Toyota Winter Promo,Toyota,Kaya FM,Gauteng,2026-01-15,2026-02-06,155,160,100730.76,toyota81@example.com,0691595927,
CMP7940,Shoprite Winter Promo,Shoprite,947,EC,2026-06-18,2026-07-16,161,153,32210.89,shoprite76@example.com,0745799319,Completed
CMP1921,Toyota Winter Promo,Toyota,Kaya FM,KZN,2026-03-12,2026-03-22,126,131,150951.88,toyota42@example.com,0878121734,
CMP5862, Vuma Winter Promo ,Vuma,Ukhozi FM,EC,2026-01-09,2026-01-26,134,133,78387.41,vuma72@example.com,0811353645,Completed
CMP2657,Toyota Winter Promo,Toyota,Ukhozi FM,KZN,2026-06-02,2026-06-18,53,42,27070.06,toyota31@example.com,0886407637, active 
CMP6510,Vuma Winter Promo,Vuma,Jacaranda,KZN,2026-05-27,2026-06-09,96,82,228914.19,vuma96@example.com,0756985981,Active
CMP2879,Shoprite Winter Promo,Shoprite,Metro FM,WC,2026-02-01,2026-02-14,163,157,270150.17,shoprite38@example.com,0835110319,Paused
CMP8162,Checkers Winter Promo,Checkers,Jacaranda,Gauteng,19/03/2026,2026-04-03,107,,299546.19,checkers29@example.com,0628978726,
CMP1570,Vuma Winter Promo,Vuma,Kaya FM,KZN,2026-04-08,2026-05-08,78,67,163234.99,vuma79@example.com,0841644702,Completed
CMP3824,Shoprite Winter Promo,Shoprite,Jacaranda,KZN,2026-04-02,2026-04-16,174,178,19452.98,shoprite81@example.com,0887986872,Completed
CMP7405,Shoprite Winter Promo,Shoprite,Metro FM,WC,2026-06-01,2026-06-11,134,135,309860.59,shoprite35@example.com,0687086890,Completed
CMP4898, Toyota Winter Promo ,Toyota,YFM,WC,2026-05-25,2026-06-02,193,193,389825.77,toyota35@example.com,0687805420,Paused
CMP6598,Vuma Winter Promo,Vuma,947,WC,2026-02-27,2026-03-15,85,89,460105.07,vuma41@example.com,0609893675,
CMP4410,Checkers Winter Promo,Checkers,947,KZN,2026-02-14,2026-02-24,90,95,497023.52,checkers29example.com,0636434111,Paused
CMP2217,Checkers Winter Promo,Checkers,Jacaranda,WC,2026-01-23,2026-01-30,147,138,297746.99,checkers55@example.com,0657193153,Completed
CMP8511,Checkers Winter Promo,Checkers,Jacaranda,KZN,2026-03-23,2026-04-07,94,80,401247.79,checkers97@example.com,0878196378,Paused
CMP4028,Checkers Winter Promo,Checkers,Metro FM,KZN,2026-02-22,2026-03-02,199,201,,checkers83example.com,0804114613,
CMP2570,Shoprite Winter Promo,Shoprite,947,Gauteng,2026-05-19,2026-06-16,183,172,71788.55,shoprite83@example.com,0646991407,
CMP5412,Shoprite Winter Promo,Shoprite,Kaya FM,KZN,2026-05-03,2026-05-29,42,38,391473.91,shoprite2@example.com,0624455217,Active
CMP4773,Toyota Winter Promo,Toyota,Jacaranda,KZN,2026-05-30,2026-06-20,143,145,379851.84,toyota37@example.com,0674591037, active 
CMP5376,Toyota Winter Promo,Toyota,Jacaranda,WC,2026-06-22,2026-07-10,26,27,45445.28,toyota17@example.com,0884586476,COMPLETED
CMP6649,Vuma Winter Promo,Vuma,Ukhozi FM,KZN,2026-06-25,2026-07-04,21,10,251866.21,vuma42@example.com,0825852086,Completed
CMP5550,Coke Winter Promo,Coke,Metro FM,Gauteng,2026-06-19,2026-07-03,65,62,176958.22,coke1@example.com,0811871540,Active
CMP5394,Coke Winter Promo,Coke,Kaya FM,EC,2026-03-07,2026-03-14,48,45,392371.8,coke86@example.com,0673504973,Paused
CMP1103,Money Market Winter Promo,Money Market,Jacaranda,EC,2026-01-17,2026-02-05,133,138,401351.78,moneymarket60@example.com,0711502292,Completed
CMP4040,Money Market Winter Promo,Money Market,Jacaranda,WC,2026-03-24,2026-03-30,66,51,22786.57,moneymarket92@example.com,0861556603,
CMP6700,Toyota Winter Promo,Toyota,Ukhozi FM,KZN,2026-03-07,2026-03-24,119,122,109276.22,toyota62@example.com,0846489671,
CMP3824,Vuma Winter Promo,Vuma,Jacaranda,EC,2026-01-26,2026-02-09,112,110,254824.76,vuma40@example.com,0864913441,Completed
CMP4742,Money Market Winter Promo,Money Market,947,EC,2026-06-29,2026-07-20,169,159,456493.92,moneymarket59@example.com,0835833255,
CMP6199, Shoprite Winter Promo ,Shoprite,Ukhozi FM,KZN,2026-03-26,2026-04-04,68,65,160649.35,shoprite97@example.com,0859452661,
CMP1688,Coke Winter Promo,Coke,947,WC,2026-01-06,2026-01-17,197,192,139405.03,coke44@example.com,06777305,Active
CMP4391,Vuma Winter Promo,Vuma,Kaya FM,WC,2026-06-02,2026-06-30,90,81,208241.33,vuma23@example.com,0896559341,Completed
CMP2437,Shoprite Winter Promo,Shoprite,Jacaranda,Gauteng,2026-04-29,2026-05-17,173,159,103431.87,shoprite30@example.com,0673941683,Completed
CMP6732,Shoprite Winter Promo,Shoprite,947,EC,2026-04-12,2026-05-05,80,,258692.69,shoprite72@example.com,0876103540,
CMP8202,Shoprite Winter Promo,Shoprite,Kaya FM,Gauteng,2026-05-10,2026-05-26,20,11,13395.15,shoprite94@example.com,08033185,
CMP3546,Money Market Winter Promo,Money Market,Metro FM,Gauteng,2026-02-06,2026-02-11,191,185,,moneymarket94@example.com,0899451104,Active
CMP2614,Toyota Winter Promo,Toyota,Jacaranda,KZN,2026-04-28,2026-05-12,121,111,287811.03,toyota52@example.com,0636825402,Active
CMP5116,Coke Winter Promo,Coke,YFM,EC,2026-06-02,2026-06-19,175,179,477549.06,coke90@example.com,0724473670,
CMP1834,Money Market Winter Promo,Money Market,947,EC,2026-04-07,2026-04-25,154,145,349810.13,moneymarket28@example.com,0774669530, active 
CMP7686,Shoprite Winter Promo,shoprite,Metro FM,EC,2026-02-15,2026-03-01,42,,130444.53,shoprite20@example.com,06479137,Paused
CMP4230,Money Market Winter Promo,Money Market,Kaya FM,Gauteng,2026-01-10,2026-02-09,153,147,161562.65,moneymarket35@example.com,0683147884,Paused
CMP1390, Coke Winter Promo ,Coke,YFM,EC,2026-05-25,2026-06-24,167,,429379.85,coke39@example.com,0679792215,
CMP4753,Checkers Winter Promo,Checkers,Metro FM,WC,2026-04-25,2026-05-14,92,84,60439.94,checkers82@example.com,0849493501,Completed
CMP6779,Vuma Winter Promo,Vuma,947,Gauteng,29/06/2026,2026-07-12,181,179,319163.86,vuma74@example.com,0794238561, active 
CMP9712,Coke Winter Promo,Coke,947,Gauteng,2026-05-05,2026-05-24,103,103,466588.74,coke21@example.com,0622005613,Paused
CMP6189,Vuma Winter Promo,Vuma,Kaya FM,EC,2026-01-10,2026-02-03,68,67,392871.06,vuma40@example.com,0759951028,Paused
CMP2653,Money Market Winter Promo,Money Market,Ukhozi FM,KZN,2026-02-27,2026-03-22,20,18,40266.56,moneymarket95@example.com,0636700823, active 
CMP2663,Toyota Winter Promo,Toyota,Kaya FM,Gauteng,2026-06-06,2026-06-23,178,164,165530.46,toyota34@example.com,0671658298,Active
CMP9743,Coke Winter Promo,Coke,Kaya FM,Gauteng,2026-01-26,2026-02-03,57,45,,coke11@example.com,0866846782,Completed
CMP1387,Money Market Winter Promo,Money Market,Ukhozi FM,WC,2026-01-10,2026-02-01,27,22,445993.38,moneymarket62@example.com,0655054259,Completed
CMP2846,Vuma Winter Promo,Vuma,Ukhozi FM,KZN,2026-05-31,2026-06-15,124,126,224559.72,vuma8@example.com,0768345416,Completed
CMP1808,Coke Winter Promo,Coke,Metro FM,KZN,2026-06-25,2026-07-22,84,78,22249.12,coke47@example.com,0731954197,
CMP2742,Shoprite Winter Promo,Shoprite,Kaya FM,Gauteng,2026-03-11,2026-03-18,111,116,321379.32,shoprite56@example.com,0647134786,Active
CMP5711, Shoprite Winter Promo ,Shoprite,Kaya FM,KZN,2026-04-25,2026-05-14,194,183,397831.26,shoprite65@example.com,0845724848, active 
CMP8931, Toyota Winter Promo ,Toyota,947,WC,2026-03-29,2026-04-11,130,131,389402.37,toyota69@example.com,0757276439,COMPLETED
CMP8556,Shoprite Winter Promo,Shoprite,947,KZN,2026-05-03,2026-05-13,120,,243593.81,shoprite41@example.com,0885819924,Active
CMP6939,Vuma Winter Promo,Vuma,947,Gauteng,2026-04-04,2026-04-12,149,140,483652.24,vuma33@example.com,0798716549,COMPLETED
CMP7784,Shoprite Winter Promo,Shoprite,Jacaranda,WC,2026-04-19,2026-05-08,89,91,223545.83,shoprite95@example.com,0755361713,COMPLETED
CMP3819,Shoprite Winter Promo,shoprite,YFM,KZN,2026-04-27,2026-05-27,55,40,374774.63,shoprite18@example.com,0666898736,
CMP7207,Vuma Winter Promo,Vuma,YFM,EC,2026-04-03,2026-04-27,111,108,389351.93,vuma59@example.com,0808479070,Active
CMP5199,Shoprite Winter Promo,Shoprite,Metro FM,Gauteng,2026-02-02,2026-03-02,66,56,482051.31,shoprite83@example.com,0765807850, active 
CMP3306,Shoprite Winter Promo,Shoprite,947,Gauteng,2026-05-25,2026-06-18,42,,104144.98,shoprite78@example.com,0754122020,Paused
CMP2380,Toyota Winter Promo,Toyota,947,WC,2026-02-19,2026-03-14,179,173,278408.33,toyota13@example.com,0804225112,
CMP7785,Shoprite Winter Promo,Shoprite,YFM,WC,2026-05-18,2026-06-16,22,9,425601.31,shoprite40@example.com,0804213913,Paused
CMP8315,Checkers Winter Promo,Checkers,Metro FM,WC,2026-04-17,2026-04-27,36,21,273879.84,checkers78@example.com,0652637497,Paused
CMP2847,Toyota Winter Promo,Toyota,Ukhozi FM,KZN,2026-06-23,2026-07-03,171,158,266963.65,toyota80@example.com,0813605419,Active
CMP7501,Money Market Winter Promo,Money Market,Ukhozi FM,EC,2026-05-17,2026-05-29,149,134,393690.99,moneymarket94@example.com,0664981557,Completed
CMP6619,Toyota Winter Promo,Toyota,YFM,Gauteng,2026-03-28,2026-04-15,158,159,375114.61,toyota22@example.com,0633074654,COMPLETED
CMP8097,Toyota Winter Promo,Toyota,Jacaranda,WC,2026-03-14,2026-03-24,167,167,335842.28,toyota66@example.com,0728851034, active 
CMP2706,Money Market Winter Promo,Money Market,Kaya FM,KZN,2026-06-15,2026-07-12,79,81,222527.31,moneymarket54@example.com,06320984,Active
CMP9556, Money Market Winter Promo ,Money Market,Metro FM,KZN,12/04/2026,2026-04-28,76,72,252735.21,moneymarket5@example.com,0749228547, active 
CMP2275,Checkers Winter Promo,Checkers,Metro FM,KZN,2026-02-22,2026-03-03,125,122,178920.98,checkers55example.com,0743327646,Active
CMP8215,Shoprite Winter Promo,Shoprite,YFM,WC,2026-04-13,2026-05-09,110,114,376230.82,shoprite23@example.com,0823161847,Paused
CMP2418,Toyota Winter Promo,Toyota,947,Gauteng,2026-05-30,2026-06-21,105,90,129524.56,toyota91@example.com,0722646215,Active
CMP2454,Money Market Winter Promo,Money Market,Ukhozi FM,EC,2026-05-10,2026-05-16,32,37,333386.02,moneymarket7@example.com,0898609583, active 
CMP5708,Shoprite Winter Promo,Shoprite,Metro FM,KZN,2026-02-14,2026-02-23,78,72,424978.16,shoprite5@example.com,0789941619,
CMP4910,Coke Winter Promo,Coke,Metro FM,KZN,2026-05-12,2026-05-28,104,90,76318.52,coke93@example.com,0615414543,COMPLETED
CMP7585,Toyota Winter Promo,Toyota,947,EC,2026-01-10,2026-01-28,175,171,,toyota61@example.com,0748923115,Active
CMP5147,Money Market Winter Promo,Money Market,947,EC,2026-06-07,2026-06-18,196,196,265841.9,moneymarket92@example.com,0841467307,COMPLETED
CMP7469,Toyota Winter Promo,Toyota,Jacaranda,WC,2026-05-22,2026-06-08,152,138,32397.14,toyota67@example.com,0832751066,Active
CMP1193,Money Market Winter Promo,Money Market,947,EC,2026-01-30,2026-02-14,127,128,,moneymarket72@example.com,0755100720,
CMP6427,Checkers Winter Promo,Checkers,Metro FM,KZN,2026-03-20,2026-04-10,157,159,442191.06,checkers46@example.com,0686720660, active 
CMP1044,Vuma Winter Promo,Vuma,Metro FM,WC,2026-02-15,2026-03-17,27,30,336623.78,vuma81@example.com,0878714847,
CMP1475,Vuma Winter Promo,Vuma,947,WC,2026-05-30,2026-06-04,155,148,418895.57,vuma25@example.com,07616833,Paused
CMP3825,Shoprite Winter Promo,Shoprite,Metro FM,WC,2026-03-20,2026-04-14,77,82,299993.68,shoprite89@example.com,0777837267,Completed
CMP5767,Checkers Winter Promo,Checkers,YFM,WC,11/01/2026,2026-01-23,96,101,196413.91,checkers16@example.com,0704443991,Paused
CMP2925,Vuma Winter Promo,Vuma,YFM,Gauteng,2026-03-21,2026-04-02,171,174,355505.81,vuma81@example.com,0702533305,COMPLETED
CMP3672,Coke Winter Promo,Coke,YFM,Gauteng,2026-03-25,2026-04-07,102,95,499623.92,coke86@example.com,0798005035,Completed
CMP7217,Shoprite Winter Promo,Shoprite,947,Gauteng,12/06/2026,2026-07-04,67,62,215464.72,shoprite88@example.com,0884078586,COMPLETED
CMP8852,Toyota Winter Promo,Toyota,Ukhozi FM,KZN,2026-04-03,2026-04-17,87,78,316000.05,toyota58@example.com,0843248015,Paused
CMP3605,Toyota Winter Promo,Toyota,Jacaranda,Gauteng,2026-01-09,2026-02-04,145,138,312113.6,toyota48@example.com,0721270575,Active
CMP7460,Vuma Winter Promo,Vuma,Kaya FM,WC,2026-03-31,2026-04-18,179,180,390902.16,vuma35example.com,07770690,Completed
CMP1328,Vuma Winter Promo,Vuma,947,KZN,2026-05-13,2026-05-24,41,35,272282.29,vuma62@example.com,0633177396,Completed
CMP9430,Coke Winter Promo,Coke,Ukhozi FM,WC,2026-03-04,2026-03-17,70,57,311064.23,coke28example.com,0606614199,COMPLETED
CMP3094,Coke Winter Promo,Coke,YFM,Gauteng,2026-03-29,2026-04-03,27,15,370843.36,coke49@example.com,0686981906,COMPLETED
CMP1300,Money Market Winter Promo,Money Market,YFM,EC,2026-03-24,2026-04-02,86,91,427257.98,moneymarket41@example.com,0826071335,Paused
CMP9844,Toyota Winter Promo,Toyota,YFM,WC,2026-04-13,2026-04-21,129,,141792.54,toyota8@example.com,0615302247,Paused
CMP2677,Shoprite Winter Promo,Shoprite,947,WC,2026-05-05,2026-05-22,101,104,101480.27,shoprite99@example.com,0855158995,Completed
CMP8822,Money Market Winter Promo,Money Market,Ukhozi FM,EC,2026-06-20,2026-07-12,81,85,45718.59,moneymarket60@example.com,0883150855,
CMP5567,Toyota Winter Promo,Toyota,Jacaranda,KZN,10/01/2026,2026-01-29,51,43,491204.49,toyota61@example.com,0784157506,
CMP7178,Coke Winter Promo,Coke,947,WC,2026-04-24,2026-05-06,119,113,349558.03,coke41@example.com,0825294843,COMPLETED
CMP8641,Checkers Winter Promo,Checkers,Kaya FM,WC,2026-01-25,2026-02-14,50,55,52555.28,checkers8@example.com,0763283323, active 
CMP7426, Vuma Winter Promo ,Vuma,YFM,Gauteng,2026-05-23,2026-06-05,194,192,45691.17,vuma96@example.com,0899610159,Paused
CMP8634,Vuma Winter Promo,Vuma,YFM,EC,2026-03-12,2026-03-26,81,80,,vuma10@example.com,0834493576,Paused
CMP1737,Vuma Winter Promo,Vuma,YFM,KZN,2026-05-31,2026-06-27,80,82,299205.19,vuma32@example.com,0892022271,Paused
CMP7570,Vuma Winter Promo,Vuma,Kaya FM,EC,2026-06-18,2026-07-12,39,36,297775.93,vuma89example.com,0742448579,Paused
CMP2049,Coke Winter Promo,Coke,YFM,EC,2026-04-18,2026-05-08,200,193,168010.06,coke53@example.com,0699986134,COMPLETED
CMP4801,Checkers Winter Promo,Checkers,YFM,KZN,2026-05-08,2026-05-22,163,166,73596.28,checkers61example.com,0774150899,COMPLETED
CMP3265,Vuma Winter Promo,Vuma,947,WC,2026-06-12,2026-06-19,173,169,467862.12,vuma25@example.com,0784784080,Completed
CMP8181,Coke Winter Promo,Coke,YFM,WC,25/01/2026,2026-02-12,135,129,461022.01,coke9@example.com,0835220921,Completed
CMP6854,Coke Winter Promo,Coke,Ukhozi FM,EC,01/03/2026,2026-03-11,54,51,387954.93,coke76@example.com,0716554883,Paused
CMP2862, Shoprite Winter Promo ,Shoprite,Kaya FM,WC,30/05/2026,2026-06-05,163,166,433841.1,shoprite34@example.com,0743832671,Completed
CMP2533,Coke Winter Promo,Coke,947,KZN,2026-05-28,2026-06-17,126,127,153110.88,coke52@example.com,0653942723,Completed
CMP3857,Coke Winter Promo,Coke,Ukhozi FM,KZN,2026-01-05,2026-01-17,107,103,289840.4,coke40@example.com,0828192391,Paused
CMP2461,Coke Winter Promo,Coke,Jacaranda,WC,2026-03-03,2026-03-18,151,142,452075.6,coke34example.com,0623203536,Completed
CMP7090,Vuma Winter Promo,Vuma,Kaya FM,KZN,2026-03-23,2026-04-05,70,73,499370.13,vuma39@example.com,0652894046,
CMP9434,Shoprite Winter Promo,Shoprite,Kaya FM,WC,20/01/2026,2026-02-06,21,,255968.95,shoprite15@example.com,0812154186,Paused
CMP3328, Toyota Winter Promo ,Toyota,YFM,Gauteng,2026-04-02,2026-04-09,80,79,137239.57,toyota9example.com,07493102,Paused
CMP5378,Checkers Winter Promo,Checkers,YFM,KZN,2026-06-17,2026-07-01,190,181,255802.95,checkers84@example.com,0729577881, active 
CMP8378,Money Market Winter Promo,Money Market,Jacaranda,EC,2026-04-19,2026-05-06,57,52,28346.43,moneymarket63@example.com,0663373047,Active
CMP2484, Money Market Winter Promo ,Money Market,Jacaranda,KZN,2026-05-27,2026-06-13,109,109,197765.61,moneymarket13example.com,0849489501,Completed
CMP4571,Toyota Winter Promo,Toyota,Jacaranda,Gauteng,2026-06-17,2026-07-05,74,66,105216.49,toyota82@example.com,0784497529,Completed
CMP9999,Checkers Winter Promo,Checkers,Kaya FM,Gauteng,2026-04-05,2026-04-24,41,35,66303.24,checkers33@example.com,0661531639, active 
CMP6599,Shoprite Winter Promo,Shoprite,Kaya FM,WC,2026-04-29,2026-05-18,45,49,357428.58,shoprite1@example.com,0851413744,COMPLETED
CMP2256,Checkers Winter Promo,Checkers,Metro FM,KZN,2026-04-07,2026-04-22,200,,303697.24,checkers74@example.com,0865446554,Active
CMP6735,Vuma Winter Promo,Vuma,Ukhozi FM,Gauteng,2026-05-05,2026-05-10,175,162,349257.25,vuma79@example.com,0767390976,Completed
CMP7494,Coke Winter Promo,coke,947,EC,2026-06-22,2026-07-22,41,37,,coke32@example.com,0671907154,
CMP6050,Toyota Winter Promo,Toyota,YFM,WC,2026-04-22,2026-05-21,164,159,236217.3,toyota73@example.com,0748376860,Active
CMP7135,Shoprite Winter Promo,Shoprite,Jacaranda,Gauteng,2026-01-09,2026-01-15,176,162,334865.69,shoprite84@example.com,0605034129,Active
CMP1378,Shoprite Winter Promo,Shoprite,YFM,WC,18/05/2026,2026-05-24,22,7,100111.11,shoprite40@example.com,0831440519,
CMP1874,Toyota Winter Promo,Toyota,947,WC,2026-02-18,2026-03-03,21,17,111062.68,toyota13@example.com,08228778,Active
CMP1387,Toyota Winter Promo,Toyota,Ukhozi FM,WC,2026-02-21,2026-03-08,198,189,79984.19,toyota81example.com,0761691261,Paused
CMP2085,Money Market Winter Promo,Money Market,YFM,WC,2026-04-08,2026-04-13,53,53,210246.74,moneymarket44example.com,0605692581, active 
CMP7909,Toyota Winter Promo,Toyota,Ukhozi FM,Gauteng,2026-01-31,2026-02-27,63,51,446197.69,toyota84example.com,0877532606,Active
CMP9695,Vuma Winter Promo,Vuma,Kaya FM,KZN,2026-05-29,2026-06-18,109,107,482438.71,vuma74example.com,0705611898,Active
CMP4239,Vuma Winter Promo,Vuma,Ukhozi FM,KZN,2026-04-20,2026-04-27,185,184,268437.55,vuma86@example.com,0641775186, active 
CMP7744,Toyota Winter Promo,Toyota,Ukhozi FM,WC,2026-03-20,2026-04-04,117,106,442657.62,toyota56@example.com,0802716505,COMPLETED
CMP5589,Shoprite Winter Promo,Shoprite,Jacaranda,WC,2026-06-16,2026-07-13,35,26,241312.26,shoprite46@example.com,0644267941,Paused
CMP8606, Money Market Winter Promo ,Money Market,YFM,WC,2026-03-30,2026-04-09,111,102,303735.65,moneymarket99@example.com,0813406781, active 
CMP8104,Coke Winter Promo,Coke,Metro FM,WC,2026-06-17,2026-07-15,193,185,447731.47,coke19@example.com,0896513424,Completed
CMP1399,Shoprite Winter Promo,Shoprite,Jacaranda,Gauteng,2026-02-13,2026-02-23,20,,47885.55,shoprite72@example.com,0882003008, active 
CMP8723,Coke Winter Promo,Coke,Ukhozi FM,Gauteng,2026-02-06,2026-03-08,142,127,84582.56,coke22@example.com,0738108351,COMPLETED
CMP1564,Shoprite Winter Promo,Shoprite,Jacaranda,KZN,2026-04-08,2026-05-06,193,182,114243.8,shoprite85@example.com,0876594604,COMPLETED
CMP8576,Shoprite Winter Promo,Shoprite,YFM,Gauteng,2026-03-05,2026-03-31,121,117,276308.53,shoprite86@example.com,0644127037,
CMP2362,Toyota Winter Promo,Toyota,Metro FM,WC,2026-02-22,2026-03-21,115,112,456962.02,toyota71@example.com,0795233061,
CMP5622, Money Market Winter Promo ,Money Market,Metro FM,WC,2026-04-28,2026-05-19,102,98,379269.29,moneymarket60@example.com,0779808962, active 
CMP3611,Money Market Winter Promo,Money Market,Jacaranda,KZN,2026-05-24,2026-06-09,165,170,435385.46,moneymarket64@example.com,0657663997, active 
CMP7598,Toyota Winter Promo,Toyota,947,EC,26/01/2026,2026-01-31,41,26,33253.54,toyota12@example.com,06586638,Paused
CMP5471,Toyota Winter Promo,Toyota,Ukhozi FM,WC,2026-02-08,2026-02-24,164,164,102940.31,toyota28@example.com,0889521445,Paused
CMP1219,Money Market Winter Promo,Money Market,Jacaranda,Gauteng,2026-01-29,2026-02-17,48,53,122281.18,moneymarket32@example.com,08871259,
CMP9566,Coke Winter Promo,Coke,YFM,Gauteng,2026-01-16,2026-02-15,159,148,264894.46,coke86@example.com,0787126310,Active
CMP9992,Coke Winter Promo,Coke,947,EC,2026-02-01,2026-02-18,84,79,257541.88,coke53@example.com,0742476343,Completed
CMP5078,Vuma Winter Promo,Vuma,Metro FM,Gauteng,2026-01-10,2026-01-18,127,114,279727.45,vuma36@example.com,0737583977,Completed
CMP6275,Toyota Winter Promo,Toyota,Kaya FM,KZN,2026-02-07,2026-02-23,65,63,403790.38,toyota73@example.com,0794352962,Paused
CMP3909,Vuma Winter Promo,Vuma,YFM,WC,2026-04-04,2026-04-20,79,82,390864.64,vuma63@example.com,0824407604,COMPLETED
CMP2828,Toyota Winter Promo,Toyota,Ukhozi FM,WC,2026-06-05,2026-06-14,145,139,268947.77,toyota31@example.com,0882043258,Completed
CMP5945,Money Market Winter Promo,Money Market,Kaya FM,Gauteng,2026-02-03,2026-02-27,51,50,299567.51,moneymarket12@example.com,0755781795,
CMP3314,Toyota Winter Promo,Toyota,Ukhozi FM,KZN,2026-01-30,2026-02-18,42,45,359320.64,toyota81@example.com,0727794179,Paused
CMP1582, Checkers Winter Promo ,Checkers,Metro FM,Gauteng,2026-02-28,2026-03-17,180,176,122205.25,checkers83@example.com,0821653576,Paused
CMP1463,Checkers Winter Promo,Checkers,YFM,Gauteng,2026-03-02,2026-03-21,33,,341073.9,checkers47@example.com,07364825,
CMP7962,Shoprite Winter Promo,Shoprite,Kaya FM,EC,2026-01-31,2026-02-27,92,85,458388.29,shoprite9@example.com,0824849767,Paused
CMP2429,Shoprite Winter Promo,Shoprite,Jacaranda,EC,2026-02-18,2026-02-26,159,148,412314.69,shoprite99@example.com,0857069017, active 
CMP8179,Shoprite Winter Promo,Shoprite,Jacaranda,Gauteng,2026-05-18,2026-06-02,31,36,293075.01,shoprite42@example.com,0733565394,Completed
CMP8860,Money Market Winter Promo,Money Market,YFM,WC,2026-04-29,2026-05-16,181,182,387298.2,moneymarket86@example.com,0619800613,COMPLETED
CMP8062,Vuma Winter Promo,Vuma,YFM,WC,2026-01-10,2026-01-28,43,38,447749.49,vuma1@example.com,0828230852,COMPLETED
CMP3447, Shoprite Winter Promo ,Shoprite,Ukhozi FM,WC,2026-03-02,2026-03-24,42,31,354075.86,shoprite22@example.com,0784852331, active 
CMP2809, Coke Winter Promo ,Coke,Ukhozi FM,EC,2026-03-05,2026-03-28,82,80,291288.4,coke56@example.com,0786395950,Completed
CMP8545,Shoprite Winter Promo,shoprite,Jacaranda,EC,2026-04-24,2026-05-13,36,29,197541,shoprite98@example.com,0807783415,Active
CMP9790,Toyota Winter Promo,Toyota,Ukhozi FM,WC,2026-02-23,2026-03-12,42,,141063.78,toyota63@example.com,0637942647,Active
CMP8935,Toyota Winter Promo,Toyota,Metro FM,EC,2026-02-03,2026-02-27,115,109,395612.91,toyota23@example.com,0896003987,Paused
CMP9859, Checkers Winter Promo ,Checkers,Kaya FM,KZN,2026-02-08,2026-03-09,29,28,,checkers67@example.com,07579962,COMPLETED
CMP4467, Shoprite Winter Promo ,Shoprite,Metro FM,Gauteng,2026-04-16,2026-04-22,77,63,134026.91,shoprite60@example.com,0627522785,
CMP4118,Vuma Winter Promo,vuma,Ukhozi FM,WC,2026-03-19,2026-04-07,177,173,,vuma32@example.com,0878990638,Paused
CMP5005,Coke Winter Promo,Coke,Jacaranda,WC,08/03/2026,2026-03-16,197,200,14610.31,coke50@example.com,0638004257,Paused
CMP1063,Coke Winter Promo,Coke,YFM,Gauteng,2026-03-01,2026-03-17,67,65,306158.35,coke68@example.com,0685925017,Active
CMP6032,Vuma Winter Promo,Vuma,Ukhozi FM,EC,2026-04-18,2026-05-03,162,152,289108.23,vuma69@example.com,0704012499,Paused
CMP7033,Checkers Winter Promo,Checkers,Metro FM,WC,2026-06-18,2026-06-24,121,124,304982.84,checkers25@example.com,0724077905,Completed
CMP1514,Coke Winter Promo,Coke,947,EC,2026-06-28,2026-07-14,74,77,286095.63,coke85@example.com,0664670106,Completed
CMP5844,Toyota Winter Promo,toyota,Kaya FM,KZN,10/05/2026,2026-05-21,31,35,70052.15,toyota41@example.com,0864356067,Paused
CMP9844,Money Market Winter Promo,Money Market,Ukhozi FM,Gauteng,2026-01-12,2026-01-23,122,110,276014.42,moneymarket74@example.com,0609709469,COMPLETED
CMP1360,Checkers Winter Promo,Checkers,Kaya FM,KZN,2026-05-02,2026-05-17,93,92,80408.39,checkers61@example.com,0807967621, active 
CMP4131,Vuma Winter Promo,Vuma,Ukhozi FM,EC,2026-03-17,2026-03-28,129,116,54718.42,vuma30@example.com,0719412563,COMPLETED
CMP4699,Toyota Winter Promo,Toyota,Metro FM,Gauteng,2026-03-27,2026-04-08,94,98,419577.1,toyota2@example.com,0628382239,COMPLETED
CMP7701,Vuma Winter Promo,Vuma,Kaya FM,WC,2026-06-05,2026-06-18,173,160,57492.47,vuma47@example.com,0791731555,COMPLETED
CMP4793, Shoprite Winter Promo ,Shoprite,947,KZN,2026-02-03,2026-02-17,188,180,146647,shoprite36@example.com,0672368126,Completed
CMP3364,Shoprite Winter Promo,Shoprite,Jacaranda,WC,2026-06-17,2026-07-17,123,114,169792.07,shoprite1@example.com,0724848270,Active
CMP8535,Coke Winter Promo,Coke,YFM,Gauteng,2026-01-16,2026-02-01,87,87,391074.99,coke39@example.com,0727945861,Completed
CMP2245,Toyota Winter Promo,Toyota,947,KZN,2026-01-07,2026-01-31,69,70,297364.09,toyota67@example.com,0816796204,Completed
CMP6462,Vuma Winter Promo,Vuma,Jacaranda,WC,2026-03-11,2026-03-18,122,125,268508.81,vuma89@example.com,0721465586,Paused
CMP7577,Money Market Winter Promo,Money Market,Metro FM,Gauteng,2026-06-16,2026-06-21,37,38,265264.9,moneymarket27@example.com,0665370546,Active
CMP3797,Vuma Winter Promo,Vuma,Metro FM,Gauteng,2026-05-17,2026-06-16,192,194,102679.64,vuma82example.com,0843180289,COMPLETED
CMP8991,Vuma Winter Promo,Vuma,Kaya FM,Gauteng,2026-03-15,2026-04-05,71,68,427334.06,vuma20@example.com,0715444330,Completed
CMP3381,Coke Winter Promo,Coke,Kaya FM,KZN,2026-01-24,2026-02-07,59,62,495347.27,coke87example.com,0648007383,Active
CMP1640, Shoprite Winter Promo ,Shoprite,Kaya FM,EC,2026-05-04,2026-06-01,83,82,166644.66,shoprite62@example.com,0834496599,Active
CMP5765,Vuma Winter Promo,Vuma,947,Gauteng,2026-06-19,2026-07-10,196,183,338449.72,vuma54@example.com,0716038948,Paused
CMP4650,Coke Winter Promo,Coke,YFM,KZN,2026-03-09,2026-03-20,149,151,205641.45,coke39@example.com,06675856,Active
CMP4763,Checkers Winter Promo,Checkers,Kaya FM,WC,2026-02-21,2026-03-19,77,80,363402.87,checkers52@example.com,0844531411,Completed
CMP5152,Money Market Winter Promo,money market,Ukhozi FM,EC,2026-01-10,2026-01-21,132,121,27726.36,moneymarket64example.com,0859724891,Paused
CMP6222,Vuma Winter Promo,Vuma,Metro FM,EC,2026-03-15,2026-04-02,185,176,11138.97,vuma42@example.com,0602636711,Active
CMP6110,Shoprite Winter Promo,Shoprite,Kaya FM,KZN,2026-01-11,2026-01-22,28,30,485643.51,shoprite10@example.com,0687977870,Paused
CMP6536,Checkers Winter Promo,Checkers,Ukhozi FM,Gauteng,2026-03-24,2026-04-10,155,151,76173.74,checkers42example.com,0812354717,Completed
CMP5444,Shoprite Winter Promo,Shoprite,947,EC,2026-06-29,2026-07-27,154,151,,shoprite88@example.com,0622226469, active 
CMP4913,Toyota Winter Promo,Toyota,Jacaranda,WC,2026-06-30,2026-07-28,89,81,168630.94,toyota37@example.com,0684236458,COMPLETED
CMP5988,Checkers Winter Promo,Checkers,YFM,EC,2026-04-25,2026-05-08,36,29,160386.85,checkers22@example.com,0806534083,Active
CMP9245,Coke Winter Promo,Coke,Jacaranda,WC,2026-01-11,2026-02-01,22,10,481410.91,coke9@example.com,0778158532,COMPLETED
CMP9034, Vuma Winter Promo ,vuma,947,Gauteng,2026-04-22,2026-05-21,171,176,114894.37,vuma1@example.com,0678053452,Completed
CMP2764,Vuma Winter Promo,Vuma,YFM,WC,2026-01-03,2026-01-22,79,84,33252.49,vuma14@example.com,0631276124,Active
CMP8596, Checkers Winter Promo ,Checkers,947,KZN,2026-02-04,2026-02-24,97,98,65026.77,checkers54@example.com,0744283524, active 
CMP3387,Vuma Winter Promo,Vuma,Kaya FM,Gauteng,04/06/2026,2026-06-17,145,149,378523.09,vuma79@example.com,0746696772,
CMP8200,Coke Winter Promo,Coke,947,EC,2026-06-26,2026-07-06,39,26,422477.27,coke49@example.com,0611327853,Active
CMP7849,Vuma Winter Promo,Vuma,Metro FM,Gauteng,2026-04-04,2026-05-04,121,125,390688.61,vuma96@example.com,0684475736, active 
CMP6670,Toyota Winter Promo,Toyota,Kaya FM,WC,17/02/2026,2026-03-13,54,57,495329.57,toyota47@example.com,0602825876,COMPLETED
CMP1682,Vuma Winter Promo,Vuma,Jacaranda,KZN,2026-04-07,2026-04-20,128,126,75862.91,vuma3@example.com,0723377735, active 
CMP7504,Coke Winter Promo,Coke,Kaya FM,KZN,2026-04-28,2026-05-19,34,26,86356.1,coke16@example.com,0796135392,Active
CMP7419,Vuma Winter Promo,Vuma,Kaya FM,EC,2026-04-19,2026-04-27,36,31,375655.38,vuma69@example.com,0736926239,Active
CMP9684,Vuma Winter Promo,Vuma,Metro FM,EC,2026-03-17,2026-04-09,77,81,275022.26,vuma49@example.com,0799804254,Paused
CMP7337,Coke Winter Promo,Coke,YFM,Gauteng,2026-01-31,2026-02-20,102,,172805.8,coke57example.com,0809510127,Active
CMP1825,Money Market Winter Promo,Money Market,Kaya FM,EC,2026-06-19,2026-07-14,192,186,41368.35,moneymarket60example.com,0634659901,Active
CMP3698,Toyota Winter Promo,Toyota,Jacaranda,KZN,2026-02-25,2026-03-25,200,199,415121.09,toyota23@example.com,0846836258, active 
CMP2828,Vuma Winter Promo,Vuma,Kaya FM,WC,2026-06-20,2026-07-06,89,87,447461.96,vuma82@example.com,0842279803,Active
CMP3217,Checkers Winter Promo,Checkers,Kaya FM,WC,2026-05-23,2026-06-07,81,73,128239.85,checkers34@example.com,0778035712, active 
CMP2085, Toyota Winter Promo ,Toyota,Jacaranda,KZN,2026-01-29,2026-02-22,100,,119621.16,toyota14@example.com,0824430376, active 
CMP7886, Money Market Winter Promo ,Money Market,Ukhozi FM,Gauteng,2026-02-22,2026-03-18,176,169,442312.76,moneymarket28@example.com,0789288379, active 
CMP7653,Checkers Winter Promo,checkers,YFM,Gauteng,2026-06-12,2026-06-22,67,54,368770.35,checkers54@example.com,0826545907, active 
CMP9777,Coke Winter Promo,Coke,947,WC,2026-03-28,2026-04-16,105,101,474081.18,coke36@example.com,0622717081,Completed
CMP8823,Checkers Winter Promo,Checkers,YFM,EC,2026-04-09,2026-05-04,190,194,167348.43,checkers82@example.com,0674501460,
CMP3849,Coke Winter Promo,Coke,947,WC,2026-05-15,2026-05-29,183,186,193804.14,coke66@example.com,0685593276,Active
CMP7704,Coke Winter Promo,Coke,Ukhozi FM,KZN,2026-01-16,2026-02-09,168,159,465445.43,coke1@example.com,0777925582,Active
CMP8256,Shoprite Winter Promo,Shoprite,YFM,EC,2026-02-11,2026-03-12,159,163,291037.93,shoprite56example.com,0828985297,Completed
CMP4325,Shoprite Winter Promo,Shoprite,Jacaranda,EC,2026-05-28,2026-06-24,74,69,449458.67,shoprite3@example.com,0896439197,COMPLETED
CMP3577,Money Market Winter Promo,Money Market,947,EC,2026-06-22,2026-07-05,186,188,149996.91,moneymarket22@example.com,08716434,Paused
CMP1962, Money Market Winter Promo ,Money Market,Kaya FM,WC,2026-06-20,2026-07-19,88,78,414235.57,moneymarket29@example.com,0602836267, active 
CMP7419, Vuma Winter Promo ,Vuma,Metro FM,KZN,2026-01-22,2026-02-05,137,129,100724.75,vuma59@example.com,0703452225,COMPLETED
CMP5871,Coke Winter Promo,Coke,947,WC,2026-06-16,2026-06-24,79,80,116403.04,coke93@example.com,0679385950, active 
CMP4396,Vuma Winter Promo,Vuma,Metro FM,KZN,2026-04-30,2026-05-07,68,73,340589.32,vuma35@example.com,0606283881,COMPLETED
CMP3423,Checkers Winter Promo,Checkers,Metro FM,Gauteng,2026-05-19,2026-06-18,114,114,77257.6,checkers51@example.com,0898482055,COMPLETED
CMP3614,Vuma Winter Promo,Vuma,Jacaranda,WC,2026-04-01,2026-04-08,143,128,83388.29,vuma37@example.com,0682041286,Completed
CMP8855,Money Market Winter Promo,Money Market,Jacaranda,EC,2026-05-21,2026-06-10,72,69,236753.77,moneymarket80@example.com,0882791647,Completed
CMP4757,Coke Winter Promo,Coke,947,Gauteng,2026-03-31,2026-04-23,161,152,129876.44,coke48@example.com,0763459711,Completed
CMP8532,Checkers Winter Promo,checkers,YFM,EC,2026-02-11,2026-03-02,26,26,154786.31,checkers83@example.com,0621712188,COMPLETED
CMP2740,Vuma Winter Promo,Vuma,Kaya FM,EC,2026-04-09,2026-05-01,197,198,,vuma14@example.com,0717963557,Completed
CMP8896,Checkers Winter Promo,Checkers,Metro FM,Gauteng,2026-03-11,2026-04-03,98,91,186800.48,checkers60@example.com,0661703571,COMPLETED
CMP8647,Checkers Winter Promo,Checkers,Ukhozi FM,KZN,2026-01-21,2026-01-29,57,56,103174.55,checkers95@example.com,0685848223,COMPLETED
CMP9435,Toyota Winter Promo,Toyota,YFM,KZN,2026-01-25,2026-02-03,160,149,295149.75,toyota16@example.com,0701965124,Active
CMP2454,Checkers Winter Promo,Checkers,Kaya FM,EC,2026-05-10,2026-06-03,50,43,51082.75,checkers80@example.com,0709622054,Active
CMP9353, Money Market Winter Promo ,money market,Ukhozi FM,EC,2026-02-11,2026-02-23,98,99,139824.31,moneymarket68@example.com,0706838670,Active
CMP7385,Vuma Winter Promo,Vuma,Kaya FM,KZN,2026-05-30,2026-06-27,126,126,384168.23,vuma94@example.com,0855559518,Active
CMP2317,Shoprite Winter Promo,Shoprite,Jacaranda,KZN,2026-03-13,2026-04-03,60,50,489206.74,shoprite84@example.com,0894011854,Paused
CMP8804,Money Market Winter Promo,Money Market,YFM,EC,2026-05-23,2026-06-07,138,130,496972.21,moneymarket60@example.com,0678536955, active 
CMP7744,Shoprite Winter Promo,Shoprite,Kaya FM,WC,2026-03-12,2026-03-27,182,187,486849.05,shoprite97@example.com,0698350228,
CMP2636,Money Market Winter Promo,Money Market,Ukhozi FM,KZN,2026-02-17,2026-03-10,92,84,276496.92,moneymarket9@example.com,0707998576, active 
CMP5928,Checkers Winter Promo,Checkers,YFM,KZN,2026-06-11,2026-06-19,111,111,362777.15,checkers29@example.com,0673337871,COMPLETED
CMP2340,Money Market Winter Promo,Money Market,Ukhozi FM,WC,2026-06-30,2026-07-24,21,22,266833.16,moneymarket25@example.com,0633926169,Active
CMP3093,Coke Winter Promo,Coke,Metro FM,Gauteng,23/01/2026,2026-02-09,45,,159216.7,coke17@example.com,0743958950,Paused
CMP1945,Money Market Winter Promo,Money Market,Jacaranda,Gauteng,20/02/2026,2026-02-28,82,78,243525.07,moneymarket44@example.com,0743484070, active 
CMP4962,Checkers Winter Promo,Checkers,Jacaranda,KZN,2026-01-06,2026-01-21,34,34,317417.31,checkers74@example.com,0632962008, active 
CMP3519,Toyota Winter Promo,Toyota,Kaya FM,Gauteng,2026-03-01,2026-03-14,181,177,297378.88,toyota29example.com,0753112684,Paused
CMP1088,Money Market Winter Promo,Money Market,Kaya FM,KZN,2026-01-08,2026-01-15,128,130,240453.79,moneymarket91@example.com,0762061234,COMPLETED
CMP5678,Money Market Winter Promo,Money Market,947,EC,2026-05-15,2026-05-31,36,28,50353.54,moneymarket85@example.com,0797544990,COMPLETED
CMP6535,Vuma Winter Promo,Vuma,Kaya FM,EC,08/06/2026,2026-06-19,22,26,318732.4,vuma58@example.com,0873810729,Active
CMP1972,Vuma Winter Promo,vuma,YFM,WC,2026-02-20,2026-03-15,48,43,256666.5,vuma87@example.com,0783681212,COMPLETED
CMP5089,Coke Winter Promo,Coke,947,EC,2026-04-13,2026-05-02,58,51,368546.07,coke94@example.com,0862365563,Completed
CMP3784,Vuma Winter Promo,Vuma,Metro FM,Gauteng,2026-01-29,2026-02-14,161,159,72186.7,vuma57@example.com,0726402015,COMPLETED
CMP1139,Shoprite Winter Promo,Shoprite,Jacaranda,Gauteng,2026-03-07,2026-03-21,59,63,417406.35,shoprite40@example.com,0657263057, active 
CMP8763,Money Market Winter Promo,Money Market,947,WC,2026-06-19,2026-07-08,111,109,267666.03,moneymarket35@example.com,0682023299,COMPLETED
CMP4196,Checkers Winter Promo,Checkers,947,Gauteng,2026-01-01,2026-01-10,32,36,441265.97,checkers22example.com,0612663816,Completed
CMP3873,Money Market Winter Promo,Money Market,Jacaranda,EC,2026-04-14,2026-04-21,188,181,486861.96,moneymarket9@example.com,0789327004, active 
CMP7642,Shoprite Winter Promo,Shoprite,Metro FM,WC,20/01/2026,2026-02-12,76,68,223433.36,shoprite85@example.com,0639012162,Completed
CMP1955,Checkers Winter Promo,Checkers,YFM,EC,2026-04-06,2026-04-24,21,20,232258.21,checkers40@example.com,0728854248,Active
CMP6463,Shoprite Winter Promo,Shoprite,Jacaranda,Gauteng,2026-02-23,2026-03-24,102,88,45561.85,shoprite87@example.com,0891563351,Completed
CMP6069,Vuma Winter Promo,vuma,Metro FM,WC,2026-03-10,2026-03-23,66,53,439889.84,vuma88@example.com,0644070630,Paused
CMP7703,Checkers Winter Promo,Checkers,Kaya FM,WC,2026-01-28,2026-02-13,29,25,249111.82,checkers36@example.com,0827883552,
CMP7118,Coke Winter Promo,Coke,YFM,WC,09/01/2026,2026-01-22,169,172,89265.52,coke99@example.com,0623329891, active 
CMP8659,Shoprite Winter Promo,Shoprite,Ukhozi FM,KZN,2026-02-18,2026-03-02,136,127,321665.25,shoprite45@example.com,0642096363,Paused
CMP3666,Toyota Winter Promo,Toyota,Kaya FM,WC,2026-01-15,2026-02-03,126,123,105422.6,toyota52example.com,0826090750,COMPLETED
CMP6344, Checkers Winter Promo ,Checkers,Jacaranda,KZN,2026-06-27,2026-07-27,66,69,415851.18,checkers51@example.com,0794993894,
CMP9305,Vuma Winter Promo,Vuma,Ukhozi FM,WC,2026-03-14,2026-03-29,148,153,97065.08,vuma41@example.com,0765866630,Paused
CMP6399,Shoprite Winter Promo,Shoprite,Kaya FM,Gauteng,2026-06-01,2026-06-26,194,186,465937.77,shoprite51@example.com,0831489226,
CMP9643,Shoprite Winter Promo,Shoprite,YFM,Gauteng,2026-03-07,2026-03-27,49,,88569.7,shoprite47@example.com,0784504107, active 
CMP5444, Coke Winter Promo ,Coke,947,EC,2026-03-11,2026-03-22,192,187,252315.79,coke74@example.com,0811402867,Active
CMP7688,Vuma Winter Promo,Vuma,YFM,EC,2026-03-09,2026-03-16,187,187,276847.95,vuma87@example.com,0656695332,
CMP7621,Toyota Winter Promo,Toyota,YFM,WC,2026-02-17,2026-03-14,195,195,492350.5,toyota98@example.com,0804587326, active 
CMP7618,Toyota Winter Promo,Toyota,Kaya FM,EC,2026-01-04,2026-01-24,64,63,88731.08,toyota48@example.com,0892492716, active 
CMP3858,Vuma Winter Promo,Vuma,YFM,WC,2026-06-08,2026-06-16,155,152,210723.03,vuma93@example.com,0777394829,Completed
CMP4384,Coke Winter Promo,Coke,Kaya FM,KZN,2026-06-09,2026-06-20,109,110,15342.75,coke90@example.com,0871168621,
CMP6382,Vuma Winter Promo,Vuma,947,WC,2026-02-26,2026-03-10,42,33,487442.77,vuma29@example.com,0833191286,Paused
CMP1531,Checkers Winter Promo,Checkers,YFM,WC,2026-01-16,2026-01-31,35,23,30624.99,checkers8@example.com,0785463542, active 
CMP6278,Vuma Winter Promo,Vuma,Kaya FM,EC,2026-03-25,2026-04-23,56,55,215857.79,vuma32@example.com,0898595057,Completed
CMP9964,Vuma Winter Promo,Vuma,Jacaranda,EC,2026-01-01,2026-01-08,30,26,231928.81,vuma58@example.com,0889610359,Active
CMP4203,Checkers Winter Promo,Checkers,Ukhozi FM,Gauteng,2026-04-25,2026-05-01,124,129,434473.61,checkers21@example.com,06694105, active 
CMP3243,Money Market Winter Promo,Money Market,Jacaranda,KZN,2026-02-26,2026-03-19,169,167,128890.85,moneymarket46@example.com,08280493,Completed
CMP3679,Money Market Winter Promo,Money Market,Jacaranda,WC,2026-02-03,2026-02-17,24,,390452.19,moneymarket44@example.com,0659396180, active 
CMP4509,Toyota Winter Promo,Toyota,Metro FM,Gauteng,2026-04-19,2026-05-05,160,159,,toyota56@example.com,0854127398,COMPLETED
CMP8944,Toyota Winter Promo,Toyota,Metro FM,EC,2026-06-19,2026-06-28,42,39,134553.86,toyota93@example.com,0701062932, active 
CMP7667,Money Market Winter Promo,Money Market,947,EC,2026-02-27,2026-03-10,119,,17573.72,moneymarket45@example.com,06070711,Active
CMP6451,Shoprite Winter Promo,Shoprite,YFM,KZN,2026-01-20,2026-02-07,95,82,185058.68,shoprite15@example.com,0883230750, active 
CMP8294,Vuma Winter Promo,Vuma,Jacaranda,EC,2026-05-23,2026-06-16,67,,99173.22,vuma81@example.com,0721376331,Active
CMP1942,Checkers Winter Promo,Checkers,Ukhozi FM,KZN,2026-06-11,2026-07-01,86,87,305518.42,checkers37@example.com,0757609831,Completed
CMP7522, Checkers Winter Promo ,Checkers,Kaya FM,EC,2026-04-03,2026-04-21,94,95,351762.72,checkers4@example.com,0605172677,Active
CMP4188,Checkers Winter Promo,checkers,Metro FM,WC,23/02/2026,2026-03-04,37,23,21244.29,checkers70@example.com,0672202362, active 
CMP7378,Checkers Winter Promo,Checkers,Jacaranda,Gauteng,2026-04-18,2026-05-14,111,98,199314.02,checkers97example.com,0811023701, active 
CMP5752,Toyota Winter Promo,Toyota,Ukhozi FM,Gauteng,2026-06-19,2026-07-12,42,43,277836.7,toyota20example.com,0881549616,Completed
CMP1115, Vuma Winter Promo ,Vuma,Ukhozi FM,Gauteng,2026-02-27,2026-03-18,194,179,52599.13,vuma68@example.com,0637660744,Paused
CMP9822,Toyota Winter Promo,Toyota,Jacaranda,KZN,2026-05-11,2026-05-28,116,121,464874.98,toyota73@example.com,0693510046,Active
CMP5285,Shoprite Winter Promo,Shoprite,Kaya FM,KZN,2026-05-28,2026-06-20,51,46,236917.29,shoprite82@example.com,0848523174,
CMP7220,Shoprite Winter Promo,Shoprite,Ukhozi FM,WC,2026-05-28,2026-06-14,188,184,410580.64,shoprite62@example.com,0789332200,Active
CMP2180,Checkers Winter Promo,Checkers,947,EC,2026-04-29,2026-05-27,51,46,253215.96,checkers22@example.com,0659428107,COMPLETED
CMP7474,Checkers Winter Promo,Checkers,Metro FM,EC,2026-01-05,2026-01-27,190,177,434110.71,checkers84@example.com,0806023469,COMPLETED
CMP6894,Shoprite Winter Promo,Shoprite,Kaya FM,EC,2026-06-06,2026-07-05,61,46,351261.4,shoprite98@example.com,0785621761, active 
CMP9927, Checkers Winter Promo ,Checkers,YFM,KZN,2026-01-12,2026-02-06,154,159,39171.04,checkers26@example.com,0602389759,COMPLETED
CMP3854,Toyota Winter Promo,Toyota,Metro FM,KZN,2026-02-18,2026-03-18,96,99,185446.07,toyota51@example.com,0832985677,Active
CMP2250,Coke Winter Promo,Coke,Ukhozi FM,EC,03/03/2026,2026-03-22,72,71,16363.97,coke60@example.com,0605303266,Completed
CMP7561,Vuma Winter Promo,Vuma,Ukhozi FM,WC,2026-03-26,2026-04-03,196,185,287188.37,vuma33@example.com,0698232316,
CMP7558, Coke Winter Promo ,Coke,Kaya FM,WC,2026-04-08,2026-05-04,91,86,461554.75,coke2@example.com,0737528736,Active
CMP3241,Money Market Winter Promo,Money Market,Jacaranda,KZN,2026-06-02,2026-06-19,61,58,155082.53,moneymarket87example.com,0763946501,
CMP8936,Checkers Winter Promo,Checkers,Jacaranda,Gauteng,2026-01-20,2026-02-19,55,59,129488.82,checkers55example.com,0606955689,Paused
CMP3048,Coke Winter Promo,Coke,Jacaranda,WC,2026-03-10,2026-04-04,135,132,336590.65,coke99@example.com,0679257881,Paused
CMP6490,Vuma Winter Promo,Vuma,Metro FM,EC,2026-03-02,2026-03-22,159,157,340053.27,vuma71@example.com,0676727267,Paused
CMP3905,Toyota Winter Promo,Toyota,947,Gauteng,2026-06-21,2026-06-29,62,49,295336.53,toyota36@example.com,0726786130,COMPLETED
CMP8800, Shoprite Winter Promo ,Shoprite,Jacaranda,WC,2026-02-27,2026-03-16,85,73,193175.98,shoprite69example.com,0839439143,Active
CMP2022,Money Market Winter Promo,Money Market,Metro FM,Gauteng,2026-06-07,2026-06-28,37,38,221766.97,moneymarket98@example.com,0865803382, active 
CMP4922, Shoprite Winter Promo ,Shoprite,Jacaranda,EC,2026-06-08,2026-06-20,88,84,86769.2,shoprite9example.com,0632040275,Paused
CMP2822,Toyota Winter Promo,Toyota,947,WC,2026-06-08,2026-06-30,200,,166694.2,toyota4@example.com,0838772424,COMPLETED
CMP8406,Coke Winter Promo,Coke,YFM,WC,2026-06-22,2026-06-27,144,138,82565.44,coke67@example.com,0663798363,Completed
CMP6161,Checkers Winter Promo,Checkers,Metro FM,WC,2026-06-17,2026-07-09,50,37,485246.41,checkers9@example.com,0693956752,COMPLETED
CMP4853,Toyota Winter Promo,Toyota,Ukhozi FM,Gauteng,2026-03-05,2026-03-29,78,82,493930.88,toyota34@example.com,0767060067,Active
CMP8860,Money Market Winter Promo,Money Market,947,KZN,2026-06-15,2026-07-11,87,80,122544.4,moneymarket76@example.com,0713853159, active 
CMP2232,Coke Winter Promo,Coke,947,WC,2026-05-15,2026-06-02,78,76,473592.13,coke54@example.com,0875642611,Paused
CMP1781,Coke Winter Promo,Coke,Jacaranda,KZN,2026-01-06,2026-01-18,200,194,487075.97,coke32@example.com,0847226608,Active
CMP7506,Coke Winter Promo,Coke,Metro FM,EC,2026-04-30,2026-05-29,138,130,357153.21,coke83@example.com,0648899981,Paused
CMP5055,Shoprite Winter Promo,Shoprite,Ukhozi FM,Gauteng,2026-03-28,2026-04-06,140,142,204692.36,shoprite72@example.com,0886855406, active 
CMP8216,Coke Winter Promo,Coke,YFM,EC,2026-01-30,2026-02-28,45,45,56662.83,coke55@example.com,0787982618,Paused
CMP6753,Vuma Winter Promo,Vuma,Kaya FM,Gauteng,2026-06-07,2026-06-16,72,70,,vuma26@example.com,0704096012,Paused
CMP2654,Vuma Winter Promo,Vuma,947,WC,2026-04-30,2026-05-20,123,114,363031.78,vuma7@example.com,0715244808,Paused
CMP5639,Checkers Winter Promo,Checkers,Kaya FM,Gauteng,2026-03-06,2026-03-29,108,113,196144.08,checkers65@example.com,0697369636,COMPLETED
CMP4293,Vuma Winter Promo,Vuma,Ukhozi FM,WC,2026-03-17,2026-03-22,69,59,161175.5,vuma41@example.com,0683678437,
CMP1383,Toyota Winter Promo,Toyota,Kaya FM,KZN,25/02/2026,2026-03-03,55,47,53460.69,toyota69example.com,0814469808,COMPLETED
CMP4944, Vuma Winter Promo ,Vuma,Metro FM,Gauteng,2026-01-25,2026-02-13,166,161,355097.26,vuma33@example.com,0619689820,
CMP9060,Money Market Winter Promo,Money Market,947,Gauteng,2026-03-17,2026-03-30,159,144,242903.69,moneymarket95@example.com,0841985506,COMPLETED
CMP4430,Shoprite Winter Promo,Shoprite,Ukhozi FM,WC,2026-01-03,2026-01-21,33,38,464848.07,shoprite27@example.com,0646044975,Paused
CMP8118,Shoprite Winter Promo,Shoprite,947,Gauteng,2026-02-09,2026-03-05,133,119,181780.12,shoprite32@example.com,0645248754,Paused
CMP4284,Toyota Winter Promo,Toyota,947,Gauteng,2026-01-20,2026-02-16,46,33,462561.4,toyota27@example.com,0698586193,COMPLETED
CMP7628,Coke Winter Promo,Coke,947,KZN,2026-05-06,2026-05-29,157,149,322963.44,coke53@example.com,0603902162,Paused
CMP6169,Money Market Winter Promo,Money Market,Jacaranda,EC,12/01/2026,2026-01-20,134,123,437432.15,moneymarket85@example.com,0798833680,COMPLETED
CMP9623, Vuma Winter Promo ,Vuma,Kaya FM,KZN,2026-03-28,2026-04-14,53,46,181104.78,vuma38@example.com,0808836776,
CMP4385,Money Market Winter Promo,Money Market,Metro FM,WC,2026-06-30,2026-07-30,53,44,408124.42,moneymarket64@example.com,0817437396,COMPLETED
CMP3160,Coke Winter Promo,Coke,Kaya FM,EC,2026-03-30,2026-04-13,170,159,363861.95,coke47@example.com,0639176099,
CMP7365,Coke Winter Promo,Coke,Kaya FM,EC,2026-01-01,2026-01-20,75,79,408059.89,coke58@example.com,0606188254,COMPLETED
CMP1902, Vuma Winter Promo ,Vuma,Metro FM,EC,2026-01-05,2026-01-19,134,135,107561.41,vuma46@example.com,0633817219,COMPLETED
CMP7203,Toyota Winter Promo,toyota,Ukhozi FM,KZN,2026-06-14,2026-07-03,119,107,439702.42,toyota99example.com,0785320677, active 
CMP1021,Toyota Winter Promo,Toyota,Jacaranda,WC,2026-01-30,2026-02-05,22,14,35521.48,toyota83@example.com,0674939346,Paused
CMP2964,Toyota Winter Promo,Toyota,947,EC,2026-06-01,2026-06-07,65,69,259022.86,toyota34@example.com,0841420348,
CMP1403,Coke Winter Promo,Coke,Jacaranda,KZN,2026-05-24,2026-05-30,26,11,171668.45,coke36@example.com,0669271777,Paused
CMP1429,Checkers Winter Promo,Checkers,Metro FM,WC,2026-01-04,2026-01-27,159,146,336657.98,checkers55@example.com,0891137827,Paused
CMP6228,Checkers Winter Promo,Checkers,947,Gauteng,2026-02-14,2026-03-05,162,147,427164.43,checkers70@example.com,0818440640,
CMP2674,Shoprite Winter Promo,Shoprite,947,WC,2026-02-17,2026-03-12,45,48,38504.76,shoprite9@example.com,0763255985, active 
CMP1193,Coke Winter Promo,Coke,Ukhozi FM,WC,2026-03-14,2026-04-01,98,95,279012.05,coke7@example.com,0863658045, active 
CMP2654, Toyota Winter Promo ,Toyota,Ukhozi FM,EC,2026-06-25,2026-07-04,187,187,391206.66,toyota68@example.com,0761581566,COMPLETED
CMP2005,Shoprite Winter Promo,Shoprite,Jacaranda,Gauteng,2026-04-06,2026-04-19,188,187,428184.93,shoprite96@example.com,0689707868,Paused
CMP4771,Checkers Winter Promo,Checkers,947,EC,2026-01-26,2026-02-17,82,72,460213.79,checkers89@example.com,0748796056, active 
CMP3770,Checkers Winter Promo,Checkers,Ukhozi FM,KZN,2026-03-21,2026-04-13,71,75,141399.96,checkers17@example.com,0662762489,
CMP3959,Money Market Winter Promo,Money Market,Jacaranda,Gauteng,2026-01-13,2026-01-26,65,60,11328.22,moneymarket90@example.com,0817512693,Completed
CMP3926,Toyota Winter Promo,Toyota,Kaya FM,Gauteng,2026-06-07,2026-07-05,77,82,298657.67,toyota10@example.com,08369256,
CMP3600,Vuma Winter Promo,Vuma,947,KZN,2026-02-23,2026-03-15,98,93,240285.22,vuma82@example.com,0804391736,Paused
CMP3329,Shoprite Winter Promo,Shoprite,Jacaranda,Gauteng,2026-05-14,2026-06-12,149,145,209738.81,shoprite64@example.com,0739290123,
CMP8648,Checkers Winter Promo,Checkers,Metro FM,KZN,2026-06-16,2026-06-21,113,116,17469.28,checkers43@example.com,07271470,Completed
CMP4265,Vuma Winter Promo,Vuma,Jacaranda,Gauteng,2026-06-15,2026-07-08,126,117,84162.74,vuma27@example.com,0664165902, active 
CMP7831,Toyota Winter Promo,Toyota,YFM,Gauteng,2026-06-23,2026-07-11,168,166,189775.52,toyota70@example.com,0755949663,Paused
CMP7278,Toyota Winter Promo,Toyota,YFM,EC,2026-05-24,2026-06-08,53,58,113690.95,toyota96example.com,0644851340,Active
CMP2735,Coke Winter Promo,Coke,Ukhozi FM,WC,2026-05-13,2026-05-22,24,13,380453.71,coke4@example.com,0864138960,Completed
CMP8404,Money Market Winter Promo,Money Market,Kaya FM,Gauteng,2026-04-14,2026-04-26,93,95,198472.31,moneymarket70@example.com,0824180379,
CMP3622,Money Market Winter Promo,money market,Jacaranda,KZN,2026-02-24,2026-03-14,98,89,56753.28,moneymarket64@example.com,0764995380, active 
CMP3788,Shoprite Winter Promo,Shoprite,Metro FM,KZN,20/05/2026,2026-06-06,199,194,184967.07,shoprite3@example.com,0848094834,Paused
CMP3314,Checkers Winter Promo,Checkers,Kaya FM,KZN,2026-03-12,2026-04-11,42,37,205960.71,checkers81@example.com,0646655315,
CMP9124,Checkers Winter Promo,Checkers,Metro FM,KZN,2026-03-21,2026-04-14,122,113,132096.5,checkers43@example.com,0676552376, active 
CMP1420,Coke Winter Promo,Coke,Ukhozi FM,Gauteng,2026-03-21,2026-04-13,181,181,36326.97,coke12@example.com,0664555582, active 
CMP5066, Coke Winter Promo ,Coke,YFM,KZN,2026-06-12,2026-07-06,166,152,64810.43,coke92@example.com,0647181785,Active
CMP9009,Vuma Winter Promo,Vuma,Metro FM,KZN,2026-04-11,2026-05-03,134,132,40736.71,vuma7@example.com,0612346339,COMPLETED
CMP4186, Shoprite Winter Promo ,Shoprite,Jacaranda,EC,2026-01-24,2026-02-21,154,158,89907.33,shoprite51@example.com,0729487218,COMPLETED
CMP8827,Money Market Winter Promo,Money Market,Ukhozi FM,Gauteng,2026-06-16,2026-07-01,47,42,431436.43,moneymarket57@example.com,08245726,Paused
CMP1088,Checkers Winter Promo,Checkers,Jacaranda,KZN,2026-01-04,2026-01-10,135,138,306345.15,checkers11example.com,0738673047,Paused
CMP5376,Shoprite Winter Promo,Shoprite,947,WC,2026-05-22,2026-06-14,189,185,373353.59,shoprite69@example.com,0856516219,Completed
CMP9668,Coke Winter Promo,Coke,YFM,WC,2026-06-24,2026-07-12,173,168,375398.06,coke30@example.com,0631276259,Paused
CMP2505,Shoprite Winter Promo,Shoprite,YFM,Gauteng,2026-05-08,2026-06-02,99,,443089.54,shoprite58@example.com,0826834298, active 
CMP5500,Toyota Winter Promo,Toyota,Metro FM,EC,2026-02-16,2026-03-16,44,32,175337.86,toyota94@example.com,0797202287,Completed
CMP4931,Toyota Winter Promo,Toyota,Kaya FM,WC,2026-02-07,2026-02-13,109,96,102702.54,toyota28@example.com,07624489,Paused
CMP6702,Vuma Winter Promo,Vuma,947,EC,2026-03-20,2026-03-27,153,149,23975.94,vuma66@example.com,0809869463,
CMP9788,Coke Winter Promo,Coke,Kaya FM,KZN,2026-04-23,2026-05-05,62,52,349774.81,coke90@example.com,08674173, active 
CMP1970,Checkers Winter Promo,Checkers,Metro FM,Gauteng,2026-04-29,2026-05-04,56,46,38421.79,checkers58@example.com,0767691432,
CMP6336,Coke Winter Promo,Coke,Kaya FM,KZN,2026-03-25,2026-04-04,115,112,180686.66,coke84@example.com,0779552645,Paused
CMP8151, Toyota Winter Promo ,Toyota,Metro FM,EC,2026-03-01,2026-03-10,79,69,144134.7,toyota94@example.com,0714428327, active 
CMP8678, Money Market Winter Promo ,Money Market,YFM,WC,2026-05-18,2026-06-11,150,137,368281.3,moneymarket5@example.com,0773300677,
CMP4322,Coke Winter Promo,Coke,Metro FM,EC,2026-03-16,2026-03-23,70,58,359724.77,coke76example.com,0838382615, active 
CMP8518,Checkers Winter Promo,Checkers,Jacaranda,Gauteng,2026-03-29,2026-04-11,88,76,241560.9,checkers99@example.com,0654653678,Completed
CMP9209,Vuma Winter Promo,Vuma,Ukhozi FM,EC,2026-05-23,2026-06-14,79,72,325778.71,vuma70@example.com,0787441228, active 
CMP3511,Shoprite Winter Promo,Shoprite,Metro FM,EC,2026-03-11,2026-03-21,190,189,267850.52,shoprite31@example.com,0693975298, active 
CMP3714,Coke Winter Promo,Coke,Metro FM,EC,2026-05-26,2026-06-21,172,169,364858.46,coke79@example.com,0792230946, active 
CMP2761,Toyota Winter Promo,toyota,Ukhozi FM,EC,2026-01-25,2026-02-14,144,145,245950.28,toyota87example.com,0705225498,COMPLETED
CMP8745, Coke Winter Promo ,Coke,947,WC,2026-01-24,2026-02-16,120,119,167869.2,coke35@example.com,0884621803, active 
CMP5989,Vuma Winter Promo,Vuma,Kaya FM,Gauteng,2026-02-28,2026-03-11,58,60,134024.41,vuma64@example.com,0674979340, active 
CMP4175,Toyota Winter Promo,Toyota,YFM,EC,2026-05-04,2026-05-31,31,21,190685.84,toyota63@example.com,0714416064,Paused
CMP4689,Shoprite Winter Promo,Shoprite,Jacaranda,EC,2026-03-07,2026-03-22,41,36,463360.15,shoprite72example.com,0691437557,Completed
CMP2538,Checkers Winter Promo,Checkers,Ukhozi FM,Gauteng,2026-01-06,2026-01-31,75,,276123.38,checkers44@example.com,0754144973,COMPLETED
CMP5860, Toyota Winter Promo ,Toyota,947,WC,2026-03-30,2026-04-22,55,56,30733.19,toyota44@example.com,0661855286,Paused
CMP7824,Toyota Winter Promo,Toyota,947,Gauteng,2026-01-03,2026-01-24,140,144,,toyota5@example.com,0699705249, active 
CMP4389,Coke Winter Promo,Coke,Jacaranda,WC,2026-02-21,2026-03-15,21,23,63575.03,coke16@example.com,0729170579,Paused
CMP6258,Vuma Winter Promo,Vuma,Jacaranda,EC,2026-04-05,2026-05-03,102,99,360971.65,vuma7@example.com,0844415813, active 
CMP4075,Vuma Winter Promo,Vuma,Ukhozi FM,KZN,2026-04-09,2026-04-26,107,92,198445.57,vuma34@example.com,0888151911,COMPLETED
CMP2156,Money Market Winter Promo,Money Market,Metro FM,KZN,2026-04-24,2026-05-24,148,135,44999.81,moneymarket45@example.com,0715035879,Completed
CMP4854,Shoprite Winter Promo,Shoprite,Ukhozi FM,WC,2026-05-13,2026-05-26,105,105,112286.68,shoprite11@example.com,0714414334,Active
CMP5883,Coke Winter Promo,Coke,Kaya FM,WC,2026-02-15,2026-03-17,96,89,28777.49,coke30@example.com,0748686935,COMPLETED
CMP1282, Toyota Winter Promo ,Toyota,Jacaranda,WC,2026-02-14,2026-03-04,181,178,196925,toyota76@example.com,0715811112, active 
CMP2606,Coke Winter Promo,Coke,Jacaranda,EC,2026-06-03,2026-06-17,57,49,459878.85,coke81@example.com,0714721426,
CMP8357,Coke Winter Promo,Coke,Ukhozi FM,KZN,2026-06-18,2026-06-23,175,176,66604.74,coke78@example.com,0878913333,Active
CMP4373,Shoprite Winter Promo,Shoprite,YFM,KZN,2026-01-12,2026-02-07,188,179,317764.31,shoprite80@example.com,0615482322,Active
CMP7527,Checkers Winter Promo,Checkers,Kaya FM,Gauteng,2026-02-26,2026-03-06,22,26,93117.9,checkers1@example.com,0812635756,Paused
CMP1146, Shoprite Winter Promo ,Shoprite,Kaya FM,WC,2026-06-24,2026-07-11,199,198,370923.1,shoprite74@example.com,0863765886,COMPLETED
CMP3902,Coke Winter Promo,Coke,Metro FM,KZN,2026-05-27,2026-06-05,92,97,325853.9,coke42@example.com,0711155287, active 
CMP2909,Money Market Winter Promo,Money Market,Metro FM,EC,2026-04-20,2026-04-29,84,73,370613.8,moneymarket49@example.com,0601542744,Active
CMP1851,Shoprite Winter Promo,Shoprite,Metro FM,EC,2026-01-17,2026-01-31,61,48,421028.11,shoprite1@example.com,0887454170,Active
CMP5046,Checkers Winter Promo,Checkers,Jacaranda,WC,2026-02-22,2026-02-28,172,168,,checkers58@example.com,0712960183, active 
CMP3945,Checkers Winter Promo,Checkers,Metro FM,EC,2026-06-13,2026-07-10,132,118,,checkers41@example.com,0762353717,Completed
CMP6144,Vuma Winter Promo,Vuma,YFM,WC,2026-03-02,2026-03-26,140,136,121805.17,vuma42@example.com,0745141667,Active
CMP3041,Shoprite Winter Promo,shoprite,YFM,WC,2026-02-23,2026-03-16,23,24,249364.18,shoprite11example.com,0861369125,Active
CMP7897,Coke Winter Promo,Coke,Kaya FM,WC,2026-05-28,2026-06-26,188,,367272.21,coke90@example.com,0857278834, active 
CMP6449,Toyota Winter Promo,Toyota,Ukhozi FM,WC,2026-06-26,2026-07-10,162,162,239228.54,toyota33@example.com,0648354832,Paused
CMP1003,Checkers Winter Promo,Checkers,Kaya FM,Gauteng,2026-01-31,2026-02-06,35,31,396969.37,checkers34@example.com,0837490050,Completed
CMP4868,Toyota Winter Promo,Toyota,YFM,EC,06/03/2026,2026-04-02,115,,313326.15,toyota92@example.com,0619226226,Active
CMP4412,Vuma Winter Promo,Vuma,YFM,EC,03/04/2026,2026-04-19,164,151,111411.27,vuma85@example.com,08757343,Paused
CMP6982,Toyota Winter Promo,Toyota,Ukhozi FM,KZN,2026-05-15,2026-05-23,99,98,188257.59,toyota35@example.com,0871595203,Paused
CMP2064,Shoprite Winter Promo,Shoprite,Jacaranda,WC,2026-04-03,2026-04-29,167,155,32801.55,shoprite99@example.com,0682138818,
CMP1197,Shoprite Winter Promo,Shoprite,Kaya FM,Gauteng,2026-04-30,2026-05-19,183,168,216708.47,shoprite5@example.com,0798253927,
CMP7815,Shoprite Winter Promo,Shoprite,YFM,EC,2026-03-12,2026-03-18,75,74,88743.42,shoprite62@example.com,0837385935,
CMP5424,Vuma Winter Promo,Vuma,Ukhozi FM,WC,2026-06-22,2026-07-09,124,113,45064.77,vuma22@example.com,0884115885,Active
CMP2069,Money Market Winter Promo,Money Market,Metro FM,WC,2026-02-19,2026-03-20,117,115,107214.51,moneymarket92@example.com,0683802458,Completed
CMP2952,Coke Winter Promo,Coke,Jacaranda,KZN,2026-02-20,2026-03-08,110,97,282212.41,coke81example.com,0881268177, active 
CMP1791,Vuma Winter Promo,Vuma,Jacaranda,EC,2026-05-16,2026-06-09,89,87,343880,vuma73@example.com,0851091920,
CMP2277,Checkers Winter Promo,Checkers,YFM,WC,29/01/2026,2026-02-10,24,19,436762.04,checkers12@example.com,0675239277,
CMP1461,Coke Winter Promo,Coke,YFM,Gauteng,2026-05-02,2026-05-18,129,117,69638.46,coke10@example.com,08792886,Paused
CMP3508,Checkers Winter Promo,Checkers,Metro FM,EC,06/04/2026,2026-04-21,182,181,263544.65,checkers47@example.com,08274305,COMPLETED
CMP1531,Shoprite Winter Promo,Shoprite,Jacaranda,Gauteng,2026-05-11,2026-06-09,141,,428237.23,shoprite55@example.com,0786118345,Active
CMP8451,Money Market Winter Promo,Money Market,Jacaranda,KZN,2026-01-21,2026-02-09,157,155,484706.81,moneymarket69@example.com,0814505783,
CMP7447,Toyota Winter Promo,Toyota,Jacaranda,WC,2026-04-20,2026-05-09,127,112,279463.93,toyota7@example.com,0805226049,Completed
CMP8564,Toyota Winter Promo,toyota,YFM,Gauteng,2026-04-10,2026-05-01,110,98,28416.87,toyota87@example.com,0648704602,COMPLETED
CMP9487,Shoprite Winter Promo,Shoprite,Ukhozi FM,WC,2026-02-10,2026-03-07,136,124,31216.87,shoprite90@example.com,0661197810,Completed
CMP9777,Money Market Winter Promo,Money Market,Jacaranda,WC,2026-04-30,2026-05-28,119,122,472999.78,moneymarket50@example.com,0852795734,Paused
CMP7359,Checkers Winter Promo,Checkers,Kaya FM,WC,2026-04-04,2026-04-14,133,126,293858.08,checkers80@example.com,0824329400,Paused
CMP7788,Toyota Winter Promo,Toyota,YFM,Gauteng,2026-06-10,2026-06-24,59,58,405443.4,toyota99@example.com,0677319662,Active
CMP8729,Toyota Winter Promo,Toyota,Ukhozi FM,EC,02/03/2026,2026-03-31,130,,222645.22,toyota7@example.com,0673621521,
CMP8986, Money Market Winter Promo ,Money Market,Jacaranda,EC,2026-05-13,2026-05-29,76,65,83381.64,moneymarket42@example.com,0856579643,
CMP8726,Checkers Winter Promo,Checkers,YFM,WC,2026-03-03,2026-03-19,31,18,340297.12,checkers17@example.com,0778344092,Completed
CMP4590,Shoprite Winter Promo,Shoprite,YFM,Gauteng,2026-02-19,2026-02-27,58,43,254580.9,shoprite46@example.com,06514501,Completed
CMP3755,Checkers Winter Promo,Checkers,YFM,KZN,2026-02-01,2026-02-24,72,58,266310.41,checkers70@example.com,06861974,
CMP5746,Vuma Winter Promo,Vuma,947,WC,2026-06-19,2026-07-03,180,179,81520.42,vuma14@example.com,0612282697,
CMP6904,Vuma Winter Promo,Vuma,Ukhozi FM,WC,2026-03-09,2026-04-01,116,111,446128.69,vuma85@example.com,07659792, active 
CMP2701,Vuma Winter Promo,Vuma,Metro FM,Gauteng,2026-03-25,2026-03-30,159,161,421097.09,vuma8@example.com,0641407086,Paused
CMP9262,Checkers Winter Promo,Checkers,Metro FM,WC,2026-05-27,2026-06-12,42,39,345205.48,checkers29@example.com,0844747228,Completed
CMP3879,Toyota Winter Promo,Toyota,Jacaranda,WC,2026-02-23,2026-03-02,149,134,205240.66,toyota47@example.com,0638015685,
CMP2550,Toyota Winter Promo,Toyota,Jacaranda,KZN,21/03/2026,2026-04-17,51,48,236365.32,toyota55@example.com,0643211103,Completed
CMP1644,Shoprite Winter Promo,Shoprite,YFM,EC,2026-05-03,2026-05-11,71,72,89946.52,shoprite39@example.com,0884478495,Paused
CMP5355,Toyota Winter Promo,Toyota,YFM,EC,2026-05-19,2026-06-15,66,57,314100.03,toyota94@example.com,07433648, active 
CMP2813,Coke Winter Promo,Coke,Metro FM,WC,2026-01-01,2026-01-11,176,166,174552.77,coke28@example.com,0798023721, active 
CMP1713,Money Market Winter Promo,Money Market,947,EC,2026-05-27,2026-06-21,23,21,480370.22,moneymarket60@example.com,0734265543,Paused
CMP4589,Vuma Winter Promo,Vuma,Metro FM,EC,2026-05-31,2026-06-30,193,191,377209.25,vuma12@example.com,0722232803,Paused
CMP9206,Coke Winter Promo,Coke,947,KZN,2026-03-26,2026-04-18,31,17,141317.44,coke92@example.com,0729738265,Paused
CMP4870,Shoprite Winter Promo,Shoprite,Kaya FM,EC,02/03/2026,2026-03-27,102,101,75557.19,shoprite69@example.com,0785221906,Active
CMP5480,Toyota Winter Promo,Toyota,Metro FM,EC,2026-05-14,2026-06-10,87,91,401311.29,toyota33@example.com,0871658071,
CMP6967,Coke Winter Promo,Coke,Ukhozi FM,KZN,2026-02-28,2026-03-09,134,123,273112.1,coke50@example.com,0666254634,COMPLETED
CMP2669,Money Market Winter Promo,Money Market,Ukhozi FM,WC,2026-03-02,2026-03-16,145,145,375502.48,moneymarket47@example.com,0837339490,
CMP6900,Vuma Winter Promo,Vuma,Jacaranda,Gauteng,2026-03-18,2026-04-12,157,150,298642.04,vuma61@example.com,0788841838,Completed
CMP9890,Coke Winter Promo,Coke,Jacaranda,WC,2026-05-03,2026-06-02,30,21,113606.64,coke78@example.com,08778533,COMPLETED
CMP4928,Vuma Winter Promo,Vuma,Ukhozi FM,EC,2026-01-20,2026-01-27,32,35,55019.67,vuma2@example.com,0734283206,COMPLETED
CMP8883,Coke Winter Promo,Coke,Kaya FM,KZN,2026-04-25,2026-04-30,155,154,136885.51,coke68@example.com,0886043088,Paused
CMP7172,Vuma Winter Promo,Vuma,Metro FM,EC,2026-05-17,2026-05-22,142,134,298526.48,vuma92@example.com,08335281,Paused
CMP3008,Toyota Winter Promo,Toyota,Metro FM,Gauteng,2026-03-06,2026-04-01,77,72,334476.4,toyota67@example.com,0766479440,COMPLETED
CMP8613,Shoprite Winter Promo,Shoprite,Jacaranda,WC,2026-05-16,2026-06-11,54,55,268982.56,shoprite3@example.com,0706045475,COMPLETED
CMP1621,Checkers Winter Promo,Checkers,Jacaranda,KZN,2026-03-01,2026-03-20,86,76,494836.97,checkers74@example.com,0638170143, active 
CMP8438,Coke Winter Promo,Coke,Kaya FM,WC,2026-06-18,2026-07-06,50,54,262340.52,coke62example.com,0894527380, active 
CMP3003,Checkers Winter Promo,Checkers,Kaya FM,WC,2026-03-07,2026-03-19,149,142,309639.51,checkers5@example.com,0775234807, active 
CMP4299,Vuma Winter Promo,Vuma,947,WC,28/05/2026,2026-06-18,200,185,402418.39,vuma7@example.com,0622905748,COMPLETED
CMP9622,Vuma Winter Promo,Vuma,Kaya FM,WC,2026-02-12,2026-03-08,147,132,146628.04,vuma98@example.com,0865790692, active 
CMP8372,Coke Winter Promo,Coke,YFM,WC,2026-01-24,2026-02-13,22,21,158431.95,coke21@example.com,0646972987,COMPLETED
CMP2617,Toyota Winter Promo,Toyota,Metro FM,WC,2026-05-13,2026-05-28,75,67,165986.36,toyota86@example.com,08032521,Completed
CMP4688,Money Market Winter Promo,Money Market,947,Gauteng,2026-03-23,2026-04-16,21,24,89972.66,moneymarket86@example.com,0793175526,
CMP8090,Checkers Winter Promo,Checkers,Jacaranda,EC,2026-03-14,2026-03-24,166,169,128722.41,checkers6@example.com,0746889599,COMPLETED
CMP8331,Checkers Winter Promo,Checkers,Ukhozi FM,KZN,2026-01-25,2026-02-09,80,85,415643.01,checkers19@example.com,0776276211,Paused
CMP9338, Money Market Winter Promo ,Money Market,Jacaranda,WC,2026-05-11,2026-06-03,100,104,247977.36,moneymarket62example.com,0876261152,Paused
CMP4929,Money Market Winter Promo,Money Market,Ukhozi FM,EC,2026-02-06,2026-02-21,139,124,396127.29,moneymarket66@example.com,0652979886, active 
CMP5009,Vuma Winter Promo,Vuma,Jacaranda,KZN,23/03/2026,2026-04-06,188,173,464319.83,vuma22@example.com,0742864953,Active
CMP7099,Coke Winter Promo,Coke,Jacaranda,KZN,2026-06-27,2026-07-04,185,186,108810.63,coke6@example.com,0731759697, active 
CMP3390,Shoprite Winter Promo,Shoprite,YFM,EC,2026-04-05,2026-04-28,81,70,241203.04,shoprite49@example.com,0649455189,Paused
CMP1829,Vuma Winter Promo,Vuma,YFM,EC,2026-06-06,2026-06-14,30,20,13895.49,vuma50@example.com,0622714585,
CMP7469,Coke Winter Promo,Coke,YFM,EC,03/02/2026,2026-02-21,82,84,326436.22,coke42@example.com,0801146260,Paused
CMP7872,Vuma Winter Promo,Vuma,Kaya FM,EC,2026-03-21,2026-04-05,96,81,,vuma61@example.com,0641893265,Active
CMP7842,Shoprite Winter Promo,Shoprite,Ukhozi FM,Gauteng,2026-02-13,2026-02-25,71,59,324337.89,shoprite82@example.com,0728904122, active 
CMP6870,Money Market Winter Promo,Money Market,Jacaranda,WC,2026-03-27,2026-04-07,171,165,423051.94,moneymarket31example.com,0744461677,Paused
CMP4013, Money Market Winter Promo ,Money Market,947,KZN,2026-05-09,2026-06-08,176,,60865.01,moneymarket19@example.com,08768222,Completed
CMP9786,Toyota Winter Promo,Toyota,Metro FM,Gauteng,2026-06-05,2026-07-05,46,38,378843.54,toyota83@example.com,0628041857,Active
CMP7044,Money Market Winter Promo,Money Market,947,Gauteng,2026-01-09,2026-02-06,169,171,86172.21,moneymarket95@example.com,0714777630,
CMP2094, Shoprite Winter Promo ,Shoprite,Ukhozi FM,Gauteng,2026-05-19,2026-05-30,196,184,343436.71,shoprite81example.com,0669976113,Paused
CMP5385,Vuma Winter Promo,Vuma,Jacaranda,KZN,2026-05-21,2026-06-03,147,149,269333.49,vuma90@example.com,0627089738,Paused
CMP6063,Money Market Winter Promo,Money Market,Kaya FM,WC,2026-04-16,2026-04-22,196,189,,moneymarket97@example.com,0886100808, active 
CMP9009, Shoprite Winter Promo ,Shoprite,YFM,KZN,2026-06-13,2026-07-07,120,105,485994.99,shoprite7example.com,0854158394,Active
CMP3861,Money Market Winter Promo,Money Market,Kaya FM,EC,2026-01-31,2026-02-26,99,104,226454.95,moneymarket48@example.com,0884733821, active 
CMP9871,Money Market Winter Promo,Money Market,Metro FM,EC,2026-05-16,2026-05-24,116,107,232277.17,moneymarket38@example.com,0832248556,Completed
CMP7305,Checkers Winter Promo,Checkers,YFM,Gauteng,08/02/2026,2026-03-09,186,189,338304.03,checkers30@example.com,0684483212,Paused
CMP8382,Checkers Winter Promo,Checkers,Metro FM,WC,2026-03-07,2026-03-30,78,82,445317.99,checkers58@example.com,0897257470,Active
CMP4467,Toyota Winter Promo,Toyota,Metro FM,Gauteng,2026-02-28,2026-03-26,165,159,439317.85,toyota78example.com,0771744447,Paused
CMP5705,Checkers Winter Promo,Checkers,Metro FM,KZN,2026-01-19,2026-02-14,97,94,16648.62,checkers91@example.com,0632698162,COMPLETED
CMP8484,Shoprite Winter Promo,Shoprite,Jacaranda,Gauteng,2026-01-14,2026-02-04,144,148,390561.12,shoprite2@example.com,0847802834,Active
CMP5027,Vuma Winter Promo,Vuma,Metro FM,KZN,2026-02-26,2026-03-27,199,188,80642.17,vuma33@example.com,0697240323, active 
CMP8616,Vuma Winter Promo,Vuma,Kaya FM,WC,2026-04-27,2026-05-09,26,17,434253.78,vuma95@example.com,0704359590,COMPLETED
CMP6776,Shoprite Winter Promo,Shoprite,Ukhozi FM,KZN,2026-03-13,2026-03-25,125,119,,shoprite51@example.com,0628043556,COMPLETED
CMP2608,Checkers Winter Promo,Checkers,Ukhozi FM,Gauteng,01/05/2026,2026-05-09,189,179,291723.66,checkers95@example.com,0796410427, active 
CMP5385, Shoprite Winter Promo ,Shoprite,YFM,EC,2026-03-25,2026-04-24,148,147,185033.25,shoprite76@example.com,0889702434,Active
CMP1996,Coke Winter Promo,Coke,Kaya FM,KZN,2026-05-09,2026-06-05,29,33,96305.68,coke64@example.com,0732051766, active 
CMP2168,Vuma Winter Promo,Vuma,YFM,Gauteng,2026-06-07,2026-06-22,127,132,316549.61,vuma25@example.com,0837738280,Completed
CMP1768,Money Market Winter Promo,Money Market,Metro FM,EC,2026-06-06,2026-06-26,172,166,354847.95,moneymarket13example.com,0774061874,Completed
CMP5227,Coke Winter Promo,Coke,Metro FM,WC,2026-05-09,2026-05-20,45,36,313840.47,coke47@example.com,0737352465, active 
CMP2521,Toyota Winter Promo,Toyota,Ukhozi FM,EC,2026-04-18,2026-05-10,172,165,,toyota90@example.com,0729518678,Completed
CMP5550,Vuma Winter Promo,Vuma,Ukhozi FM,KZN,2026-02-01,2026-02-10,155,,,vuma76@example.com,0781582960, active 
CMP8134,Shoprite Winter Promo,Shoprite,Jacaranda,KZN,2026-05-13,2026-06-03,150,155,213027.71,shoprite55@example.com,0743673061,
CMP6168,Toyota Winter Promo,Toyota,YFM,WC,2026-06-03,2026-07-02,181,181,174383.13,toyota97@example.com,0634642745,COMPLETED
CMP2776,Money Market Winter Promo,Money Market,YFM,WC,2026-06-22,2026-07-05,177,170,,moneymarket88@example.com,0868559052,COMPLETED
CMP1869,Money Market Winter Promo,Money Market,YFM,Gauteng,02/05/2026,2026-05-14,113,99,99935.53,moneymarket8@example.com,0739699361,Paused
CMP8251,Checkers Winter Promo,Checkers,Jacaranda,KZN,2026-01-12,2026-01-30,159,164,86833.61,checkers23@example.com,0743925237, active 
CMP5111, Vuma Winter Promo ,Vuma,Metro FM,EC,2026-02-06,2026-02-21,57,56,389171.26,vuma30@example.com,0732995370,COMPLETED
CMP7975,Vuma Winter Promo,Vuma,Kaya FM,EC,2026-06-13,2026-07-03,115,,256770.99,vuma60@example.com,0747154066,
CMP3068, Shoprite Winter Promo ,Shoprite,947,Gauteng,2026-01-30,2026-02-20,168,155,397355.16,shoprite33@example.com,0876848795,Active
CMP6814,Checkers Winter Promo,Checkers,YFM,KZN,2026-05-20,2026-06-15,111,97,433975.82,checkers21@example.com,0759719569,Completed
CMP2907,Vuma Winter Promo,Vuma,YFM,Gauteng,24/03/2026,2026-04-15,145,136,308667.24,vuma30@example.com,0705449965,COMPLETED
CMP7682,Coke Winter Promo,Coke,Jacaranda,WC,2026-04-15,2026-05-08,179,,354376.81,coke46@example.com,0884803336,COMPLETED
CMP8881,Coke Winter Promo,Coke,Kaya FM,WC,22/03/2026,2026-03-28,26,25,397456.77,coke83@example.com,0644896382,Paused
CMP1004,Money Market Winter Promo,Money Market,Kaya FM,Gauteng,2026-01-27,2026-02-12,129,132,188847.3,moneymarket26@example.com,0896034346,COMPLETED
CMP8451,Checkers Winter Promo,Checkers,Jacaranda,KZN,25/02/2026,2026-03-08,80,74,350249.38,checkers9@example.com,0609273919,Paused
CMP4592,Coke Winter Promo,Coke,947,Gauteng,2026-03-09,2026-04-08,36,26,151444.93,coke67@example.com,0772453793,Paused
CMP5420,Shoprite Winter Promo,Shoprite,Jacaranda,EC,2026-02-17,2026-02-23,35,38,10929.67,shoprite4@example.com,0716057312,COMPLETED
CMP9716,Checkers Winter Promo,Checkers,947,WC,2026-04-20,2026-05-12,197,182,22233.64,checkers87@example.com,0825993069, active 
CMP6906,Shoprite Winter Promo,Shoprite,Jacaranda,WC,2026-05-29,2026-06-26,179,182,149308.27,shoprite56example.com,0716991337,Paused
CMP3575,Shoprite Winter Promo,Shoprite,947,KZN,2026-06-19,2026-07-13,154,159,375816.32,shoprite2@example.com,0861239271,Active
CMP4083,Shoprite Winter Promo,Shoprite,Metro FM,KZN,2026-04-07,2026-04-13,52,55,329941.04,shoprite19@example.com,0651596219,COMPLETED
CMP8789,Checkers Winter Promo,Checkers,Ukhozi FM,WC,2026-03-30,2026-04-12,92,88,50945.66,checkers20@example.com,0632632108,Active
CMP7236, Checkers Winter Promo ,Checkers,947,Gauteng,2026-05-30,2026-06-29,195,197,270020.47,checkers69@example.com,0827335957,COMPLETED
CMP8404,Coke Winter Promo,Coke,Kaya FM,Gauteng,2026-01-04,2026-01-19,100,104,229975.68,coke67@example.com,0615269791,Paused
CMP8300,Coke Winter Promo,Coke,Ukhozi FM,KZN,2026-04-29,2026-05-22,36,21,40306.39,coke4@example.com,0736644692,
CMP8681,Money Market Winter Promo,Money Market,Kaya FM,EC,2026-04-19,2026-05-12,157,160,265136.85,moneymarket18example.com,0717347590, active 
CMP2072,Money Market Winter Promo,Money Market,Ukhozi FM,WC,2026-01-18,2026-02-12,157,157,71510.12,moneymarket6@example.com,0712591099,
CMP8113, Vuma Winter Promo ,Vuma,Kaya FM,Gauteng,2026-05-11,2026-06-01,84,83,372389.63,vuma69example.com,0785575486,Completed
CMP3092,Toyota Winter Promo,Toyota,947,KZN,2026-02-11,2026-03-10,161,154,487460.67,toyota41@example.com,0771567786,
CMP5952,Money Market Winter Promo,Money Market,YFM,Gauteng,07/06/2026,2026-07-05,142,133,277923.52,moneymarket36@example.com,0769564704, active 
CMP2370,Coke Winter Promo,Coke,Kaya FM,WC,2026-03-30,2026-04-27,196,195,406754.12,coke88@example.com,0653394023, active 
CMP1008,Shoprite Winter Promo,Shoprite,Kaya FM,EC,2026-01-22,2026-02-17,132,117,430575.44,shoprite53@example.com,0606625638,Active
CMP3098,Vuma Winter Promo,Vuma,Kaya FM,KZN,2026-05-11,2026-06-05,80,71,343450.31,vuma93@example.com,0767381924,COMPLETED
CMP3745,Coke Winter Promo,Coke,947,Gauteng,2026-02-20,2026-03-07,190,190,271880.53,coke3@example.com,0714495696,Completed
CMP5823,Money Market Winter Promo,Money Market,947,Gauteng,2026-06-03,2026-06-25,137,124,50108.49,moneymarket48@example.com,0683068829,COMPLETED
CMP4694,Vuma Winter Promo,Vuma,Metro FM,WC,2026-06-01,2026-06-20,47,42,253629.29,vuma40@example.com,07335678,COMPLETED
CMP8104,Shoprite Winter Promo,Shoprite,Jacaranda,Gauteng,2026-01-03,2026-01-09,49,45,315178.92,shoprite58@example.com,0762588212,COMPLETED
CMP2118,Vuma Winter Promo,Vuma,YFM,EC,2026-01-17,2026-02-06,140,142,278968.99,vuma71example.com,0696597027,Paused
CMP1803,Vuma Winter Promo,Vuma,Ukhozi FM,Gauteng,2026-04-22,2026-05-12,139,124,269803.47,vuma57@example.com,0783935225,
CMP3389, Checkers Winter Promo ,Checkers,Ukhozi FM,KZN,2026-01-11,2026-01-29,94,95,238887.85,checkers71@example.com,0738163425,
CMP3005,Coke Winter Promo,Coke,YFM,Gauteng,23/02/2026,2026-03-25,185,188,440788.89,coke98@example.com,0877092985, active 
CMP4454,Toyota Winter Promo,Toyota,YFM,WC,2026-04-24,2026-05-04,36,25,406873.31,toyota70@example.com,0824365999,COMPLETED
CMP6682,Checkers Winter Promo,Checkers,Jacaranda,WC,2026-03-01,2026-03-06,25,17,175966.81,checkers23@example.com,06083899,
CMP8578,Vuma Winter Promo,Vuma,Kaya FM,Gauteng,13/03/2026,2026-03-22,185,185,,vuma98@example.com,0864316191,Paused
CMP9165,Shoprite Winter Promo,Shoprite,Metro FM,Gauteng,2026-05-28,2026-06-14,59,64,313876.93,shoprite59@example.com,0782117272,Paused
CMP2854,Vuma Winter Promo,Vuma,Metro FM,EC,2026-02-17,2026-02-26,177,180,376711.13,vuma37@example.com,0677585662,Completed
CMP4108,Vuma Winter Promo,Vuma,947,Gauteng,2026-03-31,2026-04-23,40,27,360524.82,vuma77@example.com,0602404650,Active
CMP4653,Vuma Winter Promo,Vuma,Jacaranda,KZN,2026-02-06,2026-02-21,136,130,,vuma74@example.com,0705053540,Active
CMP4768, Vuma Winter Promo ,Vuma,Jacaranda,EC,2026-05-08,2026-05-20,153,145,273130.29,vuma72@example.com,0636214496, active 
CMP2208,Money Market Winter Promo,Money Market,947,KZN,2026-02-04,2026-02-23,115,101,117578.62,moneymarket48@example.com,0806393516, active 
CMP6888,Coke Winter Promo,Coke,YFM,Gauteng,2026-04-04,2026-04-10,74,65,177760.16,coke44@example.com,0843224808,Paused
CMP8164, Vuma Winter Promo ,Vuma,Kaya FM,Gauteng,2026-01-25,2026-02-01,79,81,157924.96,vuma2@example.com,0679139217,Completed
CMP8550,Vuma Winter Promo,Vuma,Kaya FM,KZN,2026-06-05,2026-06-29,53,48,148545.27,vuma82@example.com,0843780595,Completed
CMP5158,Money Market Winter Promo,Money Market,Ukhozi FM,Gauteng,2026-04-28,2026-05-09,171,175,168784.29,moneymarket41@example.com,0629959266, active 
CMP4452,Shoprite Winter Promo,Shoprite,Metro FM,Gauteng,2026-02-12,2026-03-05,98,88,196702.97,shoprite75@example.com,0682869486,
CMP5822,Shoprite Winter Promo,Shoprite,Ukhozi FM,WC,2026-06-23,2026-07-11,120,117,41613.98,shoprite96example.com,0658255490,
CMP6317,Checkers Winter Promo,Checkers,Ukhozi FM,Gauteng,2026-06-29,2026-07-26,77,69,129191.88,checkers85@example.com,0768537090, active 
CMP7131,Toyota Winter Promo,Toyota,Jacaranda,Gauteng,2026-03-21,2026-03-27,128,116,,toyota97@example.com,0604433691, active 
CMP8302,Vuma Winter Promo,Vuma,947,Gauteng,2026-04-10,2026-05-01,181,184,480646.43,vuma74example.com,0637350579, active 
CMP3704,Checkers Winter Promo,Checkers,Kaya FM,Gauteng,2026-05-08,2026-05-31,106,104,92342.33,checkers70@example.com,0849491065,
CMP8980,Shoprite Winter Promo,Shoprite,Jacaranda,WC,2026-05-25,2026-05-30,33,22,169302.15,shoprite35@example.com,0755967895,Active
CMP9342,Toyota Winter Promo,Toyota,Kaya FM,Gauteng,2026-05-24,2026-05-30,54,56,,toyota43@example.com,0855503979,Completed
CMP3795,Checkers Winter Promo,Checkers,Ukhozi FM,WC,2026-04-13,2026-05-07,103,100,198756.75,checkers90@example.com,0793226432, active 
CMP1742,Money Market Winter Promo,Money Market,Ukhozi FM,WC,2026-04-14,2026-05-13,73,72,278166.24,moneymarket57@example.com,0771963364,
CMP6425,Coke Winter Promo,Coke,Metro FM,EC,2026-05-28,2026-06-08,150,146,90214.37,coke79@example.com,0694526014,Completed
CMP6292,Shoprite Winter Promo,Shoprite,Kaya FM,KZN,13/05/2026,2026-06-03,63,56,49100.09,shoprite31@example.com,0705522808, active 
CMP2633, Toyota Winter Promo ,Toyota,Ukhozi FM,WC,2026-03-02,2026-03-09,192,184,450302.22,toyota33@example.com,0687769648,Completed
CMP5117,Toyota Winter Promo,Toyota,Kaya FM,WC,2026-04-22,2026-05-09,87,81,251991.15,toyota66@example.com,0672654233,
CMP1434,Checkers Winter Promo,Checkers,947,WC,2026-06-14,2026-07-04,158,156,,checkers11@example.com,0786624673,Active
CMP5211,Toyota Winter Promo,Toyota,Metro FM,KZN,2026-05-26,2026-06-19,20,23,132623.54,toyota43@example.com,07283750,
CMP5874,Coke Winter Promo,Coke,947,EC,2026-01-29,2026-02-09,35,22,268568.26,coke44@example.com,08176661,Paused
CMP1049, Money Market Winter Promo ,Money Market,Kaya FM,Gauteng,2026-06-17,2026-07-14,46,42,,moneymarket89@example.com,0675760195,Active
CMP3395,Toyota Winter Promo,toyota,Jacaranda,KZN,2026-03-20,2026-04-18,70,58,371612.06,toyota68@example.com,0749948486,COMPLETED
CMP7831,Checkers Winter Promo,Checkers,Metro FM,KZN,2026-06-19,2026-07-12,197,190,36162.5,checkers89@example.com,0839800148, active 
CMP2366,Checkers Winter Promo,Checkers,Ukhozi FM,KZN,2026-04-22,2026-05-03,26,22,211554.39,checkers41example.com,0692787573,Completed
CMP8437,Money Market Winter Promo,Money Market,947,Gauteng,2026-05-28,2026-06-05,43,38,361738.61,moneymarket59@example.com,0647915173, active 
CMP4815,Coke Winter Promo,Coke,Jacaranda,Gauteng,2026-02-20,2026-02-26,171,158,196019.27,coke15@example.com,0862119146, active 
CMP2441,Shoprite Winter Promo,Shoprite,Jacaranda,KZN,2026-06-21,2026-07-11,142,145,405835.51,shoprite27@example.com,0644744035,
CMP5633, Vuma Winter Promo ,Vuma,Metro FM,Gauteng,2026-02-28,2026-03-30,63,67,232359.92,vuma59@example.com,0716589909,Paused
CMP7326,Toyota Winter Promo,Toyota,YFM,KZN,2026-04-07,2026-04-22,28,28,474156.91,toyota43@example.com,0717245726,Paused
CMP9224,Shoprite Winter Promo,Shoprite,Metro FM,Gauteng,2026-06-18,2026-07-15,182,167,221446.44,shoprite99@example.com,0893886695, active 
CMP8438,Shoprite Winter Promo,Shoprite,YFM,Gauteng,2026-02-11,2026-02-25,67,56,416866.64,shoprite5@example.com,0813924749, active 
CMP7731,Toyota Winter Promo,Toyota,Metro FM,WC,2026-03-27,2026-04-13,196,187,,toyota61@example.com,0692396667,Completed
CMP6144,Vuma Winter Promo,Vuma,Kaya FM,EC,2026-01-24,2026-02-11,125,114,297746.9,vuma41@example.com,0809102140,Paused
CMP7125,Vuma Winter Promo,Vuma,YFM,Gauteng,2026-04-24,2026-05-23,112,99,313227.83,vuma62@example.com,0882897614,Completed
CMP8801,Coke Winter Promo,Coke,Metro FM,WC,26/03/2026,2026-04-02,46,36,306681.56,coke26@example.com,0788462421, active 
CMP4093,Checkers Winter Promo,checkers,Metro FM,KZN,2026-06-19,2026-06-30,124,127,340771.35,checkers82@example.com,08188971,
CMP9899,Coke Winter Promo,Coke,Metro FM,WC,2026-06-01,2026-06-13,141,142,258843.96,coke57@example.com,0841400223,Active
CMP6419,Coke Winter Promo,Coke,YFM,KZN,2026-02-14,2026-02-20,138,138,24724.6,coke19@example.com,0643521091,Completed
CMP7783,Checkers Winter Promo,Checkers,Metro FM,WC,2026-01-14,2026-02-06,112,112,54901.68,checkers62@example.com,0759218378, active 
CMP4973,Vuma Winter Promo,Vuma,Jacaranda,Gauteng,2026-06-29,2026-07-22,196,198,77646.93,vuma98@example.com,0623669473,Completed
CMP8366,Money Market Winter Promo,Money Market,Ukhozi FM,KZN,2026-05-16,2026-05-28,169,171,161007.95,moneymarket96@example.com,0881159261,COMPLETED
CMP8434,Shoprite Winter Promo,Shoprite,Jacaranda,Gauteng,2026-02-24,2026-03-20,94,99,22789.53,shoprite40@example.com,0751125733,Completed
CMP3092,Toyota Winter Promo,Toyota,YFM,EC,2026-02-20,2026-03-12,46,51,85385.03,toyota77@example.com,0764708110,COMPLETED
CMP6545, Toyota Winter Promo ,Toyota,947,Gauteng,2026-06-03,2026-06-23,52,39,368548.67,toyota39@example.com,0841599985, active 
CMP7799,Coke Winter Promo,Coke,Jacaranda,KZN,2026-05-26,2026-06-19,40,27,454904.23,coke78@example.com,0777027524,COMPLETED
CMP3259,Shoprite Winter Promo,Shoprite,Kaya FM,KZN,2026-06-17,2026-07-15,73,66,66927.13,shoprite31@example.com,0631337504, active 
CMP2664,Coke Winter Promo,Coke,Jacaranda,Gauteng,2026-05-06,2026-05-22,164,162,204334.13,coke45example.com,0746692557, active 
CMP8928,Shoprite Winter Promo,Shoprite,Kaya FM,EC,2026-06-23,2026-07-05,186,189,467034.43,shoprite33@example.com,0662640620,COMPLETED
CMP3196,Coke Winter Promo,Coke,947,EC,15/06/2026,2026-07-07,179,181,288994.24,coke84@example.com,0646642901,Active
CMP7107,Toyota Winter Promo,Toyota,Kaya FM,EC,2026-01-05,2026-01-17,140,140,472761.66,toyota84@example.com,0702322009,Active
CMP1875,Vuma Winter Promo,Vuma,Jacaranda,KZN,2026-06-17,2026-07-06,103,91,363150.46,vuma33@example.com,08421658, active 
CMP8564,Shoprite Winter Promo,Shoprite,Ukhozi FM,WC,2026-05-17,2026-06-02,41,36,98472.51,shoprite85@example.com,0861716952,Active
CMP6346,Toyota Winter Promo,Toyota,Jacaranda,Gauteng,2026-01-25,2026-02-12,25,16,386041.64,toyota12@example.com,0708762811,Paused
CMP7034,Toyota Winter Promo,Toyota,947,EC,2026-06-30,2026-07-21,143,136,203362.05,toyota50@example.com,0654768370,Paused
CMP3478, Vuma Winter Promo ,Vuma,Jacaranda,EC,2026-01-09,2026-02-04,159,156,255444.01,vuma97@example.com,0888275411,Active
CMP1976, Money Market Winter Promo ,Money Market,Jacaranda,KZN,21/05/2026,2026-06-11,33,37,267125.96,moneymarket5@example.com,0704266107,Paused
CMP9105,Coke Winter Promo,Coke,Jacaranda,Gauteng,2026-06-16,2026-07-09,188,,75574.78,coke15@example.com,0602585123, active 
CMP7500, Checkers Winter Promo ,Checkers,Kaya FM,WC,2026-01-12,2026-02-03,181,179,232205.33,checkers29@example.com,0641309695,Active
CMP6763,Toyota Winter Promo,Toyota,947,EC,2026-01-07,2026-01-14,188,180,85901.49,toyota6@example.com,0892870626,Completed
CMP7149,Toyota Winter Promo,Toyota,Jacaranda,Gauteng,2026-06-19,2026-07-06,59,47,219714.25,toyota93@example.com,0753149552,Active
CMP5696,Checkers Winter Promo,Checkers,Jacaranda,KZN,11/01/2026,2026-01-26,46,37,250495.74,checkers91@example.com,0825800555,
CMP9335,Money Market Winter Promo,Money Market,Metro FM,EC,2026-03-03,2026-03-27,194,196,425036.95,moneymarket25@example.com,0738626258,Active
CMP2426,Coke Winter Promo,Coke,Jacaranda,WC,2026-02-26,2026-03-23,152,149,427513.12,coke86@example.com,0795600279,Paused
CMP5510,Vuma Winter Promo,Vuma,Kaya FM,EC,2026-05-21,2026-05-31,160,162,226178.46,vuma66@example.com,0838830562, active 
CMP1786,Toyota Winter Promo,Toyota,Metro FM,Gauteng,2026-05-01,2026-05-07,125,119,88883.48,toyota6@example.com,0723035826,COMPLETED
CMP4722,Money Market Winter Promo,Money Market,947,KZN,2026-06-07,2026-06-27,155,142,293110.43,moneymarket9@example.com,0839061193,
CMP2032,Vuma Winter Promo,Vuma,Kaya FM,WC,2026-02-05,2026-03-07,138,135,251470.84,vuma10@example.com,0715660167,Completed
CMP2640,Money Market Winter Promo,Money Market,Kaya FM,EC,2026-06-15,2026-07-13,60,50,98182.92,moneymarket45@example.com,0629916416,
CMP1456,Checkers Winter Promo,Checkers,Ukhozi FM,Gauteng,2026-04-06,2026-05-01,147,150,235490.49,checkers75@example.com,0731631322,Active
CMP3743,Checkers Winter Promo,Checkers,Ukhozi FM,WC,2026-05-11,2026-05-25,75,74,280708.82,checkers79@example.com,0614288370,Active
CMP2740,Coke Winter Promo,Coke,Metro FM,Gauteng,2026-02-09,2026-02-28,196,189,62848.39,coke92@example.com,0623011525,Paused
CMP5477,Money Market Winter Promo,Money Market,Ukhozi FM,Gauteng,2026-05-15,2026-05-21,55,49,367850.02,moneymarket86@example.com,0797784837,Completed
CMP4381,Shoprite Winter Promo,Shoprite,YFM,KZN,2026-04-10,2026-05-08,63,57,342543.53,shoprite42@example.com,07268762,
CMP7902, Shoprite Winter Promo ,Shoprite,YFM,Gauteng,2026-05-11,2026-06-09,168,166,266637.94,shoprite52@example.com,0839867107,Active
CMP6002,Coke Winter Promo,coke,Jacaranda,EC,2026-06-14,2026-06-20,131,123,229354.14,coke58@example.com,0699419911,Active
CMP3441,Money Market Winter Promo,Money Market,Ukhozi FM,WC,2026-06-12,2026-06-24,119,117,181789.26,moneymarket44@example.com,08829203,
CMP7306,Shoprite Winter Promo,Shoprite,Kaya FM,Gauteng,2026-05-23,2026-06-04,104,99,380341.33,shoprite66@example.com,0866293433,Completed
CMP2951,Coke Winter Promo,Coke,Kaya FM,Gauteng,2026-06-03,2026-06-29,97,97,309498.33,coke66@example.com,0645563432,Active
CMP4812,Vuma Winter Promo,Vuma,Kaya FM,KZN,2026-06-13,2026-07-13,188,186,441094.49,vuma20@example.com,0607213819, active 
CMP1910,Coke Winter Promo,Coke,Metro FM,Gauteng,2026-03-16,2026-04-08,138,129,45476.48,coke26@example.com,0838315243, active 
CMP4923,Toyota Winter Promo,Toyota,Metro FM,EC,2026-06-17,2026-07-10,196,201,301280.09,toyota86example.com,0871616312,COMPLETED
CMP8591,Coke Winter Promo,Coke,Kaya FM,EC,2026-03-18,2026-04-04,47,,58737,coke46@example.com,0608752170,
CMP8642,Coke Winter Promo,Coke,Jacaranda,KZN,2026-04-10,2026-04-26,51,54,43647.7,coke79@example.com,0773306022,Active
CMP6802,Shoprite Winter Promo,Shoprite,Jacaranda,WC,2026-01-10,2026-01-25,107,95,157614.92,shoprite10@example.com,0671441513,Active
CMP4750,Shoprite Winter Promo,Shoprite,Ukhozi FM,EC,18/01/2026,2026-02-04,69,65,177239.89,shoprite41@example.com,0827575809,
CMP6414,Vuma Winter Promo,Vuma,YFM,Gauteng,2026-04-05,2026-04-13,103,101,419732.48,vuma47@example.com,0881066000,
CMP9655,Toyota Winter Promo,Toyota,Metro FM,KZN,2026-04-06,2026-05-06,128,124,162035.78,toyota33@example.com,0783152313, active 
CMP2920,Vuma Winter Promo,Vuma,947,EC,2026-01-03,2026-01-31,22,13,200369.97,vuma82@example.com,0711175540, active 
CMP9019,Shoprite Winter Promo,Shoprite,Ukhozi FM,WC,2026-03-03,2026-03-09,87,81,415986.16,shoprite79@example.com,0789300318,COMPLETED
CMP3366,Shoprite Winter Promo,Shoprite,Jacaranda,EC,2026-03-03,2026-03-13,172,167,239974.48,shoprite50example.com,0702107574,Paused
CMP3576,Coke Winter Promo,Coke,Kaya FM,WC,2026-05-20,2026-05-28,184,188,18757.94,coke28@example.com,0641696371,Active
CMP4676,Checkers Winter Promo,Checkers,Ukhozi FM,WC,2026-03-24,2026-04-10,191,182,108988.11,checkers96@example.com,0894894032,Active
CMP3142,Toyota Winter Promo,Toyota,Ukhozi FM,Gauteng,2026-02-02,2026-03-02,96,90,489401.01,toyota9@example.com,0722367489,Completed
CMP5374,Coke Winter Promo,Coke,Ukhozi FM,EC,2026-01-08,2026-01-22,122,121,305741.97,coke13@example.com,0703127863,Completed
CMP5159,Money Market Winter Promo,Money Market,Kaya FM,KZN,2026-04-26,2026-05-06,170,165,446692.41,moneymarket81@example.com,0607513751,
CMP8371,Money Market Winter Promo,Money Market,Ukhozi FM,KZN,2026-05-28,2026-06-05,195,181,146206.72,moneymarket32example.com,0737356446,COMPLETED
CMP2124,Vuma Winter Promo,Vuma,YFM,KZN,2026-01-20,2026-02-17,145,137,204750.11,vuma73@example.com,0647086687,Paused
CMP1369,Money Market Winter Promo,Money Market,Metro FM,Gauteng,2026-04-24,2026-04-30,54,54,468669.25,moneymarket24@example.com,0649961428,Paused
CMP2685,Toyota Winter Promo,Toyota,Jacaranda,WC,2026-03-22,2026-04-12,182,180,,toyota97@example.com,0715444626,Completed
CMP2516,Money Market Winter Promo,Money Market,947,EC,2026-03-19,2026-04-12,83,77,282717.78,moneymarket71example.com,0817319498, active 
CMP7530,Toyota Winter Promo,Toyota,947,Gauteng,2026-03-12,2026-03-20,68,56,14683.28,toyota77@example.com,0742355765,Paused
CMP9976,Shoprite Winter Promo,Shoprite,Metro FM,EC,2026-02-19,2026-03-09,77,75,392971.18,shoprite73@example.com,0899894591,Completed
CMP6053,Coke Winter Promo,Coke,Ukhozi FM,Gauteng,2026-05-17,2026-06-13,127,125,208423.68,coke43@example.com,0887995013,COMPLETED
CMP6487, Vuma Winter Promo ,Vuma,947,KZN,2026-01-25,2026-02-22,28,13,53787.1,vuma67example.com,0866963994,Completed
CMP6605,Toyota Winter Promo,Toyota,947,KZN,27/05/2026,2026-06-06,127,116,,toyota88@example.com,0702164614, active 
CMP1972,Checkers Winter Promo,Checkers,Kaya FM,KZN,2026-06-20,2026-07-05,61,50,,checkers50@example.com,0821300638,
CMP8955,Coke Winter Promo,Coke,YFM,WC,2026-06-25,2026-07-04,109,112,253588.41,coke83@example.com,0741629529,Completed
CMP1189,Vuma Winter Promo,Vuma,Kaya FM,KZN,2026-05-07,2026-05-21,123,127,470712.81,vuma12@example.com,0652649764,
CMP4510, Vuma Winter Promo ,Vuma,Jacaranda,KZN,2026-03-29,2026-04-15,140,,398202.02,vuma44@example.com,0645554802,COMPLETED
CMP2184,Vuma Winter Promo,vuma,Jacaranda,KZN,2026-06-20,2026-07-11,163,166,71832.63,vuma81@example.com,0863821332,Completed
CMP6986,Toyota Winter Promo,Toyota,Jacaranda,WC,26/02/2026,2026-03-18,116,103,422813.13,toyota99@example.com,0642667659, active 
CMP5675,Checkers Winter Promo,Checkers,Kaya FM,KZN,2026-03-27,2026-04-01,154,139,194201.24,checkers1@example.com,0768451047,Completed
CMP9831,Checkers Winter Promo,Checkers,Ukhozi FM,Gauteng,2026-04-22,2026-05-06,169,173,248476.5,checkers66@example.com,0762059705,Paused
CMP2543,Money Market Winter Promo,Money Market,Jacaranda,EC,2026-06-10,2026-07-10,176,166,217520.51,moneymarket85@example.com,0752327451,Completed
CMP5242,Checkers Winter Promo,Checkers,Kaya FM,KZN,2026-02-02,2026-02-28,25,19,249180.92,checkers12@example.com,0778731953, active 
CMP4112, Vuma Winter Promo ,Vuma,947,Gauteng,2026-03-11,2026-03-31,63,66,161323.57,vuma71@example.com,0656443510,
CMP6373,Toyota Winter Promo,Toyota,947,Gauteng,2026-03-12,2026-03-23,188,181,492203.08,toyota60@example.com,0661209790,
CMP5137, Money Market Winter Promo ,Money Market,Jacaranda,Gauteng,18/04/2026,2026-05-15,85,74,408934.7,moneymarket9@example.com,0835733778, active 
CMP3746, Toyota Winter Promo ,Toyota,Ukhozi FM,EC,2026-04-02,2026-04-21,167,159,32174.31,toyota47@example.com,0858153950,Completed
CMP8688, Shoprite Winter Promo ,Shoprite,Kaya FM,WC,2026-01-08,2026-02-02,142,132,49880.39,shoprite15@example.com,0899760289, active 
CMP5845,Vuma Winter Promo,Vuma,YFM,EC,2026-05-29,2026-06-26,107,100,387531.55,vuma41@example.com,0723092736,
CMP5737, Checkers Winter Promo ,Checkers,Ukhozi FM,Gauteng,2026-05-11,2026-05-16,71,63,88014.63,checkers10@example.com,0896190975,Completed
CMP6813,Money Market Winter Promo,Money Market,YFM,EC,2026-04-25,2026-05-12,105,102,120104.38,moneymarket36@example.com,0652217609,Paused
CMP3369,Toyota Winter Promo,Toyota,YFM,Gauteng,2026-03-28,2026-04-11,184,169,76080.46,toyota97@example.com,0665849744, active 
CMP6280,Vuma Winter Promo,Vuma,Kaya FM,KZN,2026-04-25,2026-05-04,149,135,218467.29,vuma46@example.com,0682316681,COMPLETED
CMP7877,Money Market Winter Promo,Money Market,Jacaranda,Gauteng,2026-05-09,2026-05-24,45,46,447707.14,moneymarket55example.com,0736807136,COMPLETED
CMP5849,Toyota Winter Promo,Toyota,Metro FM,KZN,2026-04-17,2026-05-03,133,134,290629.13,toyota38@example.com,08522347,Paused
CMP1609,Toyota Winter Promo,Toyota,Kaya FM,KZN,2026-05-17,2026-06-11,172,174,252376.88,toyota84@example.com,06515121,COMPLETED
CMP9128,Toyota Winter Promo,Toyota,Metro FM,EC,2026-06-26,2026-07-17,133,119,254697.98,toyota26@example.com,0794515540,Completed
CMP1626,Money Market Winter Promo,Money Market,YFM,EC,2026-05-28,2026-06-09,52,42,406707.17,moneymarket64@example.com,0772034854,Paused
CMP3343,Toyota Winter Promo,Toyota,YFM,EC,2026-06-22,2026-06-29,164,154,67397.44,toyota80@example.com,0817445439,Paused
CMP1888,Coke Winter Promo,Coke,Metro FM,WC,2026-03-02,2026-03-28,103,108,380605.1,coke80@example.com,08682119,Completed
CMP8299,Money Market Winter Promo,money market,Metro FM,Gauteng,2026-01-16,2026-01-26,23,16,394120.03,moneymarket7@example.com,07064148,Paused
CMP7136,Toyota Winter Promo,Toyota,947,WC,2026-04-24,2026-05-18,200,186,73771.01,toyota43@example.com,0748956141,Active
CMP3295,Coke Winter Promo,Coke,947,WC,2026-02-03,2026-02-09,165,160,213872.1,coke45@example.com,0818936797, active 
CMP9477, Vuma Winter Promo ,Vuma,YFM,WC,2026-01-26,2026-02-16,20,,320442.03,vuma3@example.com,0821461202,Paused
CMP1953,Money Market Winter Promo,Money Market,Kaya FM,Gauteng,2026-02-27,2026-03-22,40,41,283254.53,moneymarket5@example.com,0723497713, active 
CMP1374,Shoprite Winter Promo,Shoprite,Jacaranda,KZN,2026-04-30,2026-05-05,57,,29867.81,shoprite98@example.com,0659124259,Paused
CMP1721,Toyota Winter Promo,Toyota,Kaya FM,KZN,2026-04-27,2026-05-22,99,89,297011.25,toyota77@example.com,0661615794, active 
CMP7157,Checkers Winter Promo,Checkers,Jacaranda,KZN,2026-02-02,2026-02-22,112,98,476878.74,checkers38@example.com,0609253784,Paused
CMP6181,Toyota Winter Promo,Toyota,Ukhozi FM,KZN,2026-06-18,2026-06-29,183,173,180544.44,toyota94@example.com,0717366162,
CMP5842,Toyota Winter Promo,Toyota,Kaya FM,KZN,10/02/2026,2026-03-04,21,19,492878.17,toyota61@example.com,0735776906,
CMP5679,Money Market Winter Promo,Money Market,Kaya FM,Gauteng,2026-01-06,2026-01-26,46,33,455443.58,moneymarket4@example.com,0616354752,
CMP5275,Coke Winter Promo,Coke,Metro FM,EC,2026-01-11,2026-01-31,35,,,coke25@example.com,0805191176,
CMP8113,Toyota Winter Promo,Toyota,Kaya FM,WC,2026-01-10,2026-01-24,134,131,333744.73,toyota10@example.com,0754106787,COMPLETED
CMP3033,Money Market Winter Promo,Money Market,YFM,WC,2026-02-23,2026-03-05,112,117,471277.7,moneymarket48@example.com,0739844045,Paused
CMP3331,Toyota Winter Promo,Toyota,YFM,EC,2026-02-22,2026-03-06,40,37,385662.67,toyota36@example.com,0704844237,Completed
CMP6005,Shoprite Winter Promo,shoprite,Ukhozi FM,Gauteng,2026-01-22,2026-02-11,168,161,332673.93,shoprite36example.com,0777278299,Completed
CMP6541,Checkers Winter Promo,Checkers,Kaya FM,EC,2026-01-13,2026-02-12,30,15,369185.17,checkers89@example.com,07417300,Paused
CMP9713, Checkers Winter Promo ,Checkers,947,WC,01/06/2026,2026-06-19,86,87,380421.16,checkers37@example.com,0689296884,COMPLETED
CMP7688,Toyota Winter Promo,Toyota,YFM,KZN,2026-03-01,2026-03-29,175,173,216786.46,toyota77@example.com,0733744627,Paused
CMP8809,Shoprite Winter Promo,Shoprite,Jacaranda,KZN,27/01/2026,2026-02-25,32,34,104019.76,shoprite4example.com,0819428491, active 
CMP5559,Toyota Winter Promo,Toyota,YFM,KZN,2026-05-10,2026-06-01,105,92,484950.76,toyota32@example.com,0829193145,COMPLETED
CMP5503,Toyota Winter Promo,Toyota,947,KZN,2026-04-03,2026-04-09,57,61,,toyota31@example.com,0706077575,
CMP1695,Vuma Winter Promo,Vuma,947,Gauteng,2026-03-30,2026-04-28,150,151,378482.73,vuma47@example.com,0829392009,Active
CMP9229,Coke Winter Promo,Coke,YFM,Gauteng,2026-05-31,2026-06-16,189,181,236660.1,coke30@example.com,0721112996,Paused
CMP3915,Toyota Winter Promo,Toyota,Jacaranda,WC,2026-05-31,2026-06-10,67,58,193596.5,toyota96@example.com,0683249501,Active
CMP1133,Money Market Winter Promo,Money Market,Ukhozi FM,KZN,2026-03-28,2026-04-04,197,200,274118.56,moneymarket20@example.com,0865326459,COMPLETED
CMP7807,Money Market Winter Promo,Money Market,Jacaranda,KZN,2026-01-12,2026-01-30,113,98,154560.62,moneymarket67@example.com,0838042292,Completed
CMP5865,Checkers Winter Promo,Checkers,YFM,EC,2026-05-14,2026-06-02,60,62,193867.64,checkers80example.com,0854136703,
CMP8416,Vuma Winter Promo,Vuma,Jacaranda,Gauteng,2026-03-12,2026-03-30,190,179,386716.7,vuma30@example.com,0679195158,Paused
CMP3784,Shoprite Winter Promo,Shoprite,Ukhozi FM,KZN,2026-05-13,2026-05-20,195,183,87585.53,shoprite44@example.com,0635920823,
CMP7095,Money Market Winter Promo,Money Market,Jacaranda,Gauteng,2026-02-17,2026-02-23,55,51,432650.01,moneymarket42@example.com,0819789575,Active
CMP5428,Shoprite Winter Promo,shoprite,947,Gauteng,2026-05-27,2026-06-23,118,,77563.91,shoprite44@example.com,0821206362,Completed
CMP8078,Toyota Winter Promo,Toyota,Jacaranda,Gauteng,2026-05-30,2026-06-21,101,96,91643.27,toyota96example.com,07159515, active 
CMP7174,Money Market Winter Promo,Money Market,Metro FM,WC,2026-04-01,2026-04-19,182,186,37990.7,moneymarket32@example.com,0795244029,Completed
CMP7919,Vuma Winter Promo,Vuma,Kaya FM,WC,2026-03-10,2026-03-19,107,96,427803.19,vuma33@example.com,0841048953,
CMP5628,Vuma Winter Promo,Vuma,Jacaranda,EC,2026-04-10,2026-04-23,200,200,247007.79,vuma30@example.com,0687921382,Paused
CMP5077,Money Market Winter Promo,Money Market,947,Gauteng,2026-01-11,2026-01-24,28,16,30614.71,moneymarket84example.com,0609381525, active 
CMP1795,Money Market Winter Promo,Money Market,Ukhozi FM,EC,26/03/2026,2026-04-25,90,93,465512.75,moneymarket66@example.com,0868442400, active 
CMP4344,Coke Winter Promo,Coke,Kaya FM,KZN,2026-06-26,2026-07-10,70,55,484869.01,coke24@example.com,0786520207, active 
CMP1251,Vuma Winter Promo,Vuma,947,WC,2026-06-22,2026-07-01,28,29,248055.31,vuma97@example.com,0828182562,Paused
CMP3623,Shoprite Winter Promo,Shoprite,947,EC,2026-04-09,2026-04-25,73,61,44406.54,shoprite63@example.com,0876466318,Active
CMP9032,Shoprite Winter Promo,Shoprite,YFM,WC,2026-03-07,2026-03-21,49,40,88875.99,shoprite40@example.com,0625823532,
CMP4563,Checkers Winter Promo,Checkers,Jacaranda,WC,2026-06-20,2026-06-26,151,154,469145.36,checkers93example.com,0797710457,COMPLETED
CMP2129,Shoprite Winter Promo,Shoprite,Ukhozi FM,EC,2026-05-13,2026-05-18,90,76,,shoprite81@example.com,0761738328,
CMP5839,Vuma Winter Promo,Vuma,Kaya FM,KZN,2026-02-17,2026-03-15,73,58,461009.73,vuma20@example.com,0786671050,COMPLETED
CMP1981,Shoprite Winter Promo,Shoprite,Metro FM,WC,2026-04-01,2026-04-21,182,185,91294.5,shoprite24@example.com,0894511073,
CMP8715,Checkers Winter Promo,Checkers,Ukhozi FM,Gauteng,2026-01-19,2026-02-02,179,170,22790.9,checkers60@example.com,0827216013,Active
CMP3061,Toyota Winter Promo,Toyota,Ukhozi FM,KZN,2026-01-23,2026-02-16,159,149,321656.64,toyota38@example.com,0839018463,Active
CMP3861,Shoprite Winter Promo,Shoprite,Jacaranda,EC,2026-05-21,2026-06-18,96,85,45278.6,shoprite79@example.com,0864570255,COMPLETED
CMP4957,Shoprite Winter Promo,Shoprite,Jacaranda,WC,2026-01-13,2026-01-31,63,60,155587.24,shoprite53@example.com,0651177297,Active
CMP9949,Vuma Winter Promo,Vuma,Kaya FM,EC,2026-02-03,2026-02-15,121,112,380752.62,vuma26@example.com,0782533912,Paused
CMP5440,Shoprite Winter Promo,Shoprite,Ukhozi FM,EC,2026-02-25,2026-03-19,68,72,158359.95,shoprite91@example.com,0885876759, active 
CMP4724, Money Market Winter Promo ,Money Market,Kaya FM,KZN,2026-02-28,2026-03-17,175,169,162936.43,moneymarket20@example.com,0843816119,Paused
CMP2535,Vuma Winter Promo,vuma,Ukhozi FM,WC,2026-03-17,2026-04-05,122,119,41412.06,vuma90@example.com,0817027091,
CMP7940,Coke Winter Promo,Coke,Metro FM,Gauteng,2026-04-02,2026-04-10,51,36,487986.32,coke54@example.com,0796715023,Completed
CMP6960, Toyota Winter Promo ,Toyota,Metro FM,Gauteng,2026-05-08,2026-05-22,80,72,412303.5,toyota31@example.com,0681216243,Paused
CMP1821,Vuma Winter Promo,Vuma,Jacaranda,Gauteng,2026-03-10,2026-03-26,144,143,190668.15,vuma80@example.com,0685311279,Active
CMP1749, Vuma Winter Promo ,Vuma,YFM,KZN,2026-02-20,2026-03-11,61,51,273457.59,vuma34@example.com,0752750460,Completed
CMP2019,Vuma Winter Promo,Vuma,Jacaranda,Gauteng,2026-05-15,2026-05-22,139,,360888.12,vuma56@example.com,0725834917,Paused
CMP5104,Money Market Winter Promo,Money Market,947,WC,2026-05-02,2026-05-10,67,72,376363.86,moneymarket95@example.com,0638714908, active 
CMP3143,Checkers Winter Promo,Checkers,Ukhozi FM,WC,2026-05-26,2026-06-21,198,191,285401.85,checkers96@example.com,0833911248,
CMP9300,Coke Winter Promo,Coke,947,EC,2026-03-15,2026-04-11,188,191,140097.74,coke79@example.com,0861227202,COMPLETED
CMP1897, Checkers Winter Promo ,Checkers,Kaya FM,EC,2026-01-26,2026-02-14,156,149,18294.08,checkers37@example.com,0619296738,Completed
CMP5427,Shoprite Winter Promo,Shoprite,Kaya FM,KZN,2026-02-22,2026-03-18,68,,138945.22,shoprite28@example.com,0641501218,Paused
CMP8043,Coke Winter Promo,Coke,YFM,Gauteng,2026-06-11,2026-06-16,77,71,,coke33@example.com,0679023524,Completed
CMP8524,Coke Winter Promo,Coke,YFM,EC,2026-03-10,2026-03-30,168,158,296005.37,coke10@example.com,0632113522,Paused
CMP6982, Toyota Winter Promo ,Toyota,Ukhozi FM,Gauteng,2026-05-10,2026-05-23,33,22,310057.23,toyota45@example.com,0681907165,COMPLETED
CMP3213,Checkers Winter Promo,Checkers,Jacaranda,WC,2026-01-19,2026-02-15,95,98,57103.66,checkers11@example.com,08979428, active 
CMP8895,Shoprite Winter Promo,Shoprite,Ukhozi FM,Gauteng,2026-03-15,2026-04-10,124,129,496362.46,shoprite97@example.com,0746002904, active 
CMP7574,Money Market Winter Promo,Money Market,Ukhozi FM,EC,2026-06-10,2026-07-03,150,148,474967.38,moneymarket17@example.com,07630030,Completed
CMP9509,Vuma Winter Promo,Vuma,Ukhozi FM,WC,2026-03-06,2026-03-22,62,55,94761.44,vuma83@example.com,0749410549,COMPLETED
CMP7567,Shoprite Winter Promo,Shoprite,947,Gauteng,16/04/2026,2026-05-08,57,54,108620.79,shoprite89example.com,0826700890,Active
CMP7846,Coke Winter Promo,Coke,Metro FM,Gauteng,2026-03-19,2026-04-15,27,17,,coke79@example.com,0869745195,COMPLETED
CMP2634,Coke Winter Promo,Coke,Metro FM,WC,2026-02-16,2026-03-17,156,150,369828.89,coke74@example.com,06734365, active 
CMP2568,Shoprite Winter Promo,Shoprite,Metro FM,EC,2026-05-02,2026-05-16,130,126,312935.34,shoprite18@example.com,0893913709,Active
CMP9095,Money Market Winter Promo,Money Market,Ukhozi FM,EC,2026-03-17,2026-04-03,196,197,,moneymarket12@example.com,0618955611,Active
CMP1278,Shoprite Winter Promo,Shoprite,Ukhozi FM,KZN,2026-03-11,2026-04-03,170,175,105144.6,shoprite38@example.com,0667761040,Paused
CMP9090,Coke Winter Promo,Coke,947,Gauteng,2026-05-26,2026-06-23,175,174,379299.66,coke37example.com,0879239728,
CMP3115, Checkers Winter Promo ,Checkers,Metro FM,EC,2026-05-16,2026-05-26,158,145,124861.86,checkers98example.com,0629267831,Paused
CMP6839,Shoprite Winter Promo,Shoprite,YFM,KZN,2026-05-09,2026-06-05,95,,,shoprite23example.com,0826192332,Paused
CMP7744,Money Market Winter Promo,Money Market,Kaya FM,KZN,2026-06-25,2026-07-07,169,165,273312.9,moneymarket26@example.com,08991744,
CMP7629,Money Market Winter Promo,Money Market,Metro FM,WC,2026-03-21,2026-03-28,69,58,165562.55,moneymarket27@example.com,0884614037,Active
CMP2868,Checkers Winter Promo,Checkers,YFM,Gauteng,2026-05-19,2026-06-17,86,82,436199.26,checkers18@example.com,0612310252,Completed
CMP8254,Coke Winter Promo,Coke,YFM,EC,2026-03-29,2026-04-15,155,141,210669.85,coke24@example.com,0761572350,
CMP7730,Shoprite Winter Promo,Shoprite,Kaya FM,EC,2026-05-28,2026-06-06,51,37,460175.99,shoprite49@example.com,0735007720,Active
CMP8410,Checkers Winter Promo,Checkers,Jacaranda,Gauteng,2026-02-16,2026-03-17,105,109,392817.91,checkers75@example.com,0866839525,Completed
CMP9114,Checkers Winter Promo,Checkers,YFM,EC,2026-06-19,2026-07-13,120,110,86543.31,checkers10@example.com,07524318,Paused
CMP2447,Shoprite Winter Promo,Shoprite,Metro FM,Gauteng,2026-04-21,2026-04-26,37,38,207289.9,shoprite63@example.com,0877724033, active 
CMP9748,Shoprite Winter Promo,Shoprite,Metro FM,Gauteng,2026-05-31,2026-06-08,38,,458875.75,shoprite66@example.com,0758174024,COMPLETED
CMP7550,Toyota Winter Promo,Toyota,Metro FM,EC,2026-03-29,2026-04-25,119,108,340820.26,toyota52@example.com,0872092930,Paused
CMP6583,Toyota Winter Promo,Toyota,947,Gauteng,2026-01-12,2026-01-28,90,76,169272.36,toyota69@example.com,0637340136,Active
CMP2244,Shoprite Winter Promo,Shoprite,Jacaranda,KZN,2026-01-28,2026-02-05,62,56,162570.64,shoprite31@example.com,0616292842,Active
CMP1765,Shoprite Winter Promo,Shoprite,Metro FM,EC,20/03/2026,2026-03-27,146,148,141827.1,shoprite31@example.com,0874654341,Paused
CMP7385, Checkers Winter Promo ,Checkers,947,KZN,2026-05-28,2026-06-20,98,99,484760.31,checkers21@example.com,08793827,Completed
CMP6043, Money Market Winter Promo ,Money Market,Kaya FM,EC,2026-04-24,2026-05-16,147,135,494972.79,moneymarket54@example.com,0796335925,COMPLETED
CMP1862,Money Market Winter Promo,Money Market,Jacaranda,Gauteng,2026-06-16,2026-07-11,197,184,,moneymarket33@example.com,0784576489,Paused
CMP7592, Toyota Winter Promo ,Toyota,Ukhozi FM,WC,2026-06-16,2026-06-21,108,,428406.99,toyota27@example.com,0689934363,Paused
CMP3214,Coke Winter Promo,Coke,YFM,KZN,2026-02-18,2026-03-03,188,185,41951.99,coke41@example.com,0747565135,Paused
CMP9807,Coke Winter Promo,Coke,Kaya FM,EC,17/05/2026,2026-06-12,140,140,288724.5,coke15@example.com,0834412952,Paused
CMP3304,Vuma Winter Promo,Vuma,Ukhozi FM,Gauteng,2026-04-04,2026-04-11,173,165,362925.53,vuma2@example.com,0803098576,Completed
CMP8637,Shoprite Winter Promo,Shoprite,Kaya FM,KZN,2026-04-06,2026-04-19,90,87,112481.66,shoprite35@example.com,0619634276,
CMP2221,Shoprite Winter Promo,Shoprite,947,EC,2026-03-06,2026-03-12,73,67,445296.57,shoprite75@example.com,0869737548,Completed
CMP2525,Shoprite Winter Promo,Shoprite,Kaya FM,EC,2026-05-28,2026-06-11,50,44,268130.2,shoprite34@example.com,0858670886,
CMP9857,Vuma Winter Promo,Vuma,Metro FM,KZN,2026-03-12,2026-03-29,157,142,131851.71,vuma81@example.com,0687638323,Active
CMP3737,Checkers Winter Promo,Checkers,947,WC,2026-03-11,2026-03-20,38,39,402765.88,checkers59@example.com,0762698440, active 
CMP1431,Money Market Winter Promo,Money Market,YFM,EC,2026-03-18,2026-04-10,36,30,166215.77,moneymarket87@example.com,0683274746,Paused
CMP5344,Shoprite Winter Promo,Shoprite,YFM,EC,2026-06-04,2026-06-21,189,187,150336.73,shoprite72@example.com,0829034849, active 
CMP2299,Checkers Winter Promo,Checkers,Metro FM,WC,2026-06-06,2026-06-21,32,26,106471.84,checkers5@example.com,0649269560,Completed
CMP8454,Coke Winter Promo,Coke,947,EC,2026-02-14,2026-02-28,114,114,81887.56,coke60@example.com,0841147197,Paused
CMP3293,Toyota Winter Promo,Toyota,Kaya FM,WC,2026-01-10,2026-01-16,33,23,22098.98,toyota68@example.com,0765172009,COMPLETED
CMP6818,Shoprite Winter Promo,Shoprite,YFM,WC,2026-01-11,2026-01-22,94,81,466371.45,shoprite63@example.com,0768614408,COMPLETED
CMP5179,Coke Winter Promo,Coke,Metro FM,EC,17/04/2026,2026-04-22,169,,264478.61,coke26example.com,0763711664,Active
CMP7281, Checkers Winter Promo ,Checkers,Ukhozi FM,KZN,2026-03-29,2026-04-16,117,107,258367.02,checkers48@example.com,07877921,Completed
CMP7769,Checkers Winter Promo,Checkers,Kaya FM,WC,2026-04-15,2026-05-12,181,166,320078.66,checkers2@example.com,0604873580,
CMP2294,Checkers Winter Promo,Checkers,947,WC,2026-06-17,2026-07-11,181,179,267069.09,checkers63@example.com,0869554378,Paused
CMP1569,Toyota Winter Promo,Toyota,Jacaranda,EC,17/06/2026,2026-07-15,124,110,419815.54,toyota36@example.com,0718356400,Active
CMP5645,Toyota Winter Promo,Toyota,Metro FM,Gauteng,2026-04-29,2026-05-06,192,187,289847.4,toyota47@example.com,07429933,COMPLETED
CMP2113,Money Market Winter Promo,Money Market,Ukhozi FM,EC,2026-03-24,2026-04-05,178,182,362276.24,moneymarket97@example.com,0629246910,Completed
CMP8036,Vuma Winter Promo,Vuma,Jacaranda,KZN,06/01/2026,2026-01-17,156,146,237006.79,vuma60@example.com,0706023425,Paused
CMP9569,Vuma Winter Promo,Vuma,Metro FM,WC,2026-06-15,2026-07-04,53,54,159006.54,vuma83@example.com,0641751782,
CMP2767,Vuma Winter Promo,Vuma,Metro FM,WC,2026-05-30,2026-06-11,60,53,73065.4,vuma71@example.com,0698289219,Active
CMP5586, Vuma Winter Promo ,Vuma,Ukhozi FM,KZN,2026-02-26,2026-03-27,79,71,436280.71,vuma8@example.com,0801131467,COMPLETED
CMP1579,Toyota Winter Promo,Toyota,947,WC,2026-03-17,2026-03-23,118,121,249069.67,toyota17@example.com,0783065129,Paused
CMP6795,Coke Winter Promo,Coke,Kaya FM,Gauteng,2026-01-11,2026-01-28,169,166,280131.46,coke37@example.com,0753138628,Active
CMP5887,Checkers Winter Promo,Checkers,947,Gauteng,26/02/2026,2026-03-11,174,164,302675.63,checkers28@example.com,0811276605,Active
CMP2822,Shoprite Winter Promo,Shoprite,Kaya FM,KZN,2026-03-17,2026-03-27,58,61,236958.81,shoprite11@example.com,0778301340,COMPLETED
CMP8715,Toyota Winter Promo,Toyota,Ukhozi FM,WC,2026-05-31,2026-06-07,169,174,437464.01,toyota10@example.com,0609712554,Completed
CMP2201,Shoprite Winter Promo,Shoprite,Kaya FM,Gauteng,2026-03-09,2026-03-26,147,141,54309.91,shoprite57@example.com,0851905343,COMPLETED
CMP2301,Money Market Winter Promo,money market,Metro FM,WC,2026-02-03,2026-02-11,97,88,413379.93,moneymarket62@example.com,0712643266,Paused
CMP4253,Money Market Winter Promo,Money Market,947,WC,2026-01-04,2026-02-01,84,75,150807.05,moneymarket66@example.com,0678420363, active 
CMP1876, Vuma Winter Promo ,Vuma,Ukhozi FM,EC,2026-05-06,2026-05-16,122,117,,vuma29@example.com,0767687492,Active
CMP7692,Toyota Winter Promo,Toyota,Metro FM,EC,2026-01-05,2026-01-19,155,151,90940.36,toyota15@example.com,0855774420,
CMP5789,Money Market Winter Promo,Money Market,947,Gauteng,2026-05-23,2026-06-05,169,158,387532.08,moneymarket26@example.com,0613047624,Completed
CMP4251,Checkers Winter Promo,Checkers,947,Gauteng,2026-03-25,2026-04-23,176,176,311335.52,checkers78@example.com,0849003129,Active
CMP7217,Checkers Winter Promo,Checkers,Metro FM,KZN,2026-06-22,2026-07-22,173,160,232187.03,checkers39@example.com,0634788861,COMPLETED
CMP7838,Shoprite Winter Promo,Shoprite,947,WC,2026-02-20,2026-03-12,99,100,86823.87,shoprite65@example.com,0855175133,Paused
CMP5803,Vuma Winter Promo,Vuma,947,EC,2026-01-17,2026-02-14,32,21,414581.84,vuma49@example.com,0671577865,Completed
CMP1536,Shoprite Winter Promo,Shoprite,Jacaranda,Gauteng,2026-01-11,2026-02-03,57,61,177680.11,shoprite81@example.com,0813797901,COMPLETED
CMP5509,Checkers Winter Promo,Checkers,Ukhozi FM,Gauteng,2026-05-29,2026-06-08,160,160,,checkers51@example.com,0876134333,Completed
CMP2500,Shoprite Winter Promo,Shoprite,Metro FM,Gauteng,2026-05-02,2026-05-16,162,167,279962.2,shoprite78@example.com,0861304370,Active
CMP6619, Coke Winter Promo ,Coke,947,WC,2026-03-16,2026-04-04,75,64,403146.88,coke66@example.com,0768376282,Paused
CMP7582,Toyota Winter Promo,Toyota,Metro FM,Gauteng,2026-05-18,2026-05-28,175,160,359762.55,toyota29@example.com,0609167672,Paused
CMP8931,Vuma Winter Promo,Vuma,Metro FM,Gauteng,2026-05-09,2026-05-17,69,57,102209.18,vuma3@example.com,0601379156,
CMP8367,Coke Winter Promo,Coke,947,Gauteng,2026-04-24,2026-05-15,169,154,304706.38,coke65@example.com,0681604152,Completed
CMP7036,Money Market Winter Promo,Money Market,947,WC,2026-04-08,2026-04-22,75,61,70741.23,moneymarket74example.com,0742931298,Paused
CMP2171,Vuma Winter Promo,Vuma,Kaya FM,WC,2026-04-14,2026-05-06,32,28,312602.31,vuma34example.com,0798931254,COMPLETED
CMP6802,Shoprite Winter Promo,Shoprite,Jacaranda,WC,2026-02-06,2026-02-22,112,113,417332.94,shoprite88@example.com,0832723637, active 
CMP8773,Toyota Winter Promo,Toyota,Kaya FM,Gauteng,2026-06-29,2026-07-08,97,97,457090.83,toyota54@example.com,07560627,Paused
CMP8615,Shoprite Winter Promo,Shoprite,Jacaranda,Gauteng,2026-03-14,2026-03-28,104,102,212468.2,shoprite33@example.com,0775070839,Completed
CMP6743,Money Market Winter Promo,Money Market,Jacaranda,KZN,2026-04-01,2026-04-30,145,134,454109.73,moneymarket74@example.com,0899215123,
CMP1961,Coke Winter Promo,Coke,YFM,KZN,2026-02-28,2026-03-30,140,135,225761.08,coke36@example.com,0812014838,Active
CMP2100,Vuma Winter Promo,Vuma,Metro FM,Gauteng,14/03/2026,2026-04-05,45,44,82903.76,vuma11@example.com,0835453750,
CMP7914,Checkers Winter Promo,Checkers,Jacaranda,EC,2026-05-22,2026-06-11,77,62,14420.41,checkers1@example.com,0622210645,Completed
CMP2886,Vuma Winter Promo,Vuma,Ukhozi FM,WC,2026-05-01,2026-05-23,61,53,160970.94,vuma96@example.com,0845126992,Paused
CMP1285,Vuma Winter Promo,Vuma,Kaya FM,KZN,2026-06-10,2026-07-03,197,186,497585.34,vuma55@example.com,0848711949,Paused
CMP9763,Toyota Winter Promo,Toyota,Jacaranda,WC,2026-06-05,2026-06-17,116,102,21808.05,toyota9@example.com,0796471103,Active
CMP1812,Money Market Winter Promo,Money Market,Kaya FM,EC,2026-05-10,2026-05-18,176,175,263392.77,moneymarket41@example.com,0852198011,Completed
CMP3220,Coke Winter Promo,Coke,Ukhozi FM,EC,2026-05-07,2026-05-26,94,92,334038.88,coke26@example.com,0752900208,Active
CMP7179,Toyota Winter Promo,toyota,Jacaranda,EC,2026-02-11,2026-03-02,62,65,425257.41,toyota58example.com,0888346334, active 
CMP5662,Shoprite Winter Promo,Shoprite,947,Gauteng,2026-06-04,2026-07-01,110,98,200151.52,shoprite79@example.com,0677196559,COMPLETED
CMP1338, Money Market Winter Promo ,Money Market,947,WC,2026-01-15,2026-02-08,173,177,445468.09,moneymarket56@example.com,0705516937,Paused
CMP5145,Money Market Winter Promo,Money Market,Kaya FM,WC,2026-02-11,2026-02-16,152,155,361204.17,moneymarket49@example.com,0734373663,
CMP9002,Vuma Winter Promo,Vuma,Metro FM,WC,2026-06-05,2026-06-29,178,176,162995.11,vuma22example.com,0635346892,COMPLETED
CMP7262,Coke Winter Promo,Coke,Jacaranda,KZN,2026-02-01,2026-02-22,90,77,187603.75,coke47@example.com,0758692168,Active
CMP9826,Vuma Winter Promo,Vuma,Kaya FM,KZN,2026-04-23,2026-05-14,103,105,,vuma3@example.com,0889776706,Active
CMP1104,Toyota Winter Promo,Toyota,Ukhozi FM,KZN,2026-02-09,2026-03-07,127,124,24225.81,toyota54example.com,0731075610,Paused
CMP4577,Toyota Winter Promo,Toyota,Jacaranda,KZN,2026-01-30,2026-02-16,56,52,457138.64,toyota38example.com,0877613529,
CMP5835,Money Market Winter Promo,Money Market,Metro FM,Gauteng,02/04/2026,2026-04-08,190,186,384297.89,moneymarket31@example.com,0665976749,Paused
CMP7383,Money Market Winter Promo,Money Market,Ukhozi FM,EC,2026-02-13,2026-03-02,153,152,273856.73,moneymarket93@example.com,0836478284,Completed
CMP7551,Coke Winter Promo,Coke,Ukhozi FM,Gauteng,2026-05-01,2026-05-24,188,185,429259.47,coke51@example.com,0861838954,Active
CMP5540,Checkers Winter Promo,Checkers,Jacaranda,EC,2026-03-28,2026-04-02,41,30,334955.16,checkers13@example.com,07851775,COMPLETED
CMP3681,Coke Winter Promo,coke,Metro FM,EC,2026-02-24,2026-03-16,131,136,273587.39,coke12@example.com,07324358, active 
CMP5765,Toyota Winter Promo,Toyota,Jacaranda,Gauteng,2026-05-17,2026-05-25,125,121,211852.81,toyota67@example.com,0655692337,Paused
CMP2015,Money Market Winter Promo,Money Market,Ukhozi FM,Gauteng,2026-01-19,2026-01-30,115,118,,moneymarket34@example.com,0834404711,
CMP6988,Toyota Winter Promo,Toyota,947,WC,2026-05-05,2026-05-25,169,169,390859.56,toyota23example.com,0646271927,Paused
CMP3080,Coke Winter Promo,coke,947,Gauteng,2026-05-10,2026-06-02,180,181,43137.33,coke90@example.com,0871716984,
CMP1452,Shoprite Winter Promo,Shoprite,947,Gauteng,2026-04-04,2026-04-16,155,146,112505.02,shoprite8@example.com,0736782468,Paused
CMP8601,Coke Winter Promo,Coke,947,Gauteng,2026-05-23,2026-06-14,107,102,366316.86,coke42@example.com,0763224132,Completed
CMP7523,Checkers Winter Promo,Checkers,Jacaranda,Gauteng,2026-01-04,2026-01-23,163,167,247477.61,checkers73@example.com,0637103436, active 
CMP7642,Coke Winter Promo,Coke,Kaya FM,EC,2026-04-18,2026-05-11,122,111,265636.03,coke33@example.com,0857222565,Completed
CMP9990,Vuma Winter Promo,Vuma,Kaya FM,EC,2026-04-15,2026-05-13,37,38,84977.8,vuma11example.com,0786854167,Active
CMP9855,Shoprite Winter Promo,Shoprite,Ukhozi FM,KZN,01/04/2026,2026-04-16,82,71,163892.65,shoprite70example.com,0866455208, active 
CMP8622,Checkers Winter Promo,Checkers,YFM,KZN,2026-06-04,2026-07-04,90,76,13523.77,checkers18@example.com,0896346998,
CMP1190,Toyota Winter Promo,Toyota,Metro FM,EC,2026-05-29,2026-06-26,129,123,140257.07,toyota30@example.com,0656770703,
CMP2868,Coke Winter Promo,Coke,Jacaranda,WC,2026-04-20,2026-05-06,143,128,389470.4,coke53@example.com,0862618203,COMPLETED
CMP4090,Coke Winter Promo,Coke,Metro FM,WC,12/05/2026,2026-06-08,98,86,69549.02,coke22@example.com,0623768521,Completed
CMP6955,Money Market Winter Promo,Money Market,Kaya FM,WC,2026-05-16,2026-06-10,178,182,81550.07,moneymarket11@example.com,0823367831,Paused
CMP9471,Shoprite Winter Promo,Shoprite,Metro FM,Gauteng,2026-03-13,2026-04-12,87,86,190383.59,shoprite96@example.com,0669564306,COMPLETED
CMP3653,Shoprite Winter Promo,Shoprite,Ukhozi FM,EC,2026-01-30,2026-02-23,145,138,173604.37,shoprite27@example.com,0608884560,COMPLETED
CMP2982,Toyota Winter Promo,Toyota,Kaya FM,Gauteng,2026-03-10,2026-04-03,163,156,344857.25,toyota16example.com,0676136903, active 
CMP2973,Toyota Winter Promo,Toyota,YFM,KZN,2026-02-22,2026-03-16,21,24,334142.78,toyota1@example.com,0611035145,
CMP6862,Money Market Winter Promo,Money Market,YFM,Gauteng,2026-02-11,2026-03-02,24,20,115126.53,moneymarket35@example.com,0843991050,Completed
CMP7605,Toyota Winter Promo,Toyota,Kaya FM,KZN,2026-05-20,2026-06-10,138,128,268955.63,toyota74@example.com,0787814252,
CMP6914,Shoprite Winter Promo,Shoprite,YFM,WC,2026-01-07,2026-01-13,53,56,207924.81,shoprite6@example.com,0721638062,COMPLETED
CMP7291,Toyota Winter Promo,Toyota,Jacaranda,EC,2026-02-24,2026-03-21,67,64,154457.59,toyota79@example.com,0662433037, active 
CMP8627,Vuma Winter Promo,Vuma,Metro FM,WC,2026-05-06,2026-06-04,126,128,,vuma92@example.com,0736447948,Paused
CMP1683,Coke Winter Promo,Coke,YFM,WC,24/01/2026,2026-02-06,134,128,181591.3,coke55@example.com,0728472173,Completed
CMP3051,Coke Winter Promo,Coke,Metro FM,EC,2026-04-18,2026-05-07,159,149,115864.29,coke41example.com,0801704935,Completed
CMP3455,Shoprite Winter Promo,Shoprite,947,EC,14/03/2026,2026-04-09,77,64,393390.99,shoprite71@example.com,0815568869, active 
CMP3618,Coke Winter Promo,Coke,Jacaranda,EC,2026-01-13,2026-01-24,173,158,153979.97,coke7@example.com,08124606,Active
CMP7938,Vuma Winter Promo,Vuma,Ukhozi FM,EC,09/02/2026,2026-03-07,75,72,,vuma58@example.com,0674037637,COMPLETED
CMP7305,Money Market Winter Promo,Money Market,Jacaranda,Gauteng,2026-06-10,2026-07-03,120,108,292165.11,moneymarket65@example.com,0774140613,Completed
CMP5037,Vuma Winter Promo,Vuma,Ukhozi FM,WC,2026-06-30,2026-07-19,169,156,148909.11,vuma58@example.com,0841962698,Paused
CMP7530, Toyota Winter Promo ,Toyota,Ukhozi FM,WC,2026-06-02,2026-06-20,128,126,347783.5,toyota45@example.com,0874650276, active 
CMP5677,Coke Winter Promo,Coke,Jacaranda,WC,2026-05-29,2026-06-12,54,58,202106.31,coke76@example.com,0673714884,COMPLETED
CMP6771,Checkers Winter Promo,Checkers,YFM,EC,2026-06-22,2026-07-14,75,68,468098.96,checkers26@example.com,0888880683,
CMP4459,Vuma Winter Promo,Vuma,YFM,WC,2026-04-02,2026-04-19,141,128,15227.63,vuma19@example.com,0685726838,Paused
CMP1718,Money Market Winter Promo,Money Market,Kaya FM,EC,2026-05-27,2026-06-12,151,141,422005.83,moneymarket25@example.com,0828992521,COMPLETED
CMP8113,Coke Winter Promo,Coke,YFM,EC,2026-06-12,2026-07-10,48,51,274302.08,coke44@example.com,06995091,Completed
CMP8902,Coke Winter Promo,Coke,Kaya FM,Gauteng,2026-03-06,2026-04-03,106,109,416475.97,coke46example.com,0663220711,
CMP7599,Toyota Winter Promo,Toyota,Metro FM,Gauteng,2026-03-24,2026-04-02,83,68,174221.29,toyota12@example.com,0884154166,Completed
CMP7498, Toyota Winter Promo ,Toyota,Jacaranda,Gauteng,2026-01-02,2026-01-24,192,196,359816.82,toyota37@example.com,0871590723,Paused
CMP5399,Shoprite Winter Promo,Shoprite,Kaya FM,WC,2026-04-01,2026-04-16,159,164,287510.19,shoprite5@example.com,0879575758,Active
CMP1852,Money Market Winter Promo,Money Market,Jacaranda,EC,2026-04-17,2026-05-14,135,129,497581.45,moneymarket56@example.com,0796972353,Paused
CMP1220,Coke Winter Promo,Coke,Jacaranda,EC,2026-05-20,2026-05-28,41,38,264511.86,coke31@example.com,0653511420,Active
CMP6232,Checkers Winter Promo,Checkers,YFM,KZN,2026-06-04,2026-06-28,85,71,406157.76,checkers46@example.com,0863189145,Active
CMP7218,Checkers Winter Promo,Checkers,Ukhozi FM,KZN,2026-03-08,2026-03-30,65,51,370644.54,checkers56example.com,0619293812, active 
CMP6565,Shoprite Winter Promo,Shoprite,947,Gauteng,2026-03-05,2026-03-30,58,46,415273.74,shoprite43@example.com,0876200702,COMPLETED
CMP1398,Checkers Winter Promo,Checkers,Jacaranda,Gauteng,2026-02-09,2026-02-19,108,100,241012.39,checkers47@example.com,0865547670,Paused
CMP2399,Vuma Winter Promo,Vuma,Jacaranda,KZN,2026-06-02,2026-06-21,53,49,409907.1,vuma69@example.com,0752305304,Active
CMP2009,Vuma Winter Promo,Vuma,Kaya FM,EC,2026-04-28,2026-05-20,60,61,134913.49,vuma29@example.com,0636324722,Active
CMP8794,Coke Winter Promo,Coke,947,EC,29/05/2026,2026-06-05,171,168,32578.37,coke46@example.com,0791648176,
CMP3273,Checkers Winter Promo,Checkers,947,KZN,2026-02-28,2026-03-28,145,140,79615.84,checkers30@example.com,0785728833, active 
CMP9793,Vuma Winter Promo,Vuma,Kaya FM,KZN,2026-04-05,2026-04-10,175,180,371255.22,vuma89@example.com,0852418105,Paused
CMP2252,Vuma Winter Promo,Vuma,Ukhozi FM,Gauteng,2026-06-02,2026-06-12,140,126,346814.24,vuma98@example.com,0693634584,COMPLETED
CMP8106, Vuma Winter Promo ,Vuma,YFM,Gauteng,18/06/2026,2026-06-24,125,120,485052.93,vuma83@example.com,0878499393,Completed
CMP5101,Money Market Winter Promo,Money Market,Kaya FM,KZN,2026-01-06,2026-01-28,192,186,122360.59,moneymarket90@example.com,0836801327,Completed
CMP9914,Vuma Winter Promo,Vuma,YFM,Gauteng,2026-02-04,2026-02-25,113,115,285688.05,vuma64@example.com,0727128802, active 
CMP1642,Money Market Winter Promo,Money Market,Jacaranda,KZN,2026-04-12,2026-05-02,51,56,147487.12,moneymarket7@example.com,0885928560, active 
CMP9366,Toyota Winter Promo,Toyota,Ukhozi FM,WC,2026-01-22,2026-02-08,31,26,166949.15,toyota96@example.com,0601976942,Completed
CMP4954,Vuma Winter Promo,Vuma,Jacaranda,EC,28/03/2026,2026-04-06,137,134,,vuma12@example.com,06165674,COMPLETED
CMP4981,Money Market Winter Promo,Money Market,Metro FM,KZN,2026-06-03,2026-06-10,94,91,247512.6,moneymarket52@example.com,0834624668,Active
CMP4256, Money Market Winter Promo ,Money Market,Jacaranda,KZN,2026-04-25,2026-05-07,71,68,226765.31,moneymarket85@example.com,0771799802,COMPLETED
CMP4232,Vuma Winter Promo,Vuma,Metro FM,KZN,2026-02-19,2026-03-16,24,11,150278.09,vuma18@example.com,0776693267,Completed
CMP3744, Checkers Winter Promo ,Checkers,Kaya FM,EC,2026-03-19,2026-04-15,63,49,398059.22,checkers40@example.com,0715282012,Paused
CMP1573,Toyota Winter Promo,Toyota,947,WC,2026-04-09,2026-04-21,167,164,330140.95,toyota86@example.com,0648317165,Paused
CMP8334,Checkers Winter Promo,Checkers,Metro FM,WC,2026-06-05,2026-06-30,129,121,31832.88,checkers12@example.com,0781350475,Active
CMP6730,Shoprite Winter Promo,Shoprite,Ukhozi FM,WC,2026-06-03,2026-06-18,105,103,387203.34,shoprite35@example.com,0851604042,Paused
CMP7284,Money Market Winter Promo,Money Market,YFM,EC,2026-05-21,2026-06-07,183,172,245442.31,moneymarket96@example.com,0678828696,Completed
CMP4538,Shoprite Winter Promo,Shoprite,947,WC,2026-04-22,2026-04-28,141,126,210535.52,shoprite61@example.com,0691697114,COMPLETED
CMP5787,Toyota Winter Promo,Toyota,947,EC,2026-01-16,2026-01-23,174,167,62615.12,toyota14@example.com,0839197868, active 
CMP7437,Shoprite Winter Promo,Shoprite,Kaya FM,Gauteng,2026-03-07,2026-03-31,179,164,498312.2,shoprite56@example.com,0793589435, active 
CMP1001, Toyota Winter Promo ,Toyota,Jacaranda,Gauteng,2026-02-20,2026-02-26,37,28,75446.32,toyota97@example.com,0791056578,Active
CMP3831,Checkers Winter Promo,Checkers,YFM,EC,2026-05-21,2026-06-20,193,182,,checkers85@example.com,0689384385,Completed
CMP6927,Coke Winter Promo,Coke,Ukhozi FM,EC,2026-05-28,2026-06-23,44,,45773.9,coke15@example.com,0873895758,Completed
CMP5808,Shoprite Winter Promo,Shoprite,YFM,EC,2026-05-17,2026-05-27,140,125,239871.46,shoprite39@example.com,0712592880,
CMP7629, Checkers Winter Promo ,Checkers,Jacaranda,Gauteng,2026-06-03,2026-06-12,74,67,88000.15,checkers77@example.com,0897489877,Completed
CMP2180,Money Market Winter Promo,Money Market,YFM,EC,2026-05-05,2026-05-18,56,54,297330.33,moneymarket94@example.com,0686802753,Paused
CMP3555,Vuma Winter Promo,Vuma,947,KZN,2026-03-06,2026-03-17,179,176,,vuma22@example.com,0632118423,Active
CMP1504,Toyota Winter Promo,Toyota,947,WC,2026-04-13,2026-05-04,88,92,127767.28,toyota30@example.com,0623285616,Paused
CMP9002,Toyota Winter Promo,Toyota,Jacaranda,Gauteng,09/04/2026,2026-05-05,184,,,toyota61@example.com,0814539642,COMPLETED
CMP1534,Vuma Winter Promo,Vuma,Kaya FM,Gauteng,2026-04-26,2026-05-04,158,161,245772.65,vuma79@example.com,0649383637,Active
CMP2613,Checkers Winter Promo,Checkers,Kaya FM,KZN,2026-02-27,2026-03-12,143,136,468142.7,checkers61@example.com,0717027135,Active
CMP4288,Vuma Winter Promo,Vuma,Jacaranda,WC,2026-04-24,2026-05-03,162,157,380228,vuma24@example.com,0895443368,COMPLETED
CMP4174,Checkers Winter Promo,Checkers,Kaya FM,WC,2026-02-17,2026-02-23,199,,336092.05,checkers2@example.com,07389046,Completed
CMP5441,Coke Winter Promo,Coke,YFM,KZN,2026-03-26,2026-04-23,84,81,,coke76@example.com,07299631, active 
CMP3496,Vuma Winter Promo,Vuma,YFM,WC,2026-06-09,2026-06-21,85,71,460332.14,vuma77@example.com,0803299597,Completed
CMP2205,Checkers Winter Promo,Checkers,947,KZN,2026-02-17,2026-03-11,198,196,410337.6,checkers10@example.com,0896210103, active 
CMP7902,Vuma Winter Promo,Vuma,Metro FM,KZN,2026-01-11,2026-01-30,51,55,78203.31,vuma91@example.com,0824550918,COMPLETED
CMP5884,Checkers Winter Promo,Checkers,Ukhozi FM,WC,2026-02-18,2026-03-05,93,85,303041.11,checkers51@example.com,0644074352, active 
CMP7109,Shoprite Winter Promo,Shoprite,Jacaranda,EC,2026-02-23,2026-03-20,193,181,249339.47,shoprite86@example.com,08558149,Completed
CMP6496,Toyota Winter Promo,Toyota,Metro FM,Gauteng,2026-03-29,2026-04-10,109,95,213460.34,toyota89@example.com,0687444865,
CMP4188,Checkers Winter Promo,Checkers,Kaya FM,Gauteng,2026-05-30,2026-06-17,42,45,230508.5,checkers34@example.com,0602848108,Active
CMP3486,Money Market Winter Promo,Money Market,Ukhozi FM,KZN,2026-05-02,2026-05-11,86,84,50414.76,moneymarket16@example.com,0619282238, active 
CMP4557,Money Market Winter Promo,Money Market,947,WC,2026-06-28,2026-07-05,30,18,165311.64,moneymarket46@example.com,0678636659,
CMP8270,Toyota Winter Promo,Toyota,947,Gauteng,2026-01-17,2026-01-24,82,70,77124.74,toyota51@example.com,0601067483,Paused
CMP6111,Checkers Winter Promo,Checkers,Metro FM,KZN,2026-03-11,2026-04-01,156,159,325581.92,checkers38@example.com,0705276747,Completed
CMP1256,Coke Winter Promo,Coke,Jacaranda,KZN,2026-03-08,2026-03-21,184,186,121525.76,coke65@example.com,0794507233,Paused
CMP5939,Shoprite Winter Promo,Shoprite,Ukhozi FM,Gauteng,2026-03-23,2026-04-03,31,29,474317.59,shoprite94@example.com,07849759,Paused
CMP5938,Toyota Winter Promo,Toyota,947,Gauteng,2026-03-08,2026-04-07,159,163,492637.4,toyota92example.com,0601869197,Completed
CMP6874,Checkers Winter Promo,Checkers,YFM,WC,2026-04-02,2026-04-15,132,134,352379.35,checkers19@example.com,0667254705,COMPLETED
CMP9712,Toyota Winter Promo,Toyota,Jacaranda,WC,2026-05-25,2026-06-20,94,79,429971.82,toyota74@example.com,0857653600,COMPLETED
CMP3303,Money Market Winter Promo,Money Market,Kaya FM,EC,2026-03-27,2026-04-06,185,180,474911.09,moneymarket51@example.com,0783046065, active 
CMP8915,Shoprite Winter Promo,Shoprite,Ukhozi FM,WC,2026-03-18,2026-03-25,98,101,279283.04,shoprite20@example.com,0676741112, active 
CMP9014,Coke Winter Promo,Coke,Ukhozi FM,EC,2026-06-10,2026-07-09,74,79,306385.33,coke39@example.com,0637431481,COMPLETED
CMP4389,Vuma Winter Promo,Vuma,Ukhozi FM,KZN,2026-06-17,2026-07-02,169,158,82538.58,vuma54@example.com,0866975546,Completed
CMP4021,Vuma Winter Promo,Vuma,Jacaranda,KZN,2026-04-28,2026-05-28,38,24,221327.37,vuma67@example.com,0863751757,Active
CMP4218,Checkers Winter Promo,Checkers,Metro FM,KZN,2026-03-22,2026-04-20,154,139,228441.34,checkers2example.com,08771698,Active
CMP8717,Checkers Winter Promo,Checkers,Ukhozi FM,KZN,2026-06-28,2026-07-16,177,171,441915.44,checkers57@example.com,0863600788, active 
CMP4918, Shoprite Winter Promo ,Shoprite,947,EC,19/05/2026,2026-06-03,75,80,439597.2,shoprite93@example.com,0795431165,Active
CMP6353,Checkers Winter Promo,Checkers,947,Gauteng,2026-06-12,2026-06-27,88,79,316880.43,checkers26@example.com,0685825468,COMPLETED
CMP3370,Vuma Winter Promo,Vuma,947,KZN,2026-02-24,2026-03-06,147,137,293887.06,vuma61example.com,0755112609,Paused
CMP8691,Toyota Winter Promo,Toyota,Jacaranda,KZN,2026-02-06,2026-02-12,87,85,77464.71,toyota81@example.com,0757232960,Completed
CMP1881,Toyota Winter Promo,Toyota,Ukhozi FM,WC,2026-05-24,2026-06-13,197,200,72725.41,toyota75example.com,0888748903, active 
CMP1564,Coke Winter Promo,Coke,947,Gauteng,2026-05-30,2026-06-28,165,165,126942.59,coke73@example.com,0655057836,Paused
CMP6463,Shoprite Winter Promo,Shoprite,Metro FM,WC,2026-06-21,2026-07-15,116,114,42362.02,shoprite75@example.com,0779335358,Paused
CMP8843,Money Market Winter Promo,Money Market,947,WC,2026-04-11,2026-05-06,163,161,251936.83,moneymarket70@example.com,0857224155,Paused
CMP6136,Checkers Winter Promo,Checkers,Kaya FM,WC,07/01/2026,2026-02-05,30,23,113456.82,checkers20@example.com,0816176456,
CMP8304,Shoprite Winter Promo,Shoprite,947,EC,2026-01-24,2026-02-20,35,40,,shoprite58@example.com,0727435819,Active
CMP8690, Coke Winter Promo ,Coke,Kaya FM,WC,2026-04-18,2026-05-15,98,92,264882.55,coke95@example.com,0612792117,
CMP2435, Checkers Winter Promo ,Checkers,Ukhozi FM,Gauteng,2026-05-21,2026-06-13,119,116,49095.3,checkers12@example.com,0745496570,Completed
CMP8600,Money Market Winter Promo,Money Market,947,Gauteng,2026-06-15,2026-06-27,59,55,445392.66,moneymarket42@example.com,0764121360,
CMP4711,Shoprite Winter Promo,Shoprite,Jacaranda,KZN,2026-04-10,2026-05-10,181,180,186560.13,shoprite44@example.com,08771241,Paused
CMP2145,Vuma Winter Promo,Vuma,Jacaranda,Gauteng,2026-06-09,2026-07-08,46,44,183110.78,vuma41@example.com,0685422470,Paused
CMP9132,Coke Winter Promo,Coke,947,Gauteng,2026-05-13,2026-05-26,199,196,,coke93example.com,0685474643,Active
CMP6695, Vuma Winter Promo ,Vuma,Metro FM,EC,2026-01-26,2026-02-03,173,164,165888.76,vuma35@example.com,0678525457,Active
CMP8723,Coke Winter Promo,Coke,Ukhozi FM,EC,26/06/2026,2026-07-03,38,36,49705.91,coke55@example.com,0869847889,Paused
CMP9110,Shoprite Winter Promo,Shoprite,Metro FM,KZN,23/04/2026,2026-05-06,117,110,261546.16,shoprite49@example.com,0701852561,
CMP3450,Toyota Winter Promo,toyota,Ukhozi FM,EC,2026-03-28,2026-04-27,96,85,211465.86,toyota52@example.com,0647329341,Active
CMP9343,Vuma Winter Promo,Vuma,Metro FM,EC,2026-01-11,2026-02-10,169,155,46102.89,vuma4@example.com,0878222785,COMPLETED
CMP8323,Toyota Winter Promo,Toyota,947,WC,22/04/2026,2026-05-14,173,163,165837.21,toyota74example.com,0722924386,COMPLETED
CMP8931,Toyota Winter Promo,Toyota,Jacaranda,Gauteng,2026-05-11,2026-06-06,158,159,79840.57,toyota84@example.com,0647431526,
CMP3424,Money Market Winter Promo,Money Market,947,WC,2026-01-10,2026-02-09,57,51,422900.66,moneymarket90@example.com,0626606656, active 
CMP8073,Coke Winter Promo,Coke,YFM,WC,2026-06-04,2026-06-28,92,85,270336.88,coke24@example.com,0653036500,Active
CMP7818,Toyota Winter Promo,Toyota,Jacaranda,EC,2026-02-03,2026-02-24,183,178,21723.04,toyota71example.com,0853250891,Paused
CMP9868,Checkers Winter Promo,Checkers,Kaya FM,KZN,2026-05-16,2026-05-30,99,95,147319.14,checkers30@example.com,0818645160,Completed
CMP5383,Money Market Winter Promo,Money Market,Kaya FM,WC,2026-03-27,2026-04-05,138,141,275458.25,moneymarket15@example.com,08491077,
CMP9901,Money Market Winter Promo,Money Market,Ukhozi FM,EC,2026-01-02,2026-01-16,166,155,451556.24,moneymarket66@example.com,06993923, active 
CMP1574, Checkers Winter Promo ,Checkers,Jacaranda,EC,2026-03-08,2026-03-23,105,101,324427.29,checkers64@example.com,0709349975,Paused
CMP6190,Checkers Winter Promo,Checkers,947,WC,2026-04-02,2026-04-14,142,144,36706.05,checkers59@example.com,0887184928,
CMP8686,Toyota Winter Promo,Toyota,Metro FM,WC,2026-01-22,2026-01-31,198,184,,toyota4@example.com,0675342738,Paused
CMP8452,Toyota Winter Promo,Toyota,Metro FM,EC,12/04/2026,2026-04-27,129,128,62357.13,toyota23@example.com,0628802049, active 
CMP8304,Toyota Winter Promo,Toyota,Ukhozi FM,KZN,2026-04-08,2026-04-29,39,32,272903.98,toyota27@example.com,0869807764, active 
CMP3745,Shoprite Winter Promo,Shoprite,Jacaranda,Gauteng,2026-04-30,2026-05-30,138,123,421828.26,shoprite51@example.com,0809527465,Completed
CMP3142,Money Market Winter Promo,Money Market,Kaya FM,KZN,2026-05-15,2026-06-04,200,186,207632.14,moneymarket62example.com,0667854706,Active
CMP2806, Toyota Winter Promo ,Toyota,YFM,KZN,2026-02-10,2026-02-24,142,142,127455.34,toyota26@example.com,0867163942,Paused
CMP9152,Vuma Winter Promo,Vuma,Kaya FM,Gauteng,2026-05-19,2026-05-26,22,22,203893.78,vuma39@example.com,0809728134,Paused
CMP2136,Toyota Winter Promo,Toyota,Metro FM,EC,2026-06-13,2026-07-11,93,94,189611.19,toyota60example.com,0631241578,Completed
CMP9026,Coke Winter Promo,Coke,947,Gauteng,2026-04-08,2026-04-22,50,54,190497.7,coke94@example.com,0718713148, active 
CMP5158,Coke Winter Promo,Coke,Ukhozi FM,KZN,2026-04-19,2026-04-26,63,58,124996.3,coke42@example.com,0686770736,
CMP8242,Vuma Winter Promo,Vuma,Metro FM,Gauteng,14/06/2026,2026-07-03,23,26,77723.11,vuma70@example.com,0627142503,COMPLETED
CMP1586,Toyota Winter Promo,Toyota,Kaya FM,EC,2026-04-21,2026-05-08,186,191,290503.42,toyota49@example.com,0868980972,COMPLETED
CMP7247,Vuma Winter Promo,vuma,Jacaranda,KZN,2026-03-08,2026-03-26,116,,249525.19,vuma73@example.com,0697328369, active 
CMP3988, Vuma Winter Promo ,Vuma,947,EC,2026-04-28,2026-05-20,59,60,43683.7,vuma34@example.com,0676266010,Paused
CMP5464,Money Market Winter Promo,Money Market,Kaya FM,KZN,15/05/2026,2026-05-23,40,41,312800.59,moneymarket56@example.com,0732373345,Active
CMP3985,Checkers Winter Promo,Checkers,Jacaranda,EC,2026-03-01,2026-03-21,93,78,325651.63,checkers37@example.com,0623807885,
CMP7386,Money Market Winter Promo,Money Market,YFM,WC,2026-03-25,2026-03-31,125,123,160544.53,moneymarket64@example.com,0799430390,COMPLETED
CMP5337,Vuma Winter Promo,Vuma,947,WC,2026-02-27,2026-03-21,118,110,32715.56,vuma37example.com,0621023385,Completed
CMP1654,Shoprite Winter Promo,Shoprite,Kaya FM,Gauteng,2026-04-11,2026-04-22,63,60,448332.6,shoprite45@example.com,0883092359,COMPLETED
CMP8094,Vuma Winter Promo,Vuma,947,EC,07/01/2026,2026-01-20,30,35,310190.61,vuma17@example.com,0656390853,Active
CMP9838, Vuma Winter Promo ,Vuma,Kaya FM,Gauteng,2026-05-18,2026-06-15,26,,174601.1,vuma44example.com,0652096141, active 
CMP1766,Toyota Winter Promo,Toyota,Metro FM,WC,2026-06-01,2026-06-17,79,70,,toyota22@example.com,0681777545,Active
CMP3030,Money Market Winter Promo,Money Market,Kaya FM,Gauteng,2026-01-19,2026-02-12,88,92,439716.73,moneymarket85@example.com,0778124117, active 
CMP3193,Coke Winter Promo,Coke,Kaya FM,KZN,2026-06-07,2026-06-24,142,145,474434.95,coke37@example.com,0797932353,
CMP7852,Toyota Winter Promo,Toyota,947,WC,2026-03-27,2026-04-19,101,,10986.44,toyota76@example.com,07210690,COMPLETED
CMP1372,Toyota Winter Promo,Toyota,Ukhozi FM,KZN,2026-05-26,2026-06-16,152,143,348278.44,toyota6@example.com,0738944335,
CMP5045,Shoprite Winter Promo,Shoprite,YFM,EC,2026-01-11,2026-01-26,33,31,455597.45,shoprite50@example.com,0889976302, active 
CMP2546,Coke Winter Promo,Coke,Jacaranda,Gauteng,2026-06-21,2026-06-30,176,168,469977.84,coke49@example.com,0704549055,Paused
CMP7225, Coke Winter Promo ,Coke,Metro FM,KZN,2026-06-25,2026-07-06,38,23,399147.96,coke33@example.com,0881427790,Completed
CMP4946,Checkers Winter Promo,Checkers,947,KZN,2026-06-05,2026-06-12,117,117,344873.7,checkers34@example.com,0865208242,Active
CMP1268, Toyota Winter Promo ,Toyota,Ukhozi FM,EC,2026-04-27,2026-05-07,182,180,286931.84,toyota11@example.com,0723625238,Active
CMP5782,Toyota Winter Promo,toyota,Ukhozi FM,KZN,2026-01-18,2026-01-25,186,191,180225.08,toyota74@example.com,0744221223,COMPLETED
CMP2694,Checkers Winter Promo,Checkers,Jacaranda,EC,2026-02-04,2026-02-10,155,152,136144.97,checkers83@example.com,0757863480,Completed
CMP4646,Checkers Winter Promo,Checkers,Metro FM,KZN,2026-03-15,2026-04-13,135,138,159084.78,checkers39@example.com,0806030730,Paused
CMP2523,Shoprite Winter Promo,Shoprite,YFM,KZN,07/04/2026,2026-04-15,30,18,129412.54,shoprite45@example.com,0715446134,Active
CMP9843,Checkers Winter Promo,Checkers,Kaya FM,WC,2026-02-15,2026-03-12,44,45,176630.19,checkers29@example.com,0779990668, active 
CMP2831,Toyota Winter Promo,Toyota,947,KZN,2026-04-24,2026-05-16,82,87,97159.88,toyota73@example.com,0802155434,
CMP1654,Money Market Winter Promo,Money Market,947,WC,2026-02-27,2026-03-20,190,184,450408.34,moneymarket11@example.com,0886597840,COMPLETED
CMP9996,Checkers Winter Promo,Checkers,Ukhozi FM,EC,12/06/2026,2026-07-01,175,162,84030.06,checkers29@example.com,0656153365,Completed
CMP8236,Money Market Winter Promo,Money Market,YFM,Gauteng,2026-06-09,2026-06-19,123,114,352807.49,moneymarket89@example.com,0618198632, active 
CMP2886,Vuma Winter Promo,Vuma,Metro FM,WC,2026-06-03,2026-06-18,58,,204995.76,vuma34@example.com,0664962034,
CMP7543,Vuma Winter Promo,Vuma,Ukhozi FM,WC,2026-01-16,2026-02-07,34,34,352826.24,vuma62@example.com,0626922083,COMPLETED
CMP6929,Toyota Winter Promo,Toyota,YFM,WC,12/02/2026,2026-02-27,106,105,,toyota42@example.com,0733825026,
CMP6034,Toyota Winter Promo,Toyota,Ukhozi FM,KZN,2026-06-06,2026-06-29,152,147,456592.52,toyota15@example.com,0694464486,Paused
CMP8257,Shoprite Winter Promo,shoprite,947,KZN,2026-03-14,2026-03-21,83,70,119045.31,shoprite57example.com,0634695392,
CMP1020,Money Market Winter Promo,Money Market,YFM,KZN,2026-03-02,2026-03-30,40,,140378.32,moneymarket90@example.com,0632041879,Active
CMP1390,Coke Winter Promo,Coke,YFM,EC,25/02/2026,2026-03-26,57,52,162702.09,coke49@example.com,0622047168,COMPLETED
CMP6403,Coke Winter Promo,Coke,YFM,Gauteng,2026-03-17,2026-04-16,198,194,169796.18,coke26@example.com,0832269558,COMPLETED
CMP9553,Toyota Winter Promo,toyota,YFM,WC,2026-03-17,2026-04-05,171,174,436382,toyota32@example.com,0682591320,Active
CMP5018,Checkers Winter Promo,Checkers,YFM,WC,2026-05-26,2026-06-01,54,58,129488.16,checkers39@example.com,07698646,Paused
CMP3636,Money Market Winter Promo,Money Market,Metro FM,EC,2026-02-02,2026-03-04,155,153,490920.21,moneymarket51@example.com,0811011453,Active
CMP5493,Toyota Winter Promo,Toyota,YFM,KZN,2026-05-28,2026-06-08,68,68,262212.8,toyota30@example.com,0803426155,Paused
CMP7901,Coke Winter Promo,Coke,Metro FM,KZN,2026-05-03,2026-05-29,64,66,317616.21,coke74@example.com,0743326686, active 
CMP6848,Coke Winter Promo,Coke,Ukhozi FM,KZN,2026-03-06,2026-04-02,40,34,465074.35,coke96@example.com,0678420352, active 
CMP7676,Toyota Winter Promo,Toyota,Ukhozi FM,EC,2026-02-25,2026-03-04,61,46,,toyota70@example.com,0769019850,Active
CMP2356,Money Market Winter Promo,Money Market,Kaya FM,EC,2026-04-09,2026-05-09,124,116,301448.54,moneymarket88@example.com,0896645045,Completed
CMP4497,Toyota Winter Promo,Toyota,947,EC,2026-03-15,2026-03-31,87,88,388843.33,toyota72@example.com,0869947834,Active
CMP4096,Money Market Winter Promo,Money Market,Ukhozi FM,KZN,2026-06-24,2026-07-19,47,47,161399.73,moneymarket13example.com,0683229685,COMPLETED
CMP8617,Shoprite Winter Promo,Shoprite,Kaya FM,Gauteng,2026-04-15,2026-05-03,104,90,384442.85,shoprite18@example.com,0669501468,Completed
CMP5278,Vuma Winter Promo,Vuma,Ukhozi FM,EC,2026-02-17,2026-03-19,46,48,43321.44,vuma91@example.com,0679127411,Paused
CMP2514, Coke Winter Promo ,Coke,947,WC,2026-06-21,2026-07-21,20,11,345569.01,coke49@example.com,0694506659,COMPLETED
CMP1700,Coke Winter Promo,Coke,Ukhozi FM,EC,2026-03-09,2026-03-15,142,143,433675.1,coke9@example.com,0717986598,Paused
CMP6759,Coke Winter Promo,Coke,Ukhozi FM,EC,2026-05-18,2026-05-24,199,190,13098.46,coke24@example.com,0629731687, active 
CMP4751,Coke Winter Promo,Coke,YFM,KZN,2026-04-26,2026-05-08,153,142,455310.73,coke10example.com,0628045995, active 
CMP4183,Shoprite Winter Promo,Shoprite,Metro FM,WC,2026-03-28,2026-04-07,84,89,107586.64,shoprite6@example.com,0638044796,
CMP3346, Coke Winter Promo ,Coke,947,KZN,2026-04-11,2026-05-06,92,91,423594.92,coke90@example.com,0764089664, active 
CMP5571, Shoprite Winter Promo ,Shoprite,Metro FM,EC,2026-05-14,2026-05-28,86,90,490579.81,shoprite22@example.com,0763426372, active 
CMP9889,Toyota Winter Promo,Toyota,947,EC,2026-05-15,2026-06-11,57,55,186751.45,toyota79example.com,0639511566,Active
CMP4145,Money Market Winter Promo,Money Market,YFM,EC,2026-03-23,2026-04-09,117,117,151735.84,moneymarket97@example.com,0773609081,
CMP8885,Coke Winter Promo,Coke,Metro FM,EC,2026-03-12,2026-03-31,104,109,268764.85,coke55@example.com,0865549791,Active
CMP3471,Coke Winter Promo,Coke,Jacaranda,Gauteng,2026-03-31,2026-04-06,98,83,61466.7,coke61example.com,06044476,
CMP3298,Toyota Winter Promo,Toyota,947,Gauteng,2026-03-10,2026-03-23,182,177,431252.32,toyota26@example.com,0653043388,Active
CMP9099,Toyota Winter Promo,Toyota,YFM,KZN,2026-02-23,2026-03-14,27,17,230636.02,toyota60@example.com,0856341227,Active
CMP1345,Vuma Winter Promo,Vuma,YFM,EC,2026-02-27,2026-03-27,137,137,369181.43,vuma9@example.com,0679005953,COMPLETED
CMP8678,Toyota Winter Promo,Toyota,Kaya FM,EC,2026-04-03,2026-04-19,129,127,47173.31,toyota24@example.com,06425687,COMPLETED
CMP6610,Toyota Winter Promo,Toyota,Metro FM,EC,2026-04-16,2026-04-21,80,66,115152.55,toyota93@example.com,0858676314,Active
CMP2662,Shoprite Winter Promo,Shoprite,Metro FM,EC,2026-05-24,2026-06-12,115,106,27937.51,shoprite72@example.com,0661729052,
CMP2603,Coke Winter Promo,Coke,Metro FM,EC,2026-06-21,2026-07-21,30,35,363505.72,coke93@example.com,08352649,Active
CMP8716,Vuma Winter Promo,Vuma,947,EC,2026-03-30,2026-04-08,168,159,13371.99,vuma24example.com,0758313716, active 
CMP5186,Checkers Winter Promo,checkers,947,WC,2026-06-16,2026-06-21,167,160,433610.46,checkers29@example.com,0809642439,Completed
CMP4033, Coke Winter Promo ,Coke,Ukhozi FM,WC,12/01/2026,2026-01-27,121,108,321620.81,coke97@example.com,0662720322,
CMP9616,Toyota Winter Promo,Toyota,Ukhozi FM,WC,2026-05-25,2026-06-16,21,19,218657.2,toyota65@example.com,0658762974,
CMP6357,Money Market Winter Promo,Money Market,YFM,Gauteng,2026-03-13,2026-03-25,30,20,424633.85,moneymarket28@example.com,0698607273,COMPLETED
CMP5000,Checkers Winter Promo,Checkers,947,KZN,2026-02-06,2026-03-03,33,38,383588.51,checkers46@example.com,0732503141,Paused
CMP4837,Vuma Winter Promo,Vuma,Metro FM,Gauteng,2026-04-08,2026-04-30,21,6,382235.64,vuma1@example.com,0678203892,Completed
CMP5194,Coke Winter Promo,Coke,Metro FM,Gauteng,2026-02-07,2026-02-25,74,71,325858.12,coke7@example.com,0847492901,COMPLETED
CMP9321,Vuma Winter Promo,Vuma,947,EC,2026-06-05,2026-06-16,102,89,65560.98,vuma90@example.com,0895375334, active 
CMP6041,Coke Winter Promo,Coke,Kaya FM,Gauteng,10/04/2026,2026-05-05,199,190,476190.49,coke1@example.com,0673672113,Paused
CMP9102,Toyota Winter Promo,Toyota,Metro FM,EC,2026-01-12,2026-02-09,104,99,443801.75,toyota3@example.com,0609733378,
CMP4701,Coke Winter Promo,Coke,Ukhozi FM,EC,24/03/2026,2026-04-08,43,34,422487.64,coke70@example.com,0642531014,COMPLETED
CMP9954,Shoprite Winter Promo,Shoprite,Jacaranda,KZN,2026-02-06,2026-02-23,197,202,192542.88,shoprite67@example.com,0619573340,COMPLETED
CMP6072,Coke Winter Promo,Coke,947,EC,2026-04-06,2026-04-11,58,58,40129.64,coke78@example.com,07151810,COMPLETED
CMP1428, Checkers Winter Promo ,Checkers,Kaya FM,Gauteng,2026-05-18,2026-06-14,143,145,99450.89,checkers79@example.com,0746039596, active 
CMP5103,Coke Winter Promo,Coke,Ukhozi FM,KZN,2026-06-21,2026-07-21,100,101,269924.11,coke78@example.com,0616120127,Active
CMP9578,Checkers Winter Promo,Checkers,Metro FM,EC,2026-01-23,2026-01-31,168,165,347052.34,checkers98@example.com,0661108537, active 
CMP3836,Vuma Winter Promo,Vuma,947,WC,2026-01-12,2026-01-30,111,109,223667.49,vuma21@example.com,0832397022,Active
CMP1732,Shoprite Winter Promo,Shoprite,Metro FM,WC,2026-01-16,2026-02-07,196,184,277341.88,shoprite74@example.com,0812422914, active 
CMP5055,Shoprite Winter Promo,Shoprite,Jacaranda,EC,2026-05-02,2026-05-29,31,36,136732.07,shoprite73@example.com,0795304718, active 
CMP4086, Shoprite Winter Promo ,Shoprite,YFM,Gauteng,02/04/2026,2026-04-12,136,126,343976.56,shoprite60@example.com,0791592348, active 
CMP2408,Vuma Winter Promo,Vuma,Ukhozi FM,WC,2026-06-21,2026-07-19,25,19,275080.07,vuma50@example.com,0892595041,Active
CMP4545, Vuma Winter Promo ,Vuma,Jacaranda,WC,2026-02-04,2026-03-01,194,185,214908.35,vuma87@example.com,0736688245, active 
CMP4708,Vuma Winter Promo,Vuma,Ukhozi FM,KZN,2026-01-15,2026-02-08,173,168,39104.35,vuma23@example.com,0667230621,Paused
CMP1922,Vuma Winter Promo,Vuma,Jacaranda,Gauteng,2026-03-03,2026-03-11,25,,352908.29,vuma64@example.com,0834507401,Completed
CMP4540,Money Market Winter Promo,Money Market,Ukhozi FM,KZN,2026-01-25,2026-01-31,100,86,313582.2,moneymarket81@example.com,0892550775,
CMP6727,Money Market Winter Promo,Money Market,Ukhozi FM,EC,2026-05-25,2026-06-04,171,170,478269.6,moneymarket61example.com,08073561, active 
CMP7482,Checkers Winter Promo,Checkers,Kaya FM,Gauteng,2026-01-10,2026-01-16,44,30,348178.18,checkers48example.com,0735562218,Completed
CMP2657,Toyota Winter Promo,Toyota,Jacaranda,KZN,2026-05-22,2026-06-09,162,156,253311.35,toyota96example.com,0866031392,COMPLETED
CMP1088,Vuma Winter Promo,Vuma,Kaya FM,KZN,2026-06-18,2026-06-28,126,123,376879.25,vuma16@example.com,0734707552,
CMP3257,Coke Winter Promo,Coke,Kaya FM,KZN,2026-04-28,2026-05-07,59,44,,coke62@example.com,0843342549, active 
CMP2933, Coke Winter Promo ,Coke,Ukhozi FM,KZN,2026-05-18,2026-06-11,155,145,81497.6,coke64@example.com,0677613697,Paused
CMP5205, Money Market Winter Promo ,Money Market,Metro FM,EC,2026-06-26,2026-07-06,162,157,433482.56,moneymarket3@example.com,0788142504,Paused
CMP1410,Coke Winter Promo,Coke,Ukhozi FM,Gauteng,2026-06-16,2026-07-15,195,197,67771.47,coke95@example.com,0626447725,Completed
CMP7417,Toyota Winter Promo,Toyota,Jacaranda,WC,2026-04-24,2026-05-08,117,121,211682.25,toyota27@example.com,0637221519, active 
CMP3914,Toyota Winter Promo,Toyota,Metro FM,EC,2026-04-24,2026-05-23,199,201,384026.7,toyota67@example.com,0802882590,Active
CMP8471,Coke Winter Promo,Coke,947,Gauteng,2026-06-19,2026-07-10,113,98,159140.57,coke86@example.com,0833996343,
CMP1544,Toyota Winter Promo,Toyota,Kaya FM,EC,2026-04-09,2026-04-18,26,30,289777.15,toyota62@example.com,0888776480,Active
CMP3108,Vuma Winter Promo,Vuma,Ukhozi FM,EC,2026-06-21,2026-07-14,24,9,463930.85,vuma74@example.com,0856074848, active 
CMP9636,Vuma Winter Promo,Vuma,Metro FM,KZN,2026-03-10,2026-04-07,77,69,455859.12,vuma29@example.com,0717482745,Completed
CMP5222,Vuma Winter Promo,Vuma,947,WC,02/05/2026,2026-05-09,124,111,481088.06,vuma17@example.com,0707404692, active 
CMP1406,Checkers Winter Promo,Checkers,947,Gauteng,2026-01-08,2026-01-16,58,62,336906.45,checkers16@example.com,0801256860,Active
CMP2655,Money Market Winter Promo,Money Market,Jacaranda,WC,2026-06-17,2026-07-08,139,127,260116.45,moneymarket77@example.com,0754338371,Paused
CMP9543,Vuma Winter Promo,Vuma,Ukhozi FM,Gauteng,2026-03-01,2026-03-27,82,82,307225.24,vuma28@example.com,0863553536,Active
CMP3651,Shoprite Winter Promo,Shoprite,Jacaranda,WC,2026-03-31,2026-04-29,189,190,284852.51,shoprite21@example.com,0659901789,
CMP3153,Money Market Winter Promo,money market,Jacaranda,WC,2026-04-13,2026-05-11,112,100,75859.75,moneymarket72@example.com,0739809037,Paused
CMP8173,Checkers Winter Promo,Checkers,Kaya FM,KZN,2026-05-11,2026-06-03,110,112,212011.48,checkers33example.com,0748196916,Active
CMP6025,Shoprite Winter Promo,Shoprite,Kaya FM,KZN,2026-03-08,2026-03-28,159,160,,shoprite75@example.com,0727453905,Completed
CMP4152,Toyota Winter Promo,Toyota,947,KZN,26/04/2026,2026-05-20,140,144,240713.92,toyota49example.com,0792718744,Active
CMP4063, Coke Winter Promo ,Coke,947,WC,2026-03-01,2026-03-16,183,180,15785.66,coke12example.com,0785093319,Active
CMP3162,Vuma Winter Promo,Vuma,Kaya FM,WC,2026-05-23,2026-06-05,147,148,353981.82,vuma94@example.com,0755518888,Completed
CMP8536,Vuma Winter Promo,Vuma,947,EC,2026-03-25,2026-04-09,127,124,30635.12,vuma68@example.com,0631991404,Paused
CMP8210,Coke Winter Promo,Coke,Ukhozi FM,EC,15/06/2026,2026-06-28,87,92,467585.32,coke62@example.com,0844718084,COMPLETED
CMP9169,Shoprite Winter Promo,Shoprite,Kaya FM,KZN,2026-06-11,2026-06-29,88,80,377043.38,shoprite56example.com,0824776294,COMPLETED
CMP8257,Coke Winter Promo,coke,Metro FM,EC,2026-01-02,2026-01-15,102,87,142058.06,coke21@example.com,0782283435, active 
CMP3940,Money Market Winter Promo,Money Market,947,WC,2026-02-06,2026-02-14,115,107,193402.23,moneymarket19@example.com,0772051627,Completed
CMP2320,Vuma Winter Promo,Vuma,Ukhozi FM,KZN,2026-02-22,2026-02-28,129,127,178634.25,vuma6@example.com,0718692752,Completed
CMP6550,Money Market Winter Promo,Money Market,Kaya FM,Gauteng,2026-06-08,2026-06-20,105,110,224980.86,moneymarket8@example.com,0713229202,Completed
CMP2042,Vuma Winter Promo,Vuma,Ukhozi FM,Gauteng,2026-06-13,2026-06-20,104,106,250522.94,vuma75@example.com,08261110,Completed
CMP1348,Vuma Winter Promo,Vuma,947,WC,2026-04-17,2026-05-08,65,,154634.88,vuma90@example.com,0737244439,
CMP8405,Shoprite Winter Promo,Shoprite,Jacaranda,KZN,2026-02-19,2026-03-07,24,18,366662.98,shoprite45@example.com,0771131702,
CMP7606,Checkers Winter Promo,Checkers,Metro FM,EC,2026-03-11,2026-04-10,43,37,233410.75,checkers59@example.com,0871990259,Completed
CMP6839,Money Market Winter Promo,Money Market,947,Gauteng,2026-03-14,2026-03-22,24,10,486168.4,moneymarket52example.com,0754373117,Active
CMP8603,Vuma Winter Promo,Vuma,Kaya FM,Gauteng,2026-03-19,2026-04-15,82,83,41615.64,vuma84example.com,0839889901,Active
CMP1529,Shoprite Winter Promo,Shoprite,Metro FM,EC,2026-01-19,2026-02-13,109,109,100117.27,shoprite47@example.com,0757005145,Completed
CMP4723,Checkers Winter Promo,Checkers,Jacaranda,KZN,2026-04-18,2026-05-08,166,162,428037.18,checkers68@example.com,0722495014, active 
CMP9063,Toyota Winter Promo,Toyota,Ukhozi FM,KZN,2026-01-19,2026-02-05,24,12,37509.27,toyota96@example.com,0809571778,COMPLETED
CMP2653,Toyota Winter Promo,Toyota,947,KZN,2026-04-06,2026-04-20,25,10,209288.58,toyota16@example.com,0756144123,COMPLETED
CMP9663,Shoprite Winter Promo,Shoprite,Ukhozi FM,KZN,2026-06-13,2026-06-30,141,143,313927.83,shoprite55@example.com,0749533096,COMPLETED
CMP8022,Checkers Winter Promo,Checkers,Jacaranda,WC,2026-02-22,2026-03-02,105,90,381268.35,checkers6@example.com,0744135272,
CMP4094, Shoprite Winter Promo ,Shoprite,YFM,WC,2026-01-21,2026-02-16,196,182,480069.4,shoprite21@example.com,0751898711, active 
CMP5826,Money Market Winter Promo,Money Market,Jacaranda,Gauteng,2026-03-06,2026-03-22,21,15,302286.07,moneymarket93@example.com,0877872537, active 
CMP3994,Vuma Winter Promo,Vuma,YFM,EC,26/03/2026,2026-04-15,179,167,336357.54,vuma25example.com,0853033637,Completed
CMP7189, Shoprite Winter Promo ,Shoprite,Ukhozi FM,EC,2026-04-13,2026-05-03,200,204,339411.57,shoprite9@example.com,0852061674, active 
CMP8789,Checkers Winter Promo,Checkers,Metro FM,Gauteng,2026-03-31,2026-04-08,29,23,361760.45,checkers58@example.com,0677984822,COMPLETED
CMP7881,Toyota Winter Promo,Toyota,Metro FM,WC,2026-03-01,2026-03-19,136,134,274878.56,toyota31@example.com,0882325454,Active
CMP9277,Toyota Winter Promo,toyota,947,WC,2026-05-04,2026-05-13,25,23,172323.85,toyota6@example.com,0741114933,Paused
CMP5427,Checkers Winter Promo,Checkers,Kaya FM,EC,2026-06-12,2026-07-05,45,41,22116.71,checkers67example.com,0677965910,COMPLETED
CMP5551,Checkers Winter Promo,Checkers,Metro FM,EC,2026-01-27,2026-02-01,28,15,74307.72,checkers31@example.com,0864768665,Completed
CMP7275,Shoprite Winter Promo,Shoprite,947,WC,19/03/2026,2026-04-06,145,135,265411.32,shoprite1@example.com,0868626863,Completed
CMP6308,Vuma Winter Promo,Vuma,947,EC,2026-06-22,2026-07-05,141,136,390583.35,vuma2@example.com,07180733,Completed
CMP6333,Toyota Winter Promo,Toyota,Jacaranda,Gauteng,2026-02-22,2026-03-09,22,20,,toyota50@example.com,0863296123,Paused
CMP5997,Toyota Winter Promo,Toyota,Metro FM,Gauteng,2026-04-24,2026-05-06,30,20,322046.31,toyota36example.com,0861204566, active 
CMP6092,Money Market Winter Promo,Money Market,YFM,EC,2026-01-04,2026-01-27,107,95,18564.93,moneymarket56@example.com,0615575122,COMPLETED
CMP3467,Shoprite Winter Promo,Shoprite,Jacaranda,Gauteng,2026-05-09,2026-06-03,200,192,208580.44,shoprite19example.com,0745539855,Active
CMP1486,Checkers Winter Promo,Checkers,YFM,EC,2026-01-22,2026-02-09,139,140,310324.05,checkers4@example.com,0893913250,Paused
CMP8882,Shoprite Winter Promo,Shoprite,Jacaranda,EC,18/04/2026,2026-05-10,123,124,295031.93,shoprite61@example.com,0813098905,COMPLETED
CMP1151,Coke Winter Promo,Coke,Metro FM,WC,2026-04-21,2026-04-27,36,30,348251.55,coke24@example.com,0667692094,
CMP4936, Money Market Winter Promo ,Money Market,Ukhozi FM,WC,2026-06-07,2026-06-23,74,61,71294.43,moneymarket11@example.com,0682618335, active 
CMP1374,Checkers Winter Promo,Checkers,Kaya FM,EC,2026-01-25,2026-02-18,55,,325372.34,checkers27@example.com,0762510043, active 
CMP3702, Money Market Winter Promo ,Money Market,YFM,Gauteng,21/01/2026,2026-02-12,169,160,146392.94,moneymarket85@example.com,0875893204, active 
CMP7987, Coke Winter Promo ,Coke,947,WC,2026-03-29,2026-04-14,96,88,147405.67,coke27@example.com,0711484182,Completed
CMP1287,Checkers Winter Promo,Checkers,947,KZN,2026-06-06,2026-06-29,102,92,226077.1,checkers90@example.com,0771318207,Completed
CMP3884,Checkers Winter Promo,Checkers,Kaya FM,Gauteng,24/06/2026,2026-07-08,37,39,54557.94,checkers95@example.com,0765305459,
CMP4761,Vuma Winter Promo,Vuma,Kaya FM,WC,2026-01-28,2026-02-15,74,69,306502.59,vuma2@example.com,0752963706,Paused
CMP7224,Money Market Winter Promo,Money Market,Metro FM,WC,2026-03-11,2026-03-26,173,,427587.01,moneymarket7@example.com,0779662527, active 
CMP6510,Money Market Winter Promo,Money Market,Kaya FM,WC,2026-06-15,2026-07-05,94,85,68798.33,moneymarket93@example.com,0859409178,COMPLETED
CMP8671, Shoprite Winter Promo ,Shoprite,Ukhozi FM,EC,2026-06-02,2026-06-22,136,127,369406.27,shoprite76@example.com,08251026,
CMP8240,Shoprite Winter Promo,Shoprite,Kaya FM,EC,2026-03-04,2026-03-22,145,130,227788.32,shoprite48example.com,0895423392,Paused
CMP5635,Checkers Winter Promo,Checkers,YFM,WC,2026-03-19,2026-04-09,140,135,300351.46,checkers95@example.com,0685200157,Completed
CMP3726,Money Market Winter Promo,Money Market,YFM,EC,2026-03-14,2026-04-02,120,110,16683.74,moneymarket13@example.com,0875316292,Active
CMP7902,Toyota Winter Promo,Toyota,YFM,KZN,2026-06-24,2026-07-02,193,,96500.93,toyota5@example.com,0658386648,Active
CMP7696,Toyota Winter Promo,Toyota,Metro FM,WC,2026-02-23,2026-03-18,96,84,468732.15,toyota67@example.com,0831351719,Active
CMP4516,Checkers Winter Promo,Checkers,Jacaranda,KZN,2026-06-29,2026-07-13,146,140,,checkers90@example.com,0791678604, active 
CMP9727,Money Market Winter Promo,Money Market,Ukhozi FM,WC,2026-02-09,2026-03-09,132,118,54494.58,moneymarket27@example.com,07930762,
CMP3581,Toyota Winter Promo,Toyota,Kaya FM,Gauteng,2026-06-14,2026-07-13,147,151,479332.26,toyota72example.com,0858406308, active 
CMP6568,Coke Winter Promo,Coke,YFM,EC,2026-03-06,2026-03-27,148,144,199026.4,coke51@example.com,0891325959,Paused
CMP6051,Coke Winter Promo,Coke,Metro FM,KZN,2026-02-16,2026-02-28,199,195,289996.13,coke45@example.com,0786259238,Completed
CMP3193,Vuma Winter Promo,vuma,Jacaranda,KZN,2026-03-25,2026-04-20,141,129,202967.33,vuma94@example.com,0746381952, active 
CMP4189,Vuma Winter Promo,Vuma,Jacaranda,WC,2026-02-27,2026-03-04,105,102,354967.07,vuma45@example.com,0665412940,Completed
CMP5379,Coke Winter Promo,Coke,947,WC,2026-02-24,2026-03-14,171,161,486386.92,coke97@example.com,0689636027,Completed
CMP8641,Vuma Winter Promo,Vuma,Jacaranda,Gauteng,2026-03-29,2026-04-15,148,148,394326.42,vuma77@example.com,0809090306,Paused
CMP6419,Shoprite Winter Promo,Shoprite,Ukhozi FM,KZN,2026-02-10,2026-02-19,111,110,320842.14,shoprite37@example.com,0626245571,Completed
CMP5885,Toyota Winter Promo,Toyota,Jacaranda,EC,2026-06-18,2026-07-10,164,154,384466.4,toyota69example.com,0741024761,
CMP8177,Money Market Winter Promo,Money Market,947,KZN,19/06/2026,2026-07-06,116,101,99814.7,moneymarket33@example.com,0834069436,Active
CMP7542, Checkers Winter Promo ,Checkers,Metro FM,EC,2026-01-28,2026-02-08,43,40,325632.64,checkers37@example.com,0852925093,Completed
CMP8874,Toyota Winter Promo,Toyota,YFM,KZN,2026-04-29,2026-05-12,160,155,472684.07,toyota29example.com,0853191267,COMPLETED
CMP2538,Money Market Winter Promo,Money Market,Jacaranda,EC,2026-01-13,2026-01-21,134,135,233685.79,moneymarket63@example.com,0683313299,
CMP7706,Vuma Winter Promo,Vuma,Metro FM,EC,2026-04-01,2026-04-30,128,124,174308.67,vuma82@example.com,0604225177,Paused
CMP1364,Checkers Winter Promo,Checkers,Metro FM,WC,2026-04-18,2026-05-17,178,165,464531.23,checkers88@example.com,0869842599,Paused
CMP2257,Checkers Winter Promo,Checkers,Metro FM,KZN,2026-06-27,2026-07-13,58,49,114495.3,checkers24@example.com,0851695572,Completed
CMP1506, Toyota Winter Promo ,Toyota,Ukhozi FM,WC,2026-05-23,2026-05-28,118,115,446597.93,toyota91@example.com,0768947924,
CMP3731,Coke Winter Promo,Coke,Ukhozi FM,EC,2026-06-20,2026-07-02,109,106,243853.39,coke2@example.com,0663014968,Completed
CMP1180, Toyota Winter Promo ,Toyota,Kaya FM,EC,2026-03-20,2026-03-28,30,20,34634.47,toyota26@example.com,0758190084,Active
CMP3797,Coke Winter Promo,Coke,Ukhozi FM,WC,2026-01-17,2026-01-29,120,111,484930.46,coke35@example.com,06956848,
CMP8113,Vuma Winter Promo,Vuma,Metro FM,Gauteng,2026-03-02,2026-04-01,24,9,434412,vuma85@example.com,0636661646,Paused
CMP1162, Toyota Winter Promo ,Toyota,Metro FM,WC,24/06/2026,2026-07-09,151,156,430382.59,toyota91@example.com,0666737052,COMPLETED
CMP5133,Coke Winter Promo,Coke,947,WC,2026-02-16,2026-03-12,147,139,60614.88,coke35@example.com,06958220,
CMP1449,Coke Winter Promo,Coke,Ukhozi FM,KZN,2026-04-07,2026-04-25,39,24,381816.64,coke89@example.com,0713909155, active 
CMP7381,Checkers Winter Promo,Checkers,YFM,WC,2026-05-30,2026-06-18,141,142,236317.56,checkers67@example.com,0693055754, active 
CMP9602,Money Market Winter Promo,Money Market,Jacaranda,KZN,2026-01-28,2026-02-20,103,105,93975.39,moneymarket24@example.com,0784449022, active 
CMP3688,Shoprite Winter Promo,Shoprite,Ukhozi FM,EC,2026-01-31,2026-02-26,119,108,,shoprite25@example.com,0805898419,Completed
CMP4211,Checkers Winter Promo,Checkers,947,KZN,2026-05-22,2026-06-14,43,29,214793.5,checkers68@example.com,06435696,Completed
CMP2223, Checkers Winter Promo ,Checkers,Metro FM,EC,2026-03-18,2026-03-31,174,179,99437.55,checkers93@example.com,0831020625, active 
CMP8483,Money Market Winter Promo,Money Market,Jacaranda,KZN,19/04/2026,2026-05-18,133,,388104.57,moneymarket4@example.com,0841723205,COMPLETED
CMP7901,Money Market Winter Promo,Money Market,YFM,KZN,2026-02-17,2026-02-24,83,88,59962.01,moneymarket62@example.com,0784134833,Active
CMP5273,Money Market Winter Promo,Money Market,Jacaranda,WC,2026-05-23,2026-06-07,164,156,,moneymarket42@example.com,0621102989,COMPLETED
CMP9954,Vuma Winter Promo,Vuma,Ukhozi FM,EC,16/03/2026,2026-04-12,161,150,227953.65,vuma26@example.com,0837367212,Active
CMP8433,Money Market Winter Promo,Money Market,Jacaranda,WC,30/03/2026,2026-04-22,90,94,345811.17,moneymarket30example.com,0666461204,Paused
CMP3227,Money Market Winter Promo,Money Market,Jacaranda,WC,2026-05-04,2026-06-02,92,86,361994.01,moneymarket63@example.com,0852655750,Completed
CMP4400,Coke Winter Promo,Coke,947,WC,2026-01-17,2026-02-14,45,30,290148.89,coke43@example.com,0827330399, active 
CMP7700,Toyota Winter Promo,Toyota,Jacaranda,Gauteng,2026-04-21,2026-05-10,39,39,,toyota57@example.com,0763680832, active 
CMP2196,Coke Winter Promo,Coke,Jacaranda,KZN,2026-05-18,2026-06-13,47,34,,coke79@example.com,0801264551,Completed
CMP5581,Coke Winter Promo,Coke,Ukhozi FM,WC,2026-03-27,2026-04-08,62,61,332115.02,coke24@example.com,0632590133,COMPLETED
CMP2180,Toyota Winter Promo,Toyota,YFM,Gauteng,2026-02-23,2026-03-20,106,95,47428.78,toyota95@example.com,0717368998,COMPLETED
CMP1844,Coke Winter Promo,Coke,YFM,WC,2026-05-22,2026-06-07,119,124,195400.86,coke1@example.com,0852493996,
CMP9864, Money Market Winter Promo ,Money Market,Ukhozi FM,KZN,2026-04-22,2026-05-20,123,,437310.86,moneymarket9@example.com,0817644876,Completed
CMP9907,Vuma Winter Promo,Vuma,YFM,Gauteng,2026-01-16,2026-02-11,72,63,441880.43,vuma53@example.com,0793716185,COMPLETED
CMP2220,Toyota Winter Promo,toyota,Kaya FM,WC,2026-01-18,2026-01-26,165,167,112499.36,toyota93@example.com,0816313317,Active
CMP2312, Shoprite Winter Promo ,Shoprite,947,WC,2026-02-06,2026-02-12,141,,41619.36,shoprite2@example.com,0865164247,Completed
CMP9668,Checkers Winter Promo,Checkers,YFM,KZN,2026-03-30,2026-04-20,28,,416345.67,checkers20@example.com,0724697724,Completed
CMP7529,Money Market Winter Promo,Money Market,Metro FM,EC,2026-04-20,2026-04-27,90,81,57687.04,moneymarket72@example.com,0742980066,COMPLETED
CMP5158,Checkers Winter Promo,Checkers,Ukhozi FM,EC,2026-02-13,2026-03-15,93,85,454151.11,checkers72@example.com,0697823138,Active
CMP9776,Money Market Winter Promo,Money Market,YFM,WC,2026-06-16,2026-06-23,105,97,26457.19,moneymarket24@example.com,0708143691,Active
CMP6969,Vuma Winter Promo,Vuma,Metro FM,EC,2026-04-11,2026-04-20,162,158,159112.78,vuma79@example.com,0848023532,Active
CMP1138, Toyota Winter Promo ,Toyota,Kaya FM,WC,2026-05-29,2026-06-28,117,104,164234.02,toyota69@example.com,0883380884,Completed
CMP5076,Vuma Winter Promo,Vuma,Jacaranda,EC,2026-04-16,2026-05-08,45,49,59730.07,vuma52example.com,0648334108,COMPLETED
CMP6111,Vuma Winter Promo,Vuma,Ukhozi FM,WC,2026-03-12,2026-04-11,115,104,,vuma26@example.com,0884395837,Active
CMP1094,Coke Winter Promo,Coke,Jacaranda,Gauteng,2026-06-23,2026-07-07,164,167,414793.61,coke20@example.com,0687585220,Completed
CMP6821,Checkers Winter Promo,Checkers,947,WC,2026-03-31,2026-04-24,181,185,182317.89,checkers57@example.com,0682612990,Completed
CMP6879,Money Market Winter Promo,Money Market,Ukhozi FM,WC,2026-03-09,2026-03-31,156,156,98870.21,moneymarket23@example.com,0854526982,COMPLETED
CMP2384,Coke Winter Promo,Coke,Kaya FM,WC,2026-05-08,2026-06-03,159,144,324921.73,coke92@example.com,0649300357,Paused
CMP7879,Vuma Winter Promo,Vuma,947,Gauteng,2026-02-06,2026-02-21,156,159,316731.93,vuma33@example.com,0738635014,Active
CMP2992,Shoprite Winter Promo,Shoprite,Kaya FM,Gauteng,2026-01-25,2026-02-04,164,163,108971.77,shoprite19@example.com,0721283863,
CMP6619,Money Market Winter Promo,Money Market,947,Gauteng,2026-03-14,2026-03-22,49,38,309987.56,moneymarket59@example.com,0704393529,Paused
CMP6256, Toyota Winter Promo ,Toyota,Metro FM,EC,2026-02-27,2026-03-15,96,88,423842.89,toyota80@example.com,0608954918,Paused
CMP5579,Coke Winter Promo,Coke,Kaya FM,EC,2026-04-20,2026-05-16,187,176,151362.07,coke11@example.com,0691553284,COMPLETED
CMP8763,Shoprite Winter Promo,Shoprite,Kaya FM,WC,2026-03-23,2026-04-06,77,63,231400.69,shoprite63@example.com,0701582060,COMPLETED
CMP4403,Toyota Winter Promo,Toyota,Metro FM,Gauteng,2026-04-28,2026-05-24,104,97,248483.51,toyota64@example.com,0658111861,COMPLETED
CMP6109,Coke Winter Promo,Coke,Kaya FM,WC,2026-02-16,2026-03-05,47,43,16148.4,coke6@example.com,0726982411,Paused
CMP8893,Checkers Winter Promo,Checkers,Jacaranda,KZN,2026-04-16,2026-05-02,60,64,411527.56,checkers68@example.com,0631413528,Active
CMP9332,Checkers Winter Promo,Checkers,Kaya FM,WC,2026-03-17,2026-03-23,152,154,246126.33,checkers10@example.com,0814710026,Active
CMP9614,Coke Winter Promo,Coke,Jacaranda,EC,2026-03-04,2026-03-17,82,70,436001.24,coke85@example.com,0649274288, active 
CMP2949,Coke Winter Promo,Coke,YFM,WC,2026-01-11,2026-02-02,91,94,324636.64,coke38@example.com,0674431550,
CMP4664,Shoprite Winter Promo,shoprite,Kaya FM,KZN,2026-03-29,2026-04-09,92,90,187259.12,shoprite16@example.com,0861249675, active 
CMP9808,Shoprite Winter Promo,Shoprite,YFM,KZN,2026-04-14,2026-04-28,177,,422768.18,shoprite18@example.com,0816709914,
CMP8444,Shoprite Winter Promo,Shoprite,Kaya FM,EC,2026-01-11,2026-01-18,170,157,53790.46,shoprite76@example.com,0729669440,Active
CMP1740,Toyota Winter Promo,Toyota,Metro FM,KZN,2026-06-06,2026-06-29,147,134,16779.81,toyota31@example.com,0774677749,Paused
CMP4009,Checkers Winter Promo,Checkers,YFM,Gauteng,2026-01-08,2026-02-05,158,163,143980.36,checkers78@example.com,0838012391, active 
CMP6920,Shoprite Winter Promo,Shoprite,Kaya FM,EC,2026-01-12,2026-01-20,146,132,245569.44,shoprite57@example.com,0877819754,Completed
CMP3991, Money Market Winter Promo ,Money Market,Jacaranda,EC,2026-06-03,2026-06-28,130,117,298062.19,moneymarket67@example.com,0672969603,Active
CMP5107,Toyota Winter Promo,Toyota,Ukhozi FM,KZN,2026-04-26,2026-05-05,124,124,174067.17,toyota85@example.com,0742391991,
CMP6043,Vuma Winter Promo,Vuma,Kaya FM,WC,12/02/2026,2026-02-27,146,133,130958.72,vuma38@example.com,0867094771,COMPLETED
CMP9482,Vuma Winter Promo,Vuma,Ukhozi FM,WC,2026-03-24,2026-04-14,167,164,199015.51,vuma79@example.com,0782783186,Paused
CMP2406,Money Market Winter Promo,Money Market,YFM,KZN,2026-05-02,2026-05-17,25,24,209981.87,moneymarket37@example.com,0645245956,COMPLETED
CMP9661,Checkers Winter Promo,Checkers,Jacaranda,EC,2026-05-17,2026-06-09,133,124,372805.55,checkers55@example.com,0711687491,Active
CMP8009, Shoprite Winter Promo ,Shoprite,Kaya FM,Gauteng,2026-02-28,2026-03-12,91,86,460460.11,shoprite17@example.com,0852788397,Paused
CMP1933, Shoprite Winter Promo ,Shoprite,947,EC,2026-01-27,2026-02-04,127,113,94259.53,shoprite32@example.com,0789537132,Active
CMP6735,Coke Winter Promo,Coke,947,EC,2026-05-22,2026-06-03,186,181,448260.54,coke58@example.com,07355775,COMPLETED
CMP7800,Checkers Winter Promo,checkers,Kaya FM,WC,2026-04-10,2026-05-05,100,89,45310.5,checkers19@example.com,0645343537,Paused
CMP6230,Coke Winter Promo,Coke,947,Gauteng,2026-01-04,2026-01-11,131,118,226727.01,coke82@example.com,0652591522,
CMP1074,Checkers Winter Promo,Checkers,Kaya FM,WC,2026-06-28,2026-07-17,192,185,442375.49,checkers51@example.com,0805230087, active 
CMP6667, Vuma Winter Promo ,Vuma,YFM,EC,2026-03-22,2026-04-05,166,156,179422,vuma1@example.com,0759318670,Paused
CMP3942,Checkers Winter Promo,Checkers,Jacaranda,WC,06/03/2026,2026-03-29,104,90,238768.41,checkers66@example.com,0767572147,COMPLETED
CMP6843,Coke Winter Promo,Coke,Kaya FM,WC,2026-04-14,2026-05-04,124,117,380374.24,coke69example.com,0833784032,Paused
CMP5830,Money Market Winter Promo,Money Market,Kaya FM,KZN,2026-03-14,2026-03-21,159,144,257083.38,moneymarket64@example.com,08997222,
CMP9925,Shoprite Winter Promo,Shoprite,947,Gauteng,2026-02-21,2026-03-05,132,120,495334.16,shoprite48@example.com,0673425959,Completed
CMP5518,Money Market Winter Promo,Money Market,Metro FM,KZN,2026-01-17,2026-02-02,155,160,341626.92,moneymarket78@example.com,0782645303,
CMP3851,Shoprite Winter Promo,Shoprite,Metro FM,WC,2026-06-16,2026-07-13,181,176,473305.76,shoprite11@example.com,08028742, active 
CMP6518,Checkers Winter Promo,Checkers,Kaya FM,Gauteng,2026-03-29,2026-04-26,114,118,388608.84,checkers78@example.com,0771366949,COMPLETED
CMP3746,Coke Winter Promo,Coke,Ukhozi FM,EC,2026-03-08,2026-03-16,124,117,272280.33,coke15@example.com,0735291816,Active
CMP3270,Vuma Winter Promo,Vuma,Metro FM,WC,2026-01-26,2026-02-06,170,175,199031.68,vuma21@example.com,08228601,
CMP5173,Vuma Winter Promo,Vuma,YFM,KZN,2026-01-02,2026-01-08,160,149,188687.59,vuma20@example.com,0888860487, active 
CMP1230,Shoprite Winter Promo,Shoprite,Ukhozi FM,Gauteng,2026-06-07,2026-06-27,46,,436379.6,shoprite26@example.com,0784109805,Completed
CMP4906,Coke Winter Promo,Coke,Metro FM,KZN,2026-04-26,2026-05-19,129,116,101966.14,coke1@example.com,0842857041, active 
CMP6463,Money Market Winter Promo,Money Market,Kaya FM,WC,2026-01-28,2026-02-10,95,91,443385.95,moneymarket78@example.com,0631917908,
CMP5767,Coke Winter Promo,Coke,YFM,EC,2026-01-09,2026-01-16,80,85,409938.55,coke90@example.com,0707571698,Paused
CMP3794,Money Market Winter Promo,Money Market,Kaya FM,KZN,2026-03-04,2026-03-30,143,145,311549.64,moneymarket99@example.com,0887009259,COMPLETED
CMP2797,Coke Winter Promo,Coke,Metro FM,Gauteng,2026-04-21,2026-05-01,115,114,180765.87,coke85@example.com,0742439915,
CMP1655,Vuma Winter Promo,Vuma,Jacaranda,Gauteng,2026-01-20,2026-01-31,188,193,,vuma54@example.com,0745067653,
CMP8725,Coke Winter Promo,Coke,YFM,Gauteng,2026-01-28,2026-02-20,102,97,44667.78,coke20@example.com,0791482018,
CMP2327,Checkers Winter Promo,Checkers,Ukhozi FM,EC,2026-06-30,2026-07-05,46,47,474640.46,checkers37@example.com,0623455597,COMPLETED
CMP8408,Shoprite Winter Promo,Shoprite,947,WC,2026-03-04,2026-03-11,148,140,162884.8,shoprite90@example.com,0799853053, active 
CMP8803,Shoprite Winter Promo,Shoprite,Kaya FM,Gauteng,2026-04-10,2026-04-21,152,143,496390.7,shoprite51@example.com,0675619172,COMPLETED
CMP2650, Checkers Winter Promo ,Checkers,YFM,WC,2026-03-30,2026-04-10,125,111,115100.17,checkers40@example.com,0887819208,COMPLETED
CMP9017,Money Market Winter Promo,Money Market,Ukhozi FM,EC,2026-04-19,2026-05-06,191,192,408549.31,moneymarket35@example.com,0783046671, active 
CMP6299,Shoprite Winter Promo,Shoprite,Kaya FM,WC,2026-03-31,2026-04-30,38,39,,shoprite19@example.com,0782987423,Active
CMP4831,Shoprite Winter Promo,Shoprite,947,WC,2026-06-18,2026-06-29,110,97,111467.33,shoprite51@example.com,0779530593,Completed
CMP7097,Coke Winter Promo,Coke,Metro FM,EC,2026-01-22,2026-02-10,40,38,111042.04,coke89@example.com,0675597081,COMPLETED
CMP6427,Vuma Winter Promo,Vuma,Metro FM,EC,2026-01-04,2026-01-16,42,44,458639.36,vuma69@example.com,08580454,COMPLETED
CMP2650,Shoprite Winter Promo,Shoprite,947,EC,2026-02-10,2026-02-20,80,,177770.64,shoprite25@example.com,0833831374, active 
CMP8763,Toyota Winter Promo,Toyota,Jacaranda,KZN,2026-06-01,2026-06-14,106,96,364375.75,toyota86@example.com,0793678729,Completed
CMP3171,Toyota Winter Promo,Toyota,947,EC,11/03/2026,2026-03-30,140,127,432893.43,toyota86@example.com,0609022783,Completed
CMP2745,Vuma Winter Promo,Vuma,Ukhozi FM,Gauteng,2026-04-30,2026-05-17,129,130,302782.73,vuma32@example.com,0704344877,Active
CMP8017,Toyota Winter Promo,Toyota,Metro FM,WC,2026-02-05,2026-03-05,50,,27217.94,toyota86@example.com,0705636790,Active
CMP8792,Vuma Winter Promo,Vuma,947,WC,2026-02-14,2026-03-10,145,140,491345.01,vuma64@example.com,0891196038,Paused
CMP7103, Shoprite Winter Promo ,Shoprite,947,KZN,2026-01-16,2026-01-22,52,41,68409.37,shoprite36@example.com,0867261142,
CMP3781,Coke Winter Promo,Coke,Kaya FM,EC,2026-05-17,2026-06-11,168,171,395684.82,coke21@example.com,0765609419,COMPLETED
CMP6081,Vuma Winter Promo,Vuma,Metro FM,KZN,2026-04-17,2026-05-11,144,133,466503.6,vuma6@example.com,0601808564,COMPLETED
CMP6390,Money Market Winter Promo,Money Market,Kaya FM,WC,2026-03-02,2026-03-12,172,174,330498.3,moneymarket23@example.com,07254447,
CMP1785,Vuma Winter Promo,Vuma,YFM,WC,2026-01-29,2026-02-24,194,195,169368.22,vuma87@example.com,0872861458,Active
CMP8173,Shoprite Winter Promo,Shoprite,YFM,WC,2026-04-08,2026-04-26,121,118,419998.61,shoprite84@example.com,0748832048,COMPLETED
CMP2428,Shoprite Winter Promo,Shoprite,Kaya FM,EC,2026-04-15,2026-05-05,112,99,194148.25,shoprite5@example.com,0629275462,Completed
CMP7361,Toyota Winter Promo,Toyota,Jacaranda,KZN,2026-02-20,2026-03-06,94,85,114209.43,toyota13@example.com,0615228112,
CMP1119,Vuma Winter Promo,Vuma,Jacaranda,EC,2026-01-21,2026-02-10,97,99,431630.79,vuma19@example.com,0856875021,Paused
CMP6134,Shoprite Winter Promo,Shoprite,947,WC,2026-05-01,2026-05-18,43,28,372676.7,shoprite63@example.com,0891225178,
CMP5451,Money Market Winter Promo,Money Market,Kaya FM,EC,2026-05-10,2026-05-22,52,52,36276.02,moneymarket11@example.com,0848871453,Completed
CMP7910,Checkers Winter Promo,Checkers,947,KZN,2026-02-27,2026-03-21,73,60,199188.61,checkers85@example.com,0673347197,COMPLETED
CMP7684,Money Market Winter Promo,Money Market,Kaya FM,KZN,2026-05-04,2026-05-12,24,29,487779.39,moneymarket48@example.com,0605972774,COMPLETED
CMP2413,Coke Winter Promo,Coke,947,KZN,2026-04-05,2026-04-19,115,116,28907.54,coke98@example.com,0617487629,
CMP5321,Shoprite Winter Promo,Shoprite,Ukhozi FM,EC,14/04/2026,2026-05-08,167,170,283270.47,shoprite46@example.com,0675667654,Active
CMP5085, Money Market Winter Promo ,Money Market,Jacaranda,Gauteng,13/06/2026,2026-06-21,24,14,253919.71,moneymarket63@example.com,0799891950,Active
CMP7884,Shoprite Winter Promo,Shoprite,Metro FM,Gauteng,2026-02-09,2026-03-10,186,180,348268.94,shoprite45@example.com,0737616784,
CMP2926,Checkers Winter Promo,Checkers,947,WC,2026-03-25,2026-04-20,168,162,252109.69,checkers7@example.com,0844376113,Paused
CMP6597, Vuma Winter Promo ,Vuma,Metro FM,WC,2026-05-02,2026-05-21,64,64,67952.14,vuma55example.com,0762690793, active 
CMP6182,Checkers Winter Promo,Checkers,Kaya FM,KZN,2026-06-20,2026-07-14,53,57,146435.7,checkers48@example.com,0782629440,Paused
CMP5986,Toyota Winter Promo,Toyota,YFM,Gauteng,2026-06-09,2026-06-14,21,20,417597.74,toyota57@example.com,0845594884,COMPLETED
CMP5474,Shoprite Winter Promo,Shoprite,YFM,EC,2026-03-13,2026-04-06,156,148,210750.59,shoprite99@example.com,06113846,Paused
CMP8702, Money Market Winter Promo ,Money Market,Jacaranda,EC,2026-02-15,2026-03-05,104,109,65054.37,moneymarket7@example.com,0855698549,COMPLETED
CMP9090,Coke Winter Promo,Coke,Metro FM,WC,2026-02-07,2026-02-20,167,156,189058.51,coke6@example.com,0688203461,Active
CMP9593,Vuma Winter Promo,Vuma,Metro FM,WC,2026-06-23,2026-07-08,22,15,81992.21,vuma27@example.com,0662010519,Paused
CMP4033,Money Market Winter Promo,Money Market,Ukhozi FM,EC,2026-01-30,2026-02-11,52,42,19847.43,moneymarket91@example.com,0765440492, active 
CMP2453,Money Market Winter Promo,Money Market,Ukhozi FM,KZN,10/03/2026,2026-03-27,173,,143083.03,moneymarket85@example.com,0872568364,Active
CMP9273,Money Market Winter Promo,Money Market,Ukhozi FM,EC,2026-05-30,2026-06-14,47,39,20357.78,moneymarket11@example.com,0873373521,Completed
CMP7386,Vuma Winter Promo,Vuma,Jacaranda,KZN,2026-01-27,2026-02-10,88,,478107.98,vuma29@example.com,0792127856,
CMP6320,Shoprite Winter Promo,Shoprite,947,WC,2026-01-20,2026-02-13,80,77,142109.38,shoprite63@example.com,0765252657,COMPLETED
CMP7254,Coke Winter Promo,Coke,947,KZN,2026-03-10,2026-03-30,176,180,199655.28,coke82example.com,0876216998,
CMP8889,Toyota Winter Promo,Toyota,947,WC,2026-06-14,2026-06-19,99,84,261050.48,toyota8@example.com,0896427176,Completed
CMP6112,Checkers Winter Promo,Checkers,YFM,KZN,2026-05-12,2026-06-01,126,,449897.97,checkers75example.com,0695680942, active 
CMP3884,Shoprite Winter Promo,Shoprite,947,Gauteng,2026-04-29,2026-05-29,146,136,215488.03,shoprite63@example.com,0734108126,Completed
CMP7344,Checkers Winter Promo,Checkers,947,WC,2026-01-20,2026-02-10,153,157,469200.04,checkers87@example.com,0663565264,
CMP8824, Vuma Winter Promo ,Vuma,Jacaranda,KZN,2026-03-09,2026-03-28,125,119,287436.35,vuma20@example.com,0871032945,COMPLETED
CMP1065,Money Market Winter Promo,Money Market,YFM,KZN,2026-04-08,2026-04-20,149,149,327169.28,moneymarket42@example.com,0848284416,Completed
CMP8891,Shoprite Winter Promo,Shoprite,Kaya FM,Gauteng,2026-04-05,2026-04-11,39,44,163348.85,shoprite41@example.com,0811275584,Active
CMP3688,Checkers Winter Promo,Checkers,Ukhozi FM,KZN,14/04/2026,2026-04-20,198,191,28122.81,checkers2example.com,0764975307,Active
CMP6246,Coke Winter Promo,Coke,Ukhozi FM,Gauteng,2026-03-06,2026-03-27,21,7,309351.72,coke46example.com,0831025201,Completed
CMP6976,Toyota Winter Promo,Toyota,Kaya FM,EC,2026-05-19,2026-05-24,76,76,283571.75,toyota22example.com,0837487508,Completed
CMP5841,Checkers Winter Promo,Checkers,947,KZN,2026-06-13,2026-06-29,106,98,337482.61,checkers30@example.com,0856238050,COMPLETED
CMP2616,Checkers Winter Promo,Checkers,Kaya FM,KZN,2026-05-23,2026-06-04,182,184,340012.51,checkers13@example.com,0856707026,Completed
CMP9601,Coke Winter Promo,Coke,Ukhozi FM,WC,2026-04-26,2026-05-21,122,119,347176.48,coke85@example.com,0627284433,Paused
CMP9080,Shoprite Winter Promo,Shoprite,Kaya FM,EC,2026-05-21,2026-06-15,146,145,429292.31,shoprite9@example.com,0656204101,
CMP1534,Coke Winter Promo,Coke,947,KZN,2026-01-19,2026-01-25,103,92,349427.57,coke83@example.com,06250681, active 
CMP9406,Checkers Winter Promo,Checkers,Metro FM,KZN,2026-05-05,2026-05-19,94,84,342719.99,checkers58@example.com,0755883171,Paused
CMP9694,Checkers Winter Promo,Checkers,Ukhozi FM,WC,2026-05-11,2026-05-27,195,194,49181.46,checkers8@example.com,0633864017,COMPLETED
CMP6894,Vuma Winter Promo,vuma,YFM,WC,2026-06-30,2026-07-14,138,,222724.78,vuma72@example.com,0809710531,COMPLETED
CMP4937, Coke Winter Promo ,Coke,Kaya FM,Gauteng,2026-02-23,2026-03-18,69,59,12281.82,coke14@example.com,0803109035,Active
CMP1878,Money Market Winter Promo,Money Market,YFM,KZN,2026-04-01,2026-04-27,123,119,410153.66,moneymarket8@example.com,0695447254, active 
CMP2593,Toyota Winter Promo,Toyota,Kaya FM,KZN,05/04/2026,2026-04-20,66,60,334616.8,toyota39@example.com,06945607,
CMP2240,Shoprite Winter Promo,Shoprite,Ukhozi FM,WC,2026-06-25,2026-07-12,196,191,266239.56,shoprite50@example.com,0825705885, active 
CMP7510,Checkers Winter Promo,Checkers,YFM,WC,2026-01-22,2026-02-10,144,138,422199.41,checkers66@example.com,0848206219,COMPLETED
CMP9003,Vuma Winter Promo,Vuma,Kaya FM,EC,2026-04-03,2026-04-18,73,63,443058.12,vuma14@example.com,0775205545,Completed
CMP6010,Money Market Winter Promo,Money Market,947,KZN,2026-03-23,2026-04-22,136,141,174216.21,moneymarket26@example.com,0818376088,
CMP6523,Vuma Winter Promo,Vuma,YFM,EC,2026-04-08,2026-04-17,123,116,414923.92,vuma70@example.com,0671482445,Paused
CMP1761,Money Market Winter Promo,Money Market,Metro FM,EC,2026-02-26,2026-03-20,65,56,176414.09,moneymarket74@example.com,0674036725,Completed
CMP8509,Toyota Winter Promo,Toyota,YFM,WC,2026-03-09,2026-04-05,113,106,340443.09,toyota90@example.com,0676657786,Paused
CMP9585,Toyota Winter Promo,Toyota,Metro FM,KZN,2026-05-05,2026-05-24,145,144,12853.77,toyota21@example.com,0863733163,Completed
CMP3911,Toyota Winter Promo,Toyota,Ukhozi FM,WC,2026-03-10,2026-03-15,142,141,246172.82,toyota38@example.com,0699090118,Completed
CMP7194,Checkers Winter Promo,Checkers,Kaya FM,WC,2026-04-19,2026-05-01,26,15,442244.25,checkers22@example.com,0736576332,Active
CMP7830,Coke Winter Promo,Coke,Jacaranda,WC,2026-06-19,2026-07-10,33,34,147893.26,coke55@example.com,0806319270,
CMP1795,Coke Winter Promo,Coke,Kaya FM,KZN,2026-05-27,2026-06-22,130,116,207923.73,coke76@example.com,0851481802, active 
CMP6101, Checkers Winter Promo ,Checkers,Jacaranda,Gauteng,2026-02-18,2026-03-09,30,17,434680.75,checkers10@example.com,0624523537,COMPLETED
CMP7317,Money Market Winter Promo,Money Market,Metro FM,KZN,2026-01-02,2026-01-18,194,189,14101.06,moneymarket27@example.com,0615194527,COMPLETED
CMP2113,Toyota Winter Promo,Toyota,947,EC,2026-01-18,2026-02-12,95,89,393349.15,toyota91@example.com,0744037756,
CMP1389,Toyota Winter Promo,Toyota,YFM,WC,2026-04-16,2026-05-15,175,161,377860.88,toyota2@example.com,0794887372,Paused
CMP2172,Toyota Winter Promo,toyota,Metro FM,Gauteng,2026-01-25,2026-02-13,125,119,30391.67,toyota64@example.com,0687100985,Active
CMP2566,Shoprite Winter Promo,Shoprite,Metro FM,KZN,2026-06-25,2026-07-08,192,187,244254.59,shoprite65@example.com,0784745418,Paused
CMP5648,Coke Winter Promo,coke,947,KZN,2026-03-23,2026-04-07,86,79,407637.31,coke33@example.com,0807801730,
CMP5176,Money Market Winter Promo,Money Market,947,EC,2026-03-10,2026-03-31,69,74,109292.91,moneymarket9@example.com,0824604075,Paused
CMP6319,Money Market Winter Promo,Money Market,947,KZN,2026-04-21,2026-05-12,32,24,260353.57,moneymarket47@example.com,0745581365,
CMP4505,Toyota Winter Promo,Toyota,Jacaranda,EC,2026-01-22,2026-02-08,164,154,466761.94,toyota30@example.com,0826941292,Active
CMP2227,Money Market Winter Promo,Money Market,Metro FM,Gauteng,2026-01-23,2026-02-01,81,70,,moneymarket65@example.com,0889462805,COMPLETED
CMP9383, Toyota Winter Promo ,Toyota,Ukhozi FM,EC,2026-05-14,2026-06-13,82,85,207568.82,toyota73@example.com,0827574069, active 
CMP7877,Coke Winter Promo,Coke,Ukhozi FM,EC,2026-06-03,2026-06-26,37,,275088.1,coke71@example.com,0685650006,Active
CMP6272,Coke Winter Promo,Coke,Ukhozi FM,KZN,15/02/2026,2026-03-03,135,137,163541.78,coke62@example.com,06877202,Completed
CMP5677,Coke Winter Promo,Coke,Kaya FM,EC,2026-06-11,2026-07-04,89,83,209113.95,coke98@example.com,0862789106,Completed
CMP3479,Checkers Winter Promo,checkers,Ukhozi FM,KZN,2026-04-22,2026-05-13,43,46,356439.73,checkers87@example.com,0723075352, active 
CMP6258,Coke Winter Promo,Coke,Kaya FM,KZN,2026-01-28,2026-02-25,121,112,169433.91,coke91@example.com,08046396,COMPLETED
CMP2988,Vuma Winter Promo,Vuma,YFM,WC,2026-05-29,2026-06-18,170,169,455757.66,vuma33@example.com,0748525968,Active
CMP6288, Vuma Winter Promo ,vuma,Kaya FM,Gauteng,2026-06-27,2026-07-13,190,186,363714.68,vuma14example.com,0862647981,Completed
CMP1334,Checkers Winter Promo,Checkers,947,KZN,2026-02-17,2026-03-05,144,131,409033.67,checkers69@example.com,08257457,COMPLETED
CMP7264,Money Market Winter Promo,money market,Ukhozi FM,Gauteng,2026-01-18,2026-01-30,47,44,376766.76,moneymarket72@example.com,0753790678,Completed
CMP2229,Vuma Winter Promo,Vuma,YFM,EC,2026-05-02,2026-05-18,123,124,251691.73,vuma54@example.com,0854028524,COMPLETED
CMP3776,Checkers Winter Promo,Checkers,Jacaranda,EC,2026-06-22,2026-07-22,135,138,392868.87,checkers78example.com,0857466317,Completed
CMP1027,Money Market Winter Promo,Money Market,Metro FM,WC,16/06/2026,2026-06-22,177,162,,moneymarket3example.com,0771698025,Active
CMP5555,Vuma Winter Promo,Vuma,Kaya FM,KZN,2026-01-17,2026-01-22,109,112,186752.06,vuma20@example.com,0673464402,Active
CMP3925,Coke Winter Promo,Coke,Ukhozi FM,WC,2026-05-22,2026-06-15,191,192,278470.79,coke45@example.com,0764935638,COMPLETED
CMP7972,Checkers Winter Promo,Checkers,947,EC,2026-04-02,2026-04-23,161,159,254783.47,checkers79@example.com,0756480298,Active
CMP5135,Coke Winter Promo,Coke,947,EC,2026-02-08,2026-03-09,133,119,149370.7,coke12example.com,0604289366,COMPLETED
CMP9455,Vuma Winter Promo,vuma,Kaya FM,KZN,2026-06-20,2026-07-02,176,181,403439,vuma51@example.com,0636222291,Paused
CMP2221,Checkers Winter Promo,Checkers,Jacaranda,KZN,2026-04-23,2026-05-01,182,177,,checkers91@example.com,0644602668,Active
CMP1115, Checkers Winter Promo ,Checkers,Metro FM,EC,2026-05-10,2026-05-22,123,,121596.17,checkers14@example.com,0884043295,Active
CMP9836,Shoprite Winter Promo,Shoprite,Kaya FM,EC,2026-03-15,2026-03-21,153,139,128948.48,shoprite53@example.com,0789139194,Completed
CMP8363,Money Market Winter Promo,Money Market,947,WC,2026-01-12,2026-01-31,105,98,,moneymarket64@example.com,0636914507,Completed
CMP7931,Checkers Winter Promo,Checkers,Jacaranda,Gauteng,2026-04-04,2026-04-19,134,134,89712.31,checkers53@example.com,0609270144,Paused
CMP3160,Checkers Winter Promo,Checkers,Ukhozi FM,WC,02/01/2026,2026-01-13,24,29,192395.35,checkers42@example.com,0769886955,Paused
CMP3885,Coke Winter Promo,Coke,YFM,WC,2026-01-25,2026-02-04,188,,372174.79,coke86@example.com,0823132105,Active
CMP2656,Money Market Winter Promo,Money Market,Jacaranda,KZN,2026-03-03,2026-03-12,137,131,347006.19,moneymarket62@example.com,0808366285,Completed
CMP8370,Shoprite Winter Promo,Shoprite,Kaya FM,WC,2026-03-28,2026-04-19,190,195,344109.52,shoprite48@example.com,06018571,COMPLETED
CMP3592,Vuma Winter Promo,Vuma,947,EC,2026-03-23,2026-04-10,125,130,187319.46,vuma59example.com,0637600643, active 
CMP8980,Money Market Winter Promo,Money Market,YFM,EC,2026-04-18,2026-05-18,37,24,130124.91,moneymarket70@example.com,0845132575,COMPLETED
CMP4855,Money Market Winter Promo,Money Market,Kaya FM,Gauteng,14/03/2026,2026-04-01,156,145,175475.37,moneymarket85@example.com,0678946667,Active
CMP7538,Money Market Winter Promo,Money Market,947,Gauteng,2026-06-12,2026-07-01,20,8,194500.37,moneymarket92@example.com,0822941927,Active
CMP3136, Money Market Winter Promo ,Money Market,Ukhozi FM,EC,2026-06-04,2026-06-24,122,121,328131.37,moneymarket50@example.com,0618446890,Completed
CMP8589,Toyota Winter Promo,Toyota,Metro FM,WC,2026-02-12,2026-02-22,170,159,227688.48,toyota73@example.com,0759823522,COMPLETED
CMP9337,Shoprite Winter Promo,Shoprite,Metro FM,EC,2026-05-15,2026-05-20,108,110,290102.28,shoprite63@example.com,0875874745,Completed
CMP1536,Vuma Winter Promo,Vuma,Kaya FM,KZN,2026-05-12,2026-06-11,61,49,417541.41,vuma85@example.com,0694513686,COMPLETED
CMP9152,Checkers Winter Promo,Checkers,Metro FM,WC,2026-03-30,2026-04-08,148,138,116540.97,checkers16@example.com,0774483786, active 
CMP1347, Vuma Winter Promo ,Vuma,Metro FM,KZN,2026-04-18,2026-05-07,101,93,339313.66,vuma24@example.com,0623336403,Completed
CMP8987,Checkers Winter Promo,checkers,Jacaranda,Gauteng,2026-04-04,2026-04-23,130,130,265945.29,checkers21@example.com,0886070643, active 
CMP2264,Checkers Winter Promo,Checkers,947,WC,2026-03-22,2026-03-27,21,26,89963.35,checkers85@example.com,0879185400,Completed
CMP6364, Toyota Winter Promo ,Toyota,947,WC,2026-04-05,2026-05-01,33,22,,toyota1@example.com,0682867940,Paused
CMP3433,Checkers Winter Promo,Checkers,947,EC,2026-01-04,2026-01-13,45,50,,checkers20example.com,0688343736,Completed
CMP6155, Shoprite Winter Promo ,Shoprite,Ukhozi FM,EC,2026-02-07,2026-03-08,107,105,208173.03,shoprite26@example.com,0662566863, active 
CMP1829,Vuma Winter Promo,Vuma,Ukhozi FM,Gauteng,2026-03-31,2026-04-20,85,71,228775.16,vuma6@example.com,07234234,Active
CMP1328,Shoprite Winter Promo,shoprite,Jacaranda,WC,2026-01-15,2026-02-10,97,101,110141.5,shoprite69@example.com,0827363018,Completed
CMP8982,Shoprite Winter Promo,Shoprite,Jacaranda,WC,2026-05-28,2026-06-13,156,141,295038.64,shoprite90@example.com,0755460226, active 
CMP4693,Shoprite Winter Promo,Shoprite,Ukhozi FM,WC,2026-01-03,2026-01-11,64,63,448851.55,shoprite87@example.com,0728341588,COMPLETED
CMP8829,Shoprite Winter Promo,Shoprite,Jacaranda,WC,2026-02-01,2026-02-19,65,63,383761.32,shoprite75@example.com,0895755606,Completed
CMP8947,Vuma Winter Promo,Vuma,Ukhozi FM,Gauteng,2026-04-13,2026-04-30,103,96,180593.28,vuma4@example.com,0605587134,Completed
CMP9355,Money Market Winter Promo,Money Market,Jacaranda,EC,2026-03-07,2026-04-05,157,159,125862.52,moneymarket70@example.com,0604141836,Paused
CMP7531,Vuma Winter Promo,vuma,Metro FM,WC,2026-03-13,2026-04-01,142,130,330534.48,vuma39@example.com,0603798629,
CMP8205,Checkers Winter Promo,Checkers,Metro FM,Gauteng,2026-04-07,2026-04-19,83,84,202496.49,checkers50@example.com,0691287345,
CMP4128,Toyota Winter Promo,Toyota,Kaya FM,WC,2026-01-21,2026-02-05,191,182,224520.22,toyota30@example.com,0818573101,COMPLETED
CMP1803,Toyota Winter Promo,Toyota,Kaya FM,KZN,2026-03-28,2026-04-08,170,162,382366.33,toyota88@example.com,0646357246,Active
CMP3330,Coke Winter Promo,Coke,Metro FM,KZN,2026-04-28,2026-05-14,33,37,204800.43,coke39@example.com,0672365644, active 
CMP7756,Toyota Winter Promo,Toyota,Kaya FM,WC,2026-06-09,2026-06-17,66,58,483348.84,toyota41example.com,0628062975, active 
CMP4713,Vuma Winter Promo,Vuma,Metro FM,WC,2026-06-09,2026-06-18,117,122,84236.6,vuma99@example.com,0744817915, active 
CMP1246,Checkers Winter Promo,Checkers,Kaya FM,WC,2026-04-20,2026-05-19,49,36,333109,checkers8@example.com,0706907372,COMPLETED
CMP3111,Shoprite Winter Promo,Shoprite,YFM,WC,2026-01-06,2026-01-21,196,183,438801.3,shoprite95example.com,06544202,Paused
CMP3192,Money Market Winter Promo,Money Market,YFM,WC,2026-03-13,2026-04-07,71,68,304722.37,moneymarket29@example.com,0756568224,COMPLETED
CMP3341,Money Market Winter Promo,Money Market,Metro FM,EC,2026-03-26,2026-04-22,167,159,183460.58,moneymarket6@example.com,0607196398, active 
CMP7611,Toyota Winter Promo,Toyota,Metro FM,KZN,2026-01-12,2026-01-26,200,204,261075.32,toyota99@example.com,0636946212, active 
CMP4048,Toyota Winter Promo,Toyota,YFM,Gauteng,27/03/2026,2026-04-03,69,74,,toyota50@example.com,0708256860,COMPLETED
CMP2004,Coke Winter Promo,Coke,YFM,WC,2026-04-11,2026-04-25,84,72,60188.74,coke6@example.com,0606101397,
CMP4874, Vuma Winter Promo ,Vuma,Kaya FM,WC,2026-04-16,2026-05-03,30,35,394073.96,vuma71@example.com,0615561710,Active
CMP2125,Money Market Winter Promo,Money Market,Ukhozi FM,KZN,2026-02-22,2026-03-03,61,58,438743.83,moneymarket15@example.com,0725186949,COMPLETED
CMP1215,Shoprite Winter Promo,Shoprite,Metro FM,Gauteng,2026-02-16,2026-02-22,101,88,443375.98,shoprite97@example.com,0663398587,Active
CMP3207,Shoprite Winter Promo,Shoprite,Kaya FM,WC,28/02/2026,2026-03-21,130,125,493407.02,shoprite34@example.com,0745511927,Paused
CMP3145,Vuma Winter Promo,Vuma,Ukhozi FM,Gauteng,2026-06-11,2026-07-08,199,204,140255.83,vuma55@example.com,0675555518,Paused
CMP4260,Money Market Winter Promo,Money Market,Ukhozi FM,KZN,2026-06-04,2026-06-12,175,163,127418.31,moneymarket44@example.com,0607807470,Completed
CMP2727,Money Market Winter Promo,Money Market,947,Gauteng,2026-02-07,2026-02-26,72,64,139786.99,moneymarket40@example.com,0876506127, active 
CMP1526,Toyota Winter Promo,Toyota,947,KZN,2026-01-05,2026-01-29,172,161,422536.01,toyota58@example.com,0806242590,Paused
CMP2774,Shoprite Winter Promo,Shoprite,Ukhozi FM,KZN,2026-05-13,2026-05-28,31,31,405397.61,shoprite16@example.com,0673898734,
CMP2700,Vuma Winter Promo,vuma,Kaya FM,WC,2026-01-01,2026-01-20,44,41,196517.64,vuma80@example.com,0681741723,Paused
CMP8040,Coke Winter Promo,Coke,YFM,Gauteng,2026-04-05,2026-04-24,112,,94335.04,coke28@example.com,0712694744,Completed
CMP9233,Checkers Winter Promo,Checkers,947,WC,2026-04-23,2026-05-18,179,,59131.02,checkers54@example.com,0807907525,COMPLETED
CMP8181,Money Market Winter Promo,Money Market,Jacaranda,Gauteng,2026-03-29,2026-04-07,152,154,43289.96,moneymarket46@example.com,0852722910,Completed
CMP9408,Shoprite Winter Promo,Shoprite,947,EC,2026-01-03,2026-01-18,182,175,391800.29,shoprite63@example.com,0605560397,Paused
CMP8102,Checkers Winter Promo,Checkers,Metro FM,EC,2026-06-19,2026-06-30,125,120,219581.65,checkers3example.com,0754815600,Paused
CMP5600, Coke Winter Promo ,Coke,Ukhozi FM,WC,2026-05-24,2026-06-19,96,91,225110.34,coke68example.com,0616662221,Completed
CMP6038,Coke Winter Promo,Coke,Jacaranda,Gauteng,2026-01-19,2026-02-17,35,27,403501.4,coke58example.com,0818274949,Completed
CMP2928,Coke Winter Promo,Coke,YFM,EC,2026-02-16,2026-02-27,124,117,258734.39,coke15@example.com,0699979243,Paused
CMP2800, Checkers Winter Promo ,Checkers,YFM,WC,2026-06-28,2026-07-16,84,70,49338.23,checkers51@example.com,0619933665,Paused
CMP6934,Checkers Winter Promo,Checkers,YFM,KZN,2026-05-04,2026-05-24,109,113,370861.23,checkers98@example.com,0633831847,
CMP7382,Vuma Winter Promo,Vuma,Metro FM,KZN,2026-01-20,2026-02-16,72,58,263272.13,vuma51@example.com,0878217999, active 
CMP4952,Shoprite Winter Promo,Shoprite,Metro FM,KZN,2026-04-22,2026-05-01,148,141,258950.85,shoprite50@example.com,0836826426,Paused
CMP8940,Toyota Winter Promo,Toyota,Ukhozi FM,Gauteng,2026-01-12,2026-02-02,150,147,214946.36,toyota31@example.com,0766837171,Active
CMP9006,Coke Winter Promo,Coke,YFM,EC,2026-06-04,2026-06-13,74,79,81085.78,coke11@example.com,0803501343,
CMP1345,Checkers Winter Promo,Checkers,Ukhozi FM,EC,2026-01-09,2026-01-24,34,36,418150.54,checkers9@example.com,0838989023,Paused
CMP9440,Toyota Winter Promo,Toyota,Metro FM,Gauteng,2026-02-18,2026-03-14,133,124,247745.57,toyota61@example.com,0619779962,Paused
CMP9768,Vuma Winter Promo,Vuma,Kaya FM,WC,2026-01-01,2026-01-14,167,160,349766.92,vuma68@example.com,0722886914,
CMP8129,Coke Winter Promo,Coke,947,KZN,2026-01-30,2026-02-14,26,26,496161.66,coke27@example.com,0794872458, active 
CMP6120,Vuma Winter Promo,Vuma,Metro FM,Gauteng,2026-02-13,2026-03-15,91,85,429993.49,vuma80@example.com,0667357488,Completed
CMP4753,Coke Winter Promo,Coke,YFM,WC,2026-03-07,2026-03-26,41,38,276303.1,coke50example.com,0722079908,
CMP5556,Coke Winter Promo,Coke,YFM,Gauteng,02/03/2026,2026-03-24,158,146,486844.14,coke38@example.com,0651805600,
CMP3901,Money Market Winter Promo,Money Market,Metro FM,Gauteng,2026-01-09,2026-01-16,168,155,396455.79,moneymarket61@example.com,0654993197,COMPLETED
CMP2042,Checkers Winter Promo,Checkers,Jacaranda,EC,2026-01-15,2026-01-28,120,117,100646.25,checkers50@example.com,0835444178,Paused
CMP9247,Shoprite Winter Promo,Shoprite,Jacaranda,EC,2026-03-09,2026-03-15,86,82,304175.95,shoprite6@example.com,0637238974,Paused
CMP2314,Shoprite Winter Promo,shoprite,Jacaranda,KZN,2026-06-03,2026-06-29,107,103,292444.05,shoprite49@example.com,0726660875,COMPLETED
CMP9115,Checkers Winter Promo,Checkers,Jacaranda,Gauteng,2026-03-05,2026-03-16,163,,249449.91,checkers48@example.com,0802423305, active 
CMP9460, Shoprite Winter Promo ,Shoprite,947,WC,2026-06-13,2026-07-02,180,166,153031.4,shoprite70@example.com,0887945794, active 
CMP9101,Toyota Winter Promo,Toyota,Jacaranda,Gauteng,2026-06-30,2026-07-24,74,71,39945.38,toyota71@example.com,0865714791,COMPLETED
CMP8842,Toyota Winter Promo,Toyota,Jacaranda,EC,2026-03-03,2026-04-01,136,129,218994.54,toyota59@example.com,0801928511,Active
CMP2932,Vuma Winter Promo,Vuma,Jacaranda,KZN,2026-03-08,2026-03-19,169,174,167530.86,vuma13@example.com,0617881696,Paused
CMP8377, Toyota Winter Promo ,Toyota,Ukhozi FM,Gauteng,2026-02-18,2026-03-09,110,112,351392.41,toyota96@example.com,07888909, active 
CMP8033,Shoprite Winter Promo,Shoprite,YFM,EC,2026-05-08,2026-05-30,167,169,397392.79,shoprite80@example.com,0861865954,
CMP3648,Vuma Winter Promo,Vuma,YFM,WC,2026-01-12,2026-01-26,161,,269825.24,vuma38@example.com,0613878712,COMPLETED
CMP9004,Coke Winter Promo,Coke,Kaya FM,EC,2026-04-01,2026-04-25,42,30,466226.91,coke8@example.com,0808430076,Completed
CMP6022,Money Market Winter Promo,money market,Metro FM,EC,02/01/2026,2026-01-22,160,,441932.82,moneymarket80@example.com,0758201235,COMPLETED
CMP2490,Money Market Winter Promo,Money Market,Ukhozi FM,KZN,2026-03-17,2026-04-05,75,73,385054.43,moneymarket19@example.com,0747404140,Completed
CMP3886,Money Market Winter Promo,Money Market,Kaya FM,Gauteng,2026-05-12,2026-06-10,166,151,450072.94,moneymarket97@example.com,06981489,
CMP9832, Toyota Winter Promo ,Toyota,Ukhozi FM,EC,2026-01-05,2026-01-17,161,159,208245.51,toyota70@example.com,06997291,Paused
CMP3234,Shoprite Winter Promo,Shoprite,Metro FM,KZN,2026-05-09,2026-06-08,138,133,28292.85,shoprite59@example.com,0736030608,Active
CMP1912,Money Market Winter Promo,Money Market,YFM,WC,2026-01-11,2026-02-01,99,103,230696,moneymarket94@example.com,0824506623,Completed
CMP9425,Checkers Winter Promo,Checkers,Kaya FM,EC,2026-05-21,2026-06-09,125,119,261873.46,checkers35@example.com,0675057333,COMPLETED
CMP1500,Vuma Winter Promo,Vuma,Jacaranda,Gauteng,2026-06-01,2026-06-30,89,83,246501.5,vuma75@example.com,0678646725,Completed
CMP4878,Shoprite Winter Promo,Shoprite,YFM,WC,2026-01-28,2026-02-27,25,23,319135.19,shoprite78@example.com,0604077851, active 
CMP9058,Toyota Winter Promo,Toyota,Ukhozi FM,Gauteng,26/05/2026,2026-06-07,46,33,369222.32,toyota4@example.com,06453047,Completed
CMP9082,Shoprite Winter Promo,Shoprite,Jacaranda,Gauteng,2026-02-05,2026-02-15,139,137,75617.71,shoprite87@example.com,06985075,COMPLETED
CMP9723,Coke Winter Promo,Coke,Metro FM,WC,2026-06-08,2026-06-15,70,63,115977.67,coke68@example.com,0695046309,Active
CMP7897,Shoprite Winter Promo,shoprite,Ukhozi FM,EC,18/02/2026,2026-02-25,89,79,476630.15,shoprite44@example.com,0699936123,Active
CMP6542,Vuma Winter Promo,Vuma,Metro FM,KZN,2026-02-14,2026-02-27,191,190,398706.5,vuma45@example.com,0795985485,Completed
CMP2736,Vuma Winter Promo,Vuma,947,Gauteng,20/04/2026,2026-05-15,197,189,228068.22,vuma16@example.com,0726107111,
CMP6111,Toyota Winter Promo,Toyota,947,EC,2026-01-14,2026-02-06,148,148,208274.53,toyota34@example.com,0797806490, active 
CMP1662,Toyota Winter Promo,Toyota,YFM,EC,2026-02-21,2026-03-12,111,114,235331.61,toyota41@example.com,0658486646, active 
CMP6130,Vuma Winter Promo,vuma,947,KZN,2026-05-11,2026-06-07,108,113,316619.62,vuma82@example.com,0875746652,Completed
CMP9425,Money Market Winter Promo,Money Market,YFM,Gauteng,2026-03-17,2026-04-12,53,52,483833.25,moneymarket55@example.com,07337460,COMPLETED
CMP4693,Money Market Winter Promo,Money Market,947,WC,2026-03-15,2026-03-20,68,71,446088.9,moneymarket92@example.com,0754071325,COMPLETED
CMP4604,Shoprite Winter Promo,Shoprite,Jacaranda,WC,2026-06-10,2026-07-02,171,171,248962.37,shoprite16@example.com,0716027579,Active
CMP9402,Toyota Winter Promo,Toyota,947,KZN,2026-04-17,2026-05-14,50,46,464350.4,toyota87@example.com,0797142026, active 
CMP2127,Shoprite Winter Promo,Shoprite,Jacaranda,Gauteng,2026-04-22,2026-05-04,98,87,256622.85,shoprite80@example.com,0898218674,Active
CMP6856,Coke Winter Promo,Coke,Jacaranda,Gauteng,2026-06-25,2026-07-10,142,137,363865.63,coke59@example.com,0722608432,COMPLETED
CMP7489, Vuma Winter Promo ,Vuma,947,WC,2026-05-10,2026-05-16,185,179,298022.93,vuma83@example.com,0658927616,Paused
CMP3407,Toyota Winter Promo,Toyota,Kaya FM,KZN,2026-03-03,2026-03-30,112,117,246903.41,toyota50@example.com,0699314147, active 
CMP6005,Money Market Winter Promo,Money Market,947,Gauteng,2026-02-17,2026-03-01,107,95,22311.25,moneymarket61example.com,07933687,
CMP1783,Shoprite Winter Promo,Shoprite,947,Gauteng,2026-06-22,2026-07-14,94,86,432044.43,shoprite51@example.com,0645514470,Completed
CMP9196,Shoprite Winter Promo,Shoprite,YFM,Gauteng,2026-03-06,2026-04-01,103,100,75892.99,shoprite43@example.com,0781956496,Active
CMP6388,Shoprite Winter Promo,Shoprite,Metro FM,WC,2026-05-05,2026-05-25,170,175,15593.57,shoprite64@example.com,0749040186, active 
CMP8088,Coke Winter Promo,Coke,Ukhozi FM,KZN,2026-04-21,2026-05-01,163,166,28291.29,coke71@example.com,0602524297, active 
CMP7868,Shoprite Winter Promo,Shoprite,Ukhozi FM,Gauteng,2026-02-26,2026-03-19,199,196,74893.14,shoprite97@example.com,0685971171,Completed
CMP3535,Checkers Winter Promo,checkers,YFM,KZN,2026-03-05,2026-03-20,126,122,318979.97,checkers25@example.com,0896080860,Completed
CMP7524,Shoprite Winter Promo,Shoprite,Kaya FM,WC,2026-04-03,2026-04-09,109,101,440649.15,shoprite31example.com,0789139952, active 
CMP4455,Vuma Winter Promo,Vuma,Jacaranda,WC,2026-03-05,2026-03-21,159,155,406246.28,vuma84@example.com,0746548896,Active
CMP2901,Coke Winter Promo,Coke,Metro FM,KZN,2026-05-31,2026-06-09,164,168,304230.49,coke56example.com,0773521139,Paused
CMP1124,Vuma Winter Promo,Vuma,Kaya FM,EC,2026-05-16,2026-05-23,175,176,261152.96,vuma14@example.com,0829544666,Paused
CMP6826,Toyota Winter Promo,Toyota,YFM,EC,2026-02-23,2026-03-02,138,142,375162.23,toyota12@example.com,0659641721,COMPLETED
CMP3071, Coke Winter Promo ,Coke,YFM,KZN,2026-05-04,2026-05-12,45,36,241717.64,coke56@example.com,0896975747,Active
CMP4057,Checkers Winter Promo,Checkers,Metro FM,KZN,2026-02-16,2026-03-11,94,92,,checkers12@example.com,0749560765,Completed
CMP4813,Toyota Winter Promo,Toyota,Jacaranda,Gauteng,2026-06-22,2026-07-03,144,132,481481.47,toyota80example.com,0704064955, active 
CMP5780,Checkers Winter Promo,Checkers,Ukhozi FM,WC,2026-05-17,2026-06-09,33,32,126314.44,checkers79@example.com,0774108857,COMPLETED
CMP7363,Vuma Winter Promo,Vuma,Kaya FM,WC,2026-04-26,2026-05-12,100,95,400504.6,vuma67@example.com,06157680,Paused
CMP3284,Checkers Winter Promo,Checkers,Metro FM,KZN,2026-04-12,2026-04-29,136,138,,checkers62@example.com,0827773760,Paused
CMP6515,Coke Winter Promo,Coke,Metro FM,KZN,2026-05-03,2026-05-26,129,125,,coke37@example.com,07899345, active 
CMP7569,Toyota Winter Promo,Toyota,YFM,EC,12/06/2026,2026-06-27,158,,235475.57,toyota6@example.com,0621036316,Active
CMP8154, Vuma Winter Promo ,Vuma,Ukhozi FM,KZN,2026-02-12,2026-02-25,105,101,242998.94,vuma6@example.com,07073331,COMPLETED
CMP2816,Vuma Winter Promo,Vuma,Ukhozi FM,WC,2026-05-13,2026-06-05,88,80,161288.87,vuma62@example.com,0708368079,Active
CMP2016,Shoprite Winter Promo,Shoprite,947,KZN,01/03/2026,2026-03-24,163,155,409421.86,shoprite84@example.com,0752417125,Completed
CMP2232,Shoprite Winter Promo,Shoprite,Jacaranda,KZN,2026-01-01,2026-01-08,144,148,398405.71,shoprite10@example.com,0601358557,Completed
CMP1066, Money Market Winter Promo ,Money Market,947,WC,2026-03-02,2026-03-29,23,25,239970.48,moneymarket59@example.com,0783385790,
CMP3189,Money Market Winter Promo,Money Market,Kaya FM,KZN,2026-04-14,2026-04-21,45,30,482053.25,moneymarket82@example.com,0861703047,
CMP5169,Shoprite Winter Promo,Shoprite,Metro FM,EC,2026-02-26,2026-03-27,175,180,289874.38,shoprite56example.com,0622111436,Paused
CMP5599,Checkers Winter Promo,Checkers,YFM,EC,2026-02-17,2026-03-02,120,113,216042.25,checkers43@example.com,0795679385,Paused
CMP7125,Vuma Winter Promo,Vuma,Ukhozi FM,Gauteng,2026-06-12,2026-07-04,72,64,224053.73,vuma59@example.com,0709645613,Active
CMP1848,Vuma Winter Promo,Vuma,Kaya FM,WC,2026-05-20,2026-05-28,103,90,178916.18,vuma32@example.com,0625012167,Paused
CMP6815,Toyota Winter Promo,Toyota,Ukhozi FM,EC,2026-06-11,2026-06-18,144,147,151506.93,toyota64@example.com,0696531255,Completed
CMP7706,Vuma Winter Promo,Vuma,Metro FM,WC,26/01/2026,2026-02-08,58,57,299422.71,vuma59example.com,0688310485,COMPLETED
CMP7061,Toyota Winter Promo,toyota,Kaya FM,Gauteng,2026-06-07,2026-06-20,184,186,458481.21,toyota37@example.com,0616581554,Active
CMP9683,Coke Winter Promo,Coke,Jacaranda,WC,2026-06-16,2026-06-24,141,133,148797.1,coke81@example.com,0667833116,COMPLETED
CMP7785,Money Market Winter Promo,Money Market,Kaya FM,Gauteng,2026-06-10,2026-06-15,84,84,127104.23,moneymarket83example.com,0689094407,COMPLETED
CMP7081,Coke Winter Promo,Coke,YFM,EC,09/06/2026,2026-06-16,77,67,330024.15,coke26@example.com,0835220029,COMPLETED
CMP5618,Toyota Winter Promo,Toyota,YFM,KZN,2026-04-22,2026-05-06,81,74,443150.07,toyota46@example.com,0747187764,
CMP1724,Checkers Winter Promo,Checkers,Kaya FM,Gauteng,2026-06-01,2026-06-23,199,184,424980.98,checkers97@example.com,0881629572,Active
CMP2539,Vuma Winter Promo,Vuma,YFM,EC,2026-06-27,2026-07-18,99,95,220206.03,vuma51@example.com,0897884939,Completed
CMP3586,Checkers Winter Promo,Checkers,Jacaranda,EC,2026-05-14,2026-06-03,38,27,152176.56,checkers12example.com,0897296691,COMPLETED
CMP9307,Checkers Winter Promo,Checkers,947,EC,2026-04-19,2026-05-02,88,92,115269.44,checkers54@example.com,0764798519,Active
CMP1777,Coke Winter Promo,Coke,Kaya FM,Gauteng,2026-04-04,2026-04-23,183,171,180845.13,coke64@example.com,0605622072,Completed
CMP2814,Vuma Winter Promo,Vuma,Ukhozi FM,Gauteng,2026-04-16,2026-05-02,135,121,241622.98,vuma15@example.com,0773254970, active 
CMP5378,Vuma Winter Promo,Vuma,Ukhozi FM,KZN,2026-05-10,2026-05-18,122,119,178197.59,vuma99@example.com,0707115882,Active
CMP9590,Coke Winter Promo,Coke,947,EC,2026-04-08,2026-04-26,174,179,447240.31,coke10@example.com,0877226968,
CMP6413, Money Market Winter Promo ,Money Market,Jacaranda,WC,2026-05-15,2026-06-10,170,172,473567.96,moneymarket16@example.com,0762058792,Active
CMP9603,Coke Winter Promo,Coke,Ukhozi FM,KZN,2026-04-13,2026-05-04,158,158,38061.92,coke82@example.com,0762118215,
CMP3074, Checkers Winter Promo ,Checkers,YFM,KZN,2026-01-20,2026-02-13,48,39,149418.78,checkers55@example.com,0788411329,Paused
CMP9358,Shoprite Winter Promo,Shoprite,YFM,KZN,2026-01-22,2026-02-20,22,19,148732.56,shoprite88@example.com,0854478403,COMPLETED
CMP7881,Money Market Winter Promo,Money Market,YFM,WC,2026-01-30,2026-02-17,183,176,315759.64,moneymarket5@example.com,0753342634,Active
CMP9248,Shoprite Winter Promo,shoprite,947,WC,2026-01-19,2026-02-14,40,30,295216.28,shoprite65@example.com,0777433121, active 
CMP9971,Checkers Winter Promo,Checkers,Metro FM,Gauteng,2026-04-08,2026-05-02,43,,104546.75,checkers65@example.com,0632054953, active 
CMP3468,Vuma Winter Promo,Vuma,YFM,Gauteng,2026-06-29,2026-07-18,108,99,143041.88,vuma64@example.com,0683886023,
CMP7708,Checkers Winter Promo,Checkers,Ukhozi FM,KZN,2026-01-06,2026-01-18,97,93,125087.9,checkers78@example.com,0654845555,Active
CMP5753, Toyota Winter Promo ,Toyota,YFM,WC,2026-02-07,2026-03-07,138,136,291057.12,toyota81@example.com,0686346574, active 
CMP5918,Coke Winter Promo,Coke,Jacaranda,EC,2026-03-06,2026-03-24,130,127,488896.37,coke5example.com,0813768867,Completed
CMP4428,Shoprite Winter Promo,Shoprite,Ukhozi FM,KZN,2026-03-22,2026-04-15,24,18,171275.94,shoprite72@example.com,0743744006,Active
CMP3887, Coke Winter Promo ,Coke,947,Gauteng,2026-05-02,2026-05-10,139,127,234896.41,coke28@example.com,0729272247,
CMP1856,Money Market Winter Promo,Money Market,Metro FM,KZN,2026-03-04,2026-03-31,104,97,245425.74,moneymarket48@example.com,0733523407,Active
CMP2497,Toyota Winter Promo,Toyota,Metro FM,Gauteng,2026-06-29,2026-07-07,104,100,315784.32,toyota51@example.com,0783485598,
CMP3148,Checkers Winter Promo,Checkers,Jacaranda,KZN,23/05/2026,2026-06-20,139,135,11459.53,checkers89@example.com,0865932084,Completed
CMP8226,Vuma Winter Promo,Vuma,YFM,WC,2026-01-13,2026-02-07,96,92,445239.19,vuma35@example.com,0625499710,Active
CMP3567,Vuma Winter Promo,Vuma,Metro FM,KZN,2026-01-19,2026-02-01,163,168,266074.29,vuma30@example.com,08451129,Completed
CMP1675,Shoprite Winter Promo,Shoprite,Jacaranda,KZN,2026-06-08,2026-06-25,197,191,,shoprite67@example.com,0757445449,Completed
CMP3649,Money Market Winter Promo,Money Market,Jacaranda,WC,2026-04-26,2026-05-10,47,33,19017.51,moneymarket71@example.com,0711500877, active 
CMP4377,Coke Winter Promo,Coke,Kaya FM,KZN,2026-05-31,2026-06-08,44,40,496199.5,coke55@example.com,0695324192,Completed
CMP8912,Shoprite Winter Promo,Shoprite,947,Gauteng,2026-02-02,2026-02-11,47,47,186633.68,shoprite51@example.com,0609809240,Paused
CMP3204,Money Market Winter Promo,Money Market,947,EC,2026-03-26,2026-04-05,100,90,77442.07,moneymarket93@example.com,0866826556,Paused
CMP6237, Vuma Winter Promo ,Vuma,Metro FM,Gauteng,2026-03-11,2026-03-28,155,146,116846.81,vuma73@example.com,06986537,Completed
CMP1218,Toyota Winter Promo,Toyota,Ukhozi FM,KZN,2026-04-05,2026-04-30,193,189,357902.44,toyota4@example.com,0678295933,Active
CMP4125,Vuma Winter Promo,Vuma,Ukhozi FM,WC,2026-05-26,2026-06-09,54,59,32114.96,vuma65@example.com,0877343402,Paused
CMP9338,Shoprite Winter Promo,Shoprite,947,WC,2026-04-07,2026-04-26,163,150,338737.02,shoprite48@example.com,0652967110, active 
CMP4563,Coke Winter Promo,Coke,Metro FM,KZN,2026-05-13,2026-05-25,89,93,52536.93,coke31example.com,07430755,
CMP9340,Shoprite Winter Promo,shoprite,Metro FM,WC,2026-04-09,2026-04-21,69,71,110743.67,shoprite98@example.com,0763767546,Active
CMP5835,Coke Winter Promo,Coke,Metro FM,WC,2026-02-25,2026-03-21,26,24,471031.59,coke64@example.com,0615868474,
CMP3198,Money Market Winter Promo,Money Market,Kaya FM,WC,2026-02-05,2026-02-20,48,51,224713.45,moneymarket61example.com,0785115195,Active
CMP9563,Vuma Winter Promo,Vuma,Ukhozi FM,KZN,2026-04-13,2026-04-29,73,71,182310.63,vuma33@example.com,0841548864,Completed
CMP3066, Toyota Winter Promo ,toyota,YFM,Gauteng,2026-05-30,2026-06-17,117,115,204058.75,toyota21@example.com,08320315, active 
CMP6486,Vuma Winter Promo,Vuma,947,WC,2026-04-22,2026-05-12,60,60,148868.34,vuma86example.com,0879700978,Paused
CMP4280,Vuma Winter Promo,Vuma,Jacaranda,WC,2026-01-21,2026-02-20,74,78,216971.74,vuma84@example.com,07322658, active 
CMP5323,Coke Winter Promo,Coke,Metro FM,KZN,2026-03-17,2026-04-03,83,69,426659.83,coke4@example.com,0758674577,Paused
CMP4070,Money Market Winter Promo,Money Market,Metro FM,Gauteng,2026-03-20,2026-03-26,100,,191149.04,moneymarket36@example.com,0704480277, active 
CMP4076,Toyota Winter Promo,Toyota,947,KZN,2026-04-05,2026-04-17,136,137,68988.01,toyota63@example.com,0756388996,
CMP4330, Coke Winter Promo ,Coke,947,EC,2026-01-17,2026-02-13,66,54,31540.95,coke60@example.com,0668161016,COMPLETED
CMP4005,Money Market Winter Promo,Money Market,Kaya FM,KZN,09/04/2026,2026-04-15,178,176,164128.93,moneymarket60@example.com,0797008469,Paused
CMP1618,Vuma Winter Promo,Vuma,Kaya FM,EC,2026-04-30,2026-05-05,141,127,42063.61,vuma85@example.com,0655823717,COMPLETED
CMP9997, Coke Winter Promo ,Coke,Jacaranda,Gauteng,12/03/2026,2026-03-27,55,58,63691.1,coke81@example.com,0717686991,Active
CMP4850,Checkers Winter Promo,checkers,YFM,EC,2026-04-26,2026-05-15,57,57,248888.03,checkers45@example.com,06796958,Completed
CMP3515,Toyota Winter Promo,Toyota,Metro FM,EC,2026-04-09,2026-04-16,36,32,,toyota82@example.com,0654527846,Paused
CMP7929,Vuma Winter Promo,Vuma,Metro FM,KZN,2026-02-22,2026-03-06,160,153,402818.64,vuma73@example.com,0748417274,Paused
CMP5028,Vuma Winter Promo,Vuma,Kaya FM,KZN,2026-02-16,2026-03-16,122,111,20839.74,vuma94@example.com,0893052124,Active
CMP1093,Shoprite Winter Promo,Shoprite,YFM,WC,2026-05-29,2026-06-05,191,188,374143.74,shoprite12@example.com,0899997086, active 
CMP5564,Coke Winter Promo,Coke,Jacaranda,Gauteng,2026-01-04,2026-01-19,91,77,134913.51,coke23@example.com,0764056307,
CMP4312,Toyota Winter Promo,Toyota,947,KZN,2026-03-28,2026-04-23,102,103,171944.44,toyota26@example.com,0701453229,Active
CMP9046,Checkers Winter Promo,Checkers,YFM,WC,2026-03-07,2026-03-21,142,147,287008.32,checkers64@example.com,0618680073,Active
CMP6650,Checkers Winter Promo,Checkers,Metro FM,KZN,2026-03-05,2026-03-21,105,91,279834.47,checkers55@example.com,0782748455,COMPLETED
CMP6962,Checkers Winter Promo,Checkers,947,Gauteng,2026-06-08,2026-07-06,166,156,273899.25,checkers7example.com,0685474789,Completed
CMP4884,Checkers Winter Promo,Checkers,Jacaranda,Gauteng,2026-01-16,2026-01-30,29,15,394338.14,checkers44@example.com,0621014955, active 
CMP6687,Checkers Winter Promo,Checkers,Jacaranda,EC,2026-03-19,2026-04-12,24,22,448767.98,checkers36@example.com,0772620605,Completed
CMP6559,Money Market Winter Promo,Money Market,Jacaranda,Gauteng,2026-05-30,2026-06-10,41,35,284420.27,moneymarket93@example.com,0739017007,
CMP3948,Shoprite Winter Promo,shoprite,Ukhozi FM,Gauteng,2026-06-29,2026-07-07,134,125,,shoprite28@example.com,0634192098,Paused
CMP6140,Shoprite Winter Promo,Shoprite,947,Gauteng,2026-05-20,2026-05-27,80,,30455.4,shoprite77@example.com,0857204738,
CMP1856,Toyota Winter Promo,Toyota,Ukhozi FM,Gauteng,2026-06-30,2026-07-10,35,32,467710.63,toyota1@example.com,0626088826, active 
CMP5436,Vuma Winter Promo,Vuma,947,Gauteng,2026-03-23,2026-04-16,97,102,372941.35,vuma35@example.com,0781089481,Paused
CMP7085,Coke Winter Promo,coke,Jacaranda,EC,27/06/2026,2026-07-16,164,164,,coke78@example.com,0691401244,COMPLETED
CMP9714,Checkers Winter Promo,Checkers,Jacaranda,Gauteng,2026-04-22,2026-05-14,176,168,497024.54,checkers51@example.com,0692386556,Active
CMP5637,Money Market Winter Promo,Money Market,947,KZN,2026-05-02,2026-06-01,61,46,312362,moneymarket74@example.com,0698880906,COMPLETED
CMP6325,Vuma Winter Promo,Vuma,Ukhozi FM,WC,2026-03-23,2026-04-04,94,96,71741.05,vuma98@example.com,0759963574,Active
CMP7218,Shoprite Winter Promo,Shoprite,947,KZN,2026-01-10,2026-02-04,72,66,268867.33,shoprite29@example.com,0716255793,Active
CMP2710,Coke Winter Promo,Coke,Ukhozi FM,WC,2026-03-20,2026-04-08,164,161,110822.4,coke94@example.com,0748609364,Paused
CMP8387,Checkers Winter Promo,Checkers,947,WC,2026-04-10,2026-04-30,160,164,113084.69,checkers46@example.com,0794424950,Active
CMP8352,Toyota Winter Promo,Toyota,Ukhozi FM,KZN,2026-01-18,2026-02-13,56,44,83182.32,toyota2@example.com,0778054941, active 
CMP6820,Checkers Winter Promo,Checkers,YFM,WC,2026-03-27,2026-04-09,193,182,371288.06,checkers83example.com,0719088756,
CMP6671,Checkers Winter Promo,Checkers,Jacaranda,WC,2026-06-11,2026-06-18,94,95,433796.39,checkers46@example.com,0743230753,
CMP2867,Checkers Winter Promo,Checkers,947,Gauteng,2026-05-08,2026-05-14,182,175,357789.64,checkers64@example.com,0758960960,
CMP1584,Shoprite Winter Promo,Shoprite,947,KZN,28/06/2026,2026-07-19,71,76,82710.15,shoprite97@example.com,0793669180,
CMP3132,Money Market Winter Promo,Money Market,YFM,EC,2026-04-15,2026-04-24,65,65,490356.34,moneymarket73@example.com,0848907565,COMPLETED
CMP2738,Toyota Winter Promo,toyota,Ukhozi FM,EC,2026-04-24,2026-05-24,25,13,357626.54,toyota63@example.com,0804636802,Paused
CMP5077,Vuma Winter Promo,Vuma,Jacaranda,EC,2026-01-07,2026-02-04,45,47,,vuma29@example.com,0629037942,COMPLETED
CMP1223,Shoprite Winter Promo,Shoprite,Jacaranda,EC,2026-05-25,2026-06-12,78,83,89754.85,shoprite67@example.com,0623587507,Completed
CMP5267,Money Market Winter Promo,Money Market,Metro FM,WC,2026-01-17,2026-01-25,140,142,380390.23,moneymarket33@example.com,0856259692,COMPLETED
CMP2509,Coke Winter Promo,Coke,Kaya FM,KZN,2026-05-01,2026-05-29,110,114,491332.76,coke35@example.com,0637864789,COMPLETED
CMP3577,Checkers Winter Promo,checkers,947,KZN,2026-05-19,2026-06-14,48,46,471260.56,checkers34@example.com,0861867962, active 
CMP4271,Toyota Winter Promo,Toyota,Metro FM,Gauteng,2026-04-12,2026-04-20,119,123,80944.97,toyota80@example.com,0705817846,Active
CMP4486,Checkers Winter Promo,checkers,Metro FM,KZN,2026-06-03,2026-06-19,121,116,212384.52,checkers81@example.com,0752152013,Active
CMP9724, Toyota Winter Promo ,Toyota,Ukhozi FM,EC,2026-03-26,2026-04-04,135,140,182606.03,toyota58@example.com,0829585659,Completed
CMP3108,Vuma Winter Promo,Vuma,Jacaranda,Gauteng,12/04/2026,2026-04-27,191,189,117493.91,vuma40@example.com,0627447234,
CMP5808,Vuma Winter Promo,Vuma,Kaya FM,KZN,28/06/2026,2026-07-17,137,134,78377.82,vuma64@example.com,0899631855,Active
CMP8680,Coke Winter Promo,Coke,Jacaranda,KZN,2026-06-20,2026-06-26,163,159,143505.74,coke2@example.com,0871053036,Paused
CMP6020, Money Market Winter Promo ,Money Market,Ukhozi FM,WC,19/05/2026,2026-05-25,133,137,158214.54,moneymarket10@example.com,0744297657,Active
CMP2944, Checkers Winter Promo ,Checkers,Ukhozi FM,EC,2026-03-08,2026-04-03,128,128,339864.75,checkers67@example.com,0894110053,Completed
CMP5985,Money Market Winter Promo,Money Market,Kaya FM,WC,2026-04-17,2026-05-04,103,89,260594.33,moneymarket4@example.com,0664762924,Completed
CMP3272,Vuma Winter Promo,Vuma,Ukhozi FM,KZN,2026-03-18,2026-04-10,32,20,368239.81,vuma4@example.com,0616479154,Active
CMP3760,Vuma Winter Promo,vuma,Ukhozi FM,EC,2026-02-27,2026-03-19,152,153,340367.61,vuma13@example.com,0802077442,Paused
CMP1549,Toyota Winter Promo,Toyota,YFM,WC,2026-04-05,2026-04-26,140,133,167634.63,toyota5@example.com,08169917,
CMP9385,Vuma Winter Promo,Vuma,Metro FM,KZN,2026-04-16,2026-05-12,161,163,399071.71,vuma13@example.com,0779345835,Active
CMP7188,Vuma Winter Promo,Vuma,Kaya FM,WC,2026-01-20,2026-02-16,51,50,250435.56,vuma45@example.com,06544761,Paused
CMP3102,Money Market Winter Promo,Money Market,YFM,WC,2026-02-27,2026-03-06,38,33,246932.04,moneymarket51@example.com,0788249803,Completed
CMP7358,Money Market Winter Promo,Money Market,Kaya FM,Gauteng,19/03/2026,2026-04-04,25,19,302272.73,moneymarket37example.com,0605590736,COMPLETED
CMP6310,Toyota Winter Promo,Toyota,Kaya FM,WC,2026-03-04,2026-03-20,137,139,86496.89,toyota1@example.com,0689655121,Active
CMP7136,Coke Winter Promo,Coke,Ukhozi FM,KZN,2026-04-23,2026-05-11,34,27,227465.85,coke11@example.com,0623654587,Active
CMP1232,Toyota Winter Promo,Toyota,Kaya FM,Gauteng,2026-02-22,2026-03-05,164,150,193255.88,toyota74@example.com,0825007753,
CMP4128,Toyota Winter Promo,Toyota,Kaya FM,EC,15/05/2026,2026-06-13,99,86,348841.73,toyota11@example.com,0672235080, active 
CMP8532,Shoprite Winter Promo,Shoprite,YFM,WC,2026-05-09,2026-05-21,158,147,176712.48,shoprite86@example.com,0873842572,Active
CMP4329,Checkers Winter Promo,Checkers,Jacaranda,KZN,2026-05-22,2026-06-02,121,124,383049.73,checkers72@example.com,0733041931,Paused
CMP7906,Shoprite Winter Promo,Shoprite,Jacaranda,WC,2026-05-31,2026-06-18,144,132,452854.67,shoprite37@example.com,0799913386,Active
CMP7512,Money Market Winter Promo,Money Market,YFM,WC,2026-04-05,2026-04-30,139,134,371553.81,moneymarket68@example.com,0859746650,Paused
CMP2096, Shoprite Winter Promo ,Shoprite,Ukhozi FM,EC,2026-06-04,2026-06-26,158,154,47646.74,shoprite95@example.com,0859464298,COMPLETED
CMP8432, Toyota Winter Promo ,Toyota,Metro FM,EC,2026-01-02,2026-01-15,106,111,342726.65,toyota64@example.com,0688539778,
CMP6459,Checkers Winter Promo,Checkers,Ukhozi FM,WC,2026-05-10,2026-06-08,177,182,142823.56,checkers62@example.com,0893543028,Active
CMP8755,Checkers Winter Promo,Checkers,Metro FM,WC,2026-06-17,2026-06-25,27,14,306838.59,checkers81@example.com,0722339218,Paused
CMP1132,Shoprite Winter Promo,Shoprite,Metro FM,KZN,2026-03-08,2026-04-01,177,163,131674.27,shoprite94@example.com,0831208192,
CMP1896,Checkers Winter Promo,Checkers,YFM,EC,2026-05-28,2026-06-20,67,62,15245.56,checkers94@example.com,0823115898,Completed
CMP7852,Money Market Winter Promo,Money Market,Ukhozi FM,KZN,2026-01-15,2026-01-27,188,182,,moneymarket41@example.com,0618365509,Completed
CMP4549,Checkers Winter Promo,Checkers,YFM,KZN,2026-06-30,2026-07-22,111,,,checkers31@example.com,0648037840,
CMP3432,Vuma Winter Promo,Vuma,Jacaranda,EC,2026-03-15,2026-03-30,183,,201335.61,vuma64@example.com,0844937528,COMPLETED
CMP8325,Shoprite Winter Promo,Shoprite,Jacaranda,EC,2026-04-29,2026-05-08,40,33,449532.65,shoprite59@example.com,0653946983,Active
CMP5881,Money Market Winter Promo,Money Market,Ukhozi FM,Gauteng,2026-05-21,2026-06-15,178,176,134793.95,moneymarket50example.com,0782438936,
CMP3051,Vuma Winter Promo,Vuma,947,WC,2026-01-23,2026-02-02,27,32,141631.75,vuma25@example.com,0719638581,
CMP5152,Checkers Winter Promo,Checkers,Metro FM,EC,2026-01-30,2026-02-05,80,71,403467.61,checkers75@example.com,0676533987,COMPLETED
CMP8564,Shoprite Winter Promo,Shoprite,Jacaranda,WC,04/02/2026,2026-02-17,130,134,256060.74,shoprite61@example.com,0622846051,
CMP2323,Money Market Winter Promo,Money Market,Kaya FM,WC,2026-01-10,2026-02-01,35,35,,moneymarket37@example.com,07361175,
CMP9706,Shoprite Winter Promo,Shoprite,Jacaranda,Gauteng,2026-03-26,2026-04-19,101,105,233071.86,shoprite72@example.com,0697400731,Paused
CMP6395,Toyota Winter Promo,Toyota,YFM,KZN,2026-01-19,2026-02-15,46,,217984.06,toyota8@example.com,0656153644,Completed
CMP7481, Checkers Winter Promo ,Checkers,Kaya FM,WC,2026-02-21,2026-03-15,56,48,230072.83,checkers88@example.com,0805300229,Active
CMP7325, Coke Winter Promo ,Coke,Ukhozi FM,Gauteng,2026-02-11,2026-02-25,138,134,49111.57,coke61example.com,0605601407,Paused
CMP7579,Toyota Winter Promo,Toyota,947,Gauteng,2026-05-01,2026-05-22,104,92,127576.1,toyota85@example.com,07876694,
CMP2380,Toyota Winter Promo,Toyota,947,KZN,2026-05-27,2026-06-06,154,151,291794.06,toyota79@example.com,0713034196, active 
CMP4542,Coke Winter Promo,Coke,YFM,WC,2026-01-24,2026-02-03,106,91,198596.85,coke10@example.com,0885893329,Active
CMP3852,Checkers Winter Promo,Checkers,947,WC,2026-01-08,2026-01-22,197,185,179479.98,checkers69@example.com,06613525,
CMP9790,Money Market Winter Promo,Money Market,Metro FM,KZN,2026-01-21,2026-02-14,114,112,337241.79,moneymarket83@example.com,0664890639, active 
CMP9250,Toyota Winter Promo,Toyota,947,EC,2026-02-23,2026-03-21,53,52,417860.06,toyota43@example.com,0722414107,Active
CMP6231,Money Market Winter Promo,Money Market,Jacaranda,Gauteng,2026-01-07,2026-01-24,91,84,247282.27,moneymarket79@example.com,0709361144,COMPLETED
CMP5638,Vuma Winter Promo,Vuma,947,Gauteng,2026-02-21,2026-03-18,176,162,246836.22,vuma20@example.com,0807171293,Paused
CMP5528,Checkers Winter Promo,Checkers,Jacaranda,Gauteng,2026-01-26,2026-02-07,119,121,221156.71,checkers77@example.com,0738147551,
CMP3606,Vuma Winter Promo,Vuma,YFM,EC,2026-03-04,2026-03-12,87,83,62101.32,vuma57@example.com,0743941516,COMPLETED
CMP7339,Toyota Winter Promo,Toyota,YFM,KZN,2026-05-29,2026-06-18,138,126,454054.33,toyota92@example.com,0621217992,COMPLETED
CMP2244, Shoprite Winter Promo ,Shoprite,Kaya FM,EC,2026-06-14,2026-07-03,146,151,306561.78,shoprite72@example.com,06475523,
CMP8251,Toyota Winter Promo,Toyota,Jacaranda,KZN,2026-05-20,2026-05-29,199,187,326168.48,toyota59example.com,0676649261,
CMP5202,Checkers Winter Promo,Checkers,Ukhozi FM,KZN,2026-04-19,2026-05-19,117,109,41362.54,checkers9@example.com,0617278250,Active
CMP9692,Shoprite Winter Promo,Shoprite,Ukhozi FM,EC,2026-02-15,2026-02-26,160,155,30244.52,shoprite40@example.com,0768628098,Active
CMP4407,Shoprite Winter Promo,shoprite,Jacaranda,Gauteng,2026-01-12,2026-01-29,126,125,306989.96,shoprite51example.com,0803362167,
CMP3856,Toyota Winter Promo,Toyota,Metro FM,WC,2026-03-25,2026-04-01,180,176,,toyota95@example.com,0858893565,Paused
CMP6697,Coke Winter Promo,Coke,Kaya FM,WC,2026-02-05,2026-03-05,62,59,466965.9,coke61@example.com,0602447703,
CMP1611,Shoprite Winter Promo,Shoprite,Kaya FM,KZN,24/06/2026,2026-07-20,135,121,446204.57,shoprite76@example.com,0773676522, active 
CMP6918,Toyota Winter Promo,Toyota,Ukhozi FM,WC,2026-04-18,2026-04-25,156,147,393377.06,toyota22@example.com,0784706789,COMPLETED
CMP5724,Shoprite Winter Promo,Shoprite,Metro FM,Gauteng,2026-05-17,2026-06-01,86,83,463619.37,shoprite49@example.com,0888613884,Completed
CMP4621,Coke Winter Promo,Coke,YFM,KZN,2026-05-02,2026-06-01,140,139,181174.07,coke98@example.com,0724323280,Active
CMP2030,Toyota Winter Promo,Toyota,Metro FM,KZN,2026-01-30,2026-02-16,138,126,65751.55,toyota34@example.com,0848438713,Paused
CMP5668,Shoprite Winter Promo,Shoprite,Ukhozi FM,WC,2026-05-14,2026-06-10,191,179,415866.37,shoprite56@example.com,0887337796,Active
CMP5116,Money Market Winter Promo,Money Market,947,WC,2026-05-09,2026-05-14,92,94,259254.78,moneymarket80@example.com,0601871709,Paused
CMP9297,Toyota Winter Promo,Toyota,Metro FM,KZN,2026-05-25,2026-06-07,154,155,245152.59,toyota59@example.com,0846418258,
CMP1768,Money Market Winter Promo,Money Market,Kaya FM,Gauteng,2026-01-23,2026-02-21,182,174,121515.84,moneymarket93@example.com,0606446363, active 
CMP3635,Toyota Winter Promo,toyota,Jacaranda,EC,2026-02-17,2026-03-05,174,162,189383.13,toyota57@example.com,0774451578,Completed
CMP9511,Money Market Winter Promo,Money Market,Metro FM,KZN,2026-01-18,2026-02-02,55,60,484877.74,moneymarket89@example.com,0617972723,
CMP1982,Vuma Winter Promo,Vuma,YFM,KZN,2026-05-09,2026-05-29,131,119,453322.18,vuma82@example.com,0707808774, active 
CMP9215,Money Market Winter Promo,Money Market,Ukhozi FM,EC,2026-04-13,2026-05-04,141,132,150553.09,moneymarket7@example.com,0876825926,Paused
CMP8895,Shoprite Winter Promo,Shoprite,947,EC,2026-03-13,2026-04-03,187,184,312230.62,shoprite9@example.com,0782320299,Paused
CMP1179,Money Market Winter Promo,Money Market,947,WC,2026-02-28,2026-03-29,197,185,381112.84,moneymarket19@example.com,08869762,Completed
CMP5711,Money Market Winter Promo,Money Market,Kaya FM,EC,2026-01-25,2026-02-23,23,8,184954.5,moneymarket34@example.com,0733632191,Active
CMP1868,Coke Winter Promo,Coke,YFM,Gauteng,2026-06-12,2026-06-21,106,109,,coke68@example.com,0878881187,
CMP5574,Checkers Winter Promo,Checkers,Ukhozi FM,WC,2026-02-21,2026-03-08,20,7,205084.73,checkers64@example.com,0748463982,Paused
CMP5081,Vuma Winter Promo,Vuma,Kaya FM,EC,2026-03-05,2026-04-03,175,172,390068.33,vuma97@example.com,0632079764,Paused
CMP2271,Vuma Winter Promo,Vuma,YFM,KZN,2026-06-02,2026-06-30,52,57,436631.54,vuma16@example.com,0793943460,Paused
CMP6350,Coke Winter Promo,Coke,Jacaranda,Gauteng,2026-05-29,2026-06-10,115,103,364463.97,coke61@example.com,07254906,Paused
CMP5400,Vuma Winter Promo,Vuma,YFM,Gauteng,2026-02-04,2026-02-15,145,149,175660.93,vuma96example.com,0813135162, active 
CMP4692,Coke Winter Promo,Coke,947,Gauteng,2026-01-08,2026-01-13,139,135,326323.65,coke5@example.com,0696153304,COMPLETED
CMP8273,Vuma Winter Promo,Vuma,Jacaranda,Gauteng,2026-05-02,2026-05-16,166,166,353226.5,vuma61@example.com,06179878,Active
CMP9640,Checkers Winter Promo,checkers,Ukhozi FM,EC,2026-06-15,2026-06-27,164,162,363600.14,checkers6@example.com,0692767645,Paused
CMP7565,Coke Winter Promo,Coke,YFM,WC,2026-02-19,2026-02-24,105,96,19912.99,coke93@example.com,0716747670,Active
CMP2875,Shoprite Winter Promo,Shoprite,Jacaranda,KZN,2026-03-01,2026-03-25,200,192,82777.01,shoprite43@example.com,0883102524,
CMP4068,Checkers Winter Promo,Checkers,947,EC,2026-02-09,2026-03-03,149,147,,checkers88@example.com,0725470999, active 
CMP8842,Checkers Winter Promo,Checkers,Metro FM,Gauteng,2026-03-18,2026-03-28,96,82,232575.14,checkers33@example.com,0831954073,Active
CMP2817,Toyota Winter Promo,Toyota,Kaya FM,KZN,2026-02-08,2026-02-27,76,,320948.8,toyota91@example.com,06944140,Completed
CMP3660,Shoprite Winter Promo,Shoprite,Jacaranda,EC,2026-06-15,2026-06-20,92,86,248158.96,shoprite10@example.com,06855479,Completed
CMP9053, Toyota Winter Promo ,Toyota,947,Gauteng,2026-05-08,2026-05-27,146,136,10370.22,toyota75@example.com,0878968110,Active
CMP6076,Vuma Winter Promo,Vuma,Jacaranda,EC,2026-05-08,2026-05-21,31,18,271072.28,vuma28@example.com,0635578345,COMPLETED
CMP8866,Shoprite Winter Promo,Shoprite,Ukhozi FM,Gauteng,2026-06-27,2026-07-02,103,99,473574.58,shoprite36@example.com,0806962736,Paused
CMP9435,Toyota Winter Promo,Toyota,Metro FM,Gauteng,2026-03-01,2026-03-28,142,145,377977.51,toyota38example.com,0821334620,Completed
CMP9228,Shoprite Winter Promo,Shoprite,Metro FM,KZN,2026-01-29,2026-02-18,59,60,90739.27,shoprite89@example.com,0776722687,Active
CMP5100,Coke Winter Promo,Coke,Kaya FM,EC,2026-01-18,2026-01-24,112,111,321914.64,coke18@example.com,0768768543,Paused
CMP5194,Toyota Winter Promo,Toyota,Jacaranda,Gauteng,2026-01-10,2026-01-16,157,161,273116.12,toyota61@example.com,0738724925,
CMP8122,Checkers Winter Promo,Checkers,Jacaranda,Gauteng,2026-05-05,2026-05-15,153,139,238725.99,checkers21@example.com,0633991285,COMPLETED
CMP3303,Coke Winter Promo,Coke,Ukhozi FM,EC,2026-03-30,2026-04-20,127,119,342755.83,coke3@example.com,0617564339,
CMP4848,Coke Winter Promo,Coke,Kaya FM,EC,2026-06-02,2026-06-10,160,162,168858.57,coke44@example.com,0737884474,COMPLETED
CMP5221,Coke Winter Promo,coke,Kaya FM,EC,2026-03-01,2026-03-26,166,152,126166.97,coke30@example.com,0755341731,Completed
CMP5811,Coke Winter Promo,Coke,947,Gauteng,30/05/2026,2026-06-29,35,36,458214.69,coke73@example.com,0861138775, active 
CMP3143,Shoprite Winter Promo,Shoprite,947,Gauteng,2026-01-09,2026-02-02,67,67,160714.56,shoprite15@example.com,0869872694,Completed
CMP7751, Vuma Winter Promo ,Vuma,Kaya FM,KZN,2026-06-13,2026-07-01,169,154,95684.66,vuma89@example.com,0625901122,COMPLETED
CMP6032,Checkers Winter Promo,Checkers,947,EC,2026-04-22,2026-05-03,26,11,30945.84,checkers46@example.com,0654840191,Active
CMP6093,Vuma Winter Promo,Vuma,Jacaranda,EC,2026-02-07,2026-02-25,198,198,310584.98,vuma14@example.com,0888124519,Completed
CMP5028,Vuma Winter Promo,Vuma,Jacaranda,KZN,2026-01-26,2026-01-31,178,178,182489.86,vuma69@example.com,0661605194, active 
CMP5270,Checkers Winter Promo,Checkers,947,EC,2026-02-10,2026-03-05,163,163,194829.95,checkers74@example.com,0711208001,COMPLETED
CMP2452, Coke Winter Promo ,Coke,947,Gauteng,2026-06-23,2026-07-23,190,180,225792.95,coke18example.com,0841176463,
CMP3130,Coke Winter Promo,Coke,Ukhozi FM,KZN,2026-05-07,2026-05-15,166,164,443062.02,coke22@example.com,0733618091,COMPLETED
CMP2260,Money Market Winter Promo,Money Market,Kaya FM,EC,2026-01-18,2026-01-30,178,167,273747.27,moneymarket58@example.com,0866491969,COMPLETED
CMP1117,Checkers Winter Promo,Checkers,Ukhozi FM,KZN,2026-01-06,2026-01-21,91,87,102763.48,checkers22@example.com,0721767930, active 
CMP6303, Shoprite Winter Promo ,Shoprite,947,Gauteng,2026-06-06,2026-06-18,170,170,311864.1,shoprite29@example.com,0805280194,
CMP2365,Money Market Winter Promo,money market,Jacaranda,EC,2026-03-06,2026-04-03,108,110,,moneymarket24@example.com,0691334210,Paused
CMP6648,Vuma Winter Promo,Vuma,Metro FM,EC,2026-04-22,2026-04-29,106,102,,vuma24@example.com,0831437762,COMPLETED
CMP4764,Shoprite Winter Promo,Shoprite,YFM,KZN,2026-01-07,2026-01-14,129,133,192358.94,shoprite93@example.com,0827978542,Completed
CMP3833,Checkers Winter Promo,Checkers,YFM,WC,2026-05-08,2026-05-25,132,,208081.31,checkers94@example.com,0725072220,COMPLETED
CMP4488,Vuma Winter Promo,Vuma,Jacaranda,WC,2026-06-17,2026-07-16,103,97,298461.76,vuma46@example.com,0847582801,COMPLETED
CMP5157,Money Market Winter Promo,Money Market,Kaya FM,EC,2026-03-31,2026-04-08,37,38,76250.63,moneymarket29@example.com,0744358798,Paused
CMP7100,Checkers Winter Promo,Checkers,Kaya FM,EC,22/01/2026,2026-02-01,111,98,280849.12,checkers23@example.com,0694086520, active 
CMP9212,Checkers Winter Promo,Checkers,YFM,WC,2026-03-07,2026-03-30,23,22,301694.53,checkers65example.com,0877980845,Completed
CMP6558,Vuma Winter Promo,Vuma,Metro FM,Gauteng,2026-03-27,2026-04-07,156,151,85704.61,vuma71@example.com,0803030599,
CMP2586,Toyota Winter Promo,Toyota,947,Gauteng,2026-05-09,2026-05-30,152,139,377840.48,toyota80@example.com,0673332600,
CMP6204,Coke Winter Promo,Coke,947,EC,2026-01-24,2026-02-03,93,84,160463.98,coke80@example.com,0675759165, active 
CMP8647,Toyota Winter Promo,Toyota,Kaya FM,Gauteng,2026-04-29,2026-05-08,181,172,206690.67,toyota70@example.com,0619547360,
CMP4820,Shoprite Winter Promo,Shoprite,947,KZN,2026-01-21,2026-02-19,169,165,341334.57,shoprite15@example.com,0609063580,Active
CMP2226,Checkers Winter Promo,Checkers,Metro FM,EC,2026-06-18,2026-06-27,124,124,279207.93,checkers22@example.com,0693309020,Completed
CMP3630,Toyota Winter Promo,Toyota,947,EC,2026-04-25,2026-05-13,79,69,98141.54,toyota79@example.com,0728768203, active 
CMP9108,Coke Winter Promo,Coke,Metro FM,KZN,2026-02-06,2026-02-22,117,107,,coke74@example.com,0817701826,COMPLETED
CMP5836,Coke Winter Promo,Coke,Kaya FM,Gauteng,2026-06-20,2026-07-20,79,79,65690.77,coke97@example.com,0879022607,
CMP1885,Vuma Winter Promo,Vuma,Metro FM,WC,2026-04-10,2026-04-15,100,92,415766.06,vuma1@example.com,0874621383,Active
CMP6357,Checkers Winter Promo,Checkers,Ukhozi FM,WC,2026-02-25,2026-03-10,136,122,51492.02,checkers61@example.com,07759133,Active
CMP7163,Shoprite Winter Promo,Shoprite,947,KZN,2026-06-01,2026-06-26,47,37,385405.7,shoprite16@example.com,0813868436,Paused
CMP3513,Coke Winter Promo,Coke,947,Gauteng,2026-01-26,2026-02-22,45,44,226183.33,coke77@example.com,0639613805,COMPLETED
CMP8884,Vuma Winter Promo,Vuma,Kaya FM,Gauteng,2026-03-21,2026-04-08,164,151,63801.49,vuma23example.com,0827451640,Active
CMP3538,Vuma Winter Promo,Vuma,Metro FM,KZN,15/04/2026,2026-05-11,51,53,124216.91,vuma93@example.com,0808337401, active 
CMP4499,Coke Winter Promo,Coke,Jacaranda,EC,2026-03-06,2026-03-24,82,77,89121.54,coke58@example.com,0799536523,Paused
CMP9084,Vuma Winter Promo,Vuma,Ukhozi FM,Gauteng,03/03/2026,2026-03-15,107,112,349530.55,vuma21@example.com,0742136278,COMPLETED
CMP9572,Shoprite Winter Promo,Shoprite,Jacaranda,WC,2026-05-27,2026-06-22,28,21,266944.57,shoprite25@example.com,0883537603,COMPLETED
CMP7560,Vuma Winter Promo,Vuma,Ukhozi FM,Gauteng,23/06/2026,2026-07-07,150,142,64098.44,vuma95example.com,0684824286,Completed
CMP7031,Shoprite Winter Promo,Shoprite,947,WC,2026-04-08,2026-04-25,198,197,396341.85,shoprite52@example.com,0617266385,Paused
CMP7901,Toyota Winter Promo,Toyota,Ukhozi FM,Gauteng,2026-05-24,2026-06-17,67,60,65594.95,toyota91@example.com,0777054988, active 
CMP2156,Toyota Winter Promo,Toyota,YFM,EC,2026-06-09,2026-06-14,162,154,59288.18,toyota79@example.com,0688503211,Active
CMP4536,Shoprite Winter Promo,Shoprite,Metro FM,Gauteng,2026-02-26,2026-03-19,196,188,146641.05,shoprite61example.com,0661587761,Active
CMP6966,Toyota Winter Promo,Toyota,Metro FM,KZN,2026-03-17,2026-03-24,46,32,357728.47,toyota85@example.com,0819288044,Completed
CMP8337,Money Market Winter Promo,Money Market,Metro FM,EC,2026-05-19,2026-06-06,33,29,393746.6,moneymarket2@example.com,0842282220,COMPLETED
CMP1921,Coke Winter Promo,Coke,YFM,WC,2026-04-14,2026-05-01,174,176,325932.24,coke56@example.com,0657091801,Completed
CMP2554, Toyota Winter Promo ,Toyota,947,EC,2026-06-21,2026-07-12,171,172,308836.75,toyota49@example.com,0653213346, active 
CMP5043,Checkers Winter Promo,Checkers,Kaya FM,WC,2026-05-09,2026-05-15,134,137,244970.96,checkers13example.com,0778840993,Active
CMP8390,Vuma Winter Promo,Vuma,Kaya FM,EC,29/03/2026,2026-04-18,28,17,102507.93,vuma62@example.com,0654868019,COMPLETED
CMP7934,Toyota Winter Promo,toyota,YFM,EC,18/03/2026,2026-03-28,80,66,352170.09,toyota10@example.com,0667770180,Paused
CMP8203,Checkers Winter Promo,Checkers,Jacaranda,KZN,2026-04-09,2026-05-02,110,112,112120.58,checkers83@example.com,0676887925,COMPLETED
CMP2291,Toyota Winter Promo,toyota,947,WC,2026-01-03,2026-02-02,195,200,57837.55,toyota33@example.com,0635004010,Completed
CMP5091,Money Market Winter Promo,Money Market,Metro FM,WC,2026-06-05,2026-06-10,172,,62747.9,moneymarket81@example.com,0827262579,Completed
CMP5588,Vuma Winter Promo,Vuma,Ukhozi FM,WC,2026-03-26,2026-04-24,59,57,317459.6,vuma17@example.com,0615398317,COMPLETED
CMP6561,Toyota Winter Promo,Toyota,Metro FM,WC,2026-04-23,2026-05-14,194,192,252674.39,toyota21@example.com,0814180158,Paused
CMP2125,Coke Winter Promo,Coke,Metro FM,KZN,2026-04-24,2026-05-04,70,62,18103.96,coke75@example.com,0891174124, active 
CMP5383,Shoprite Winter Promo,Shoprite,947,Gauteng,2026-05-04,2026-05-11,62,,489243.65,shoprite75@example.com,0875796922,Active
CMP9749,Shoprite Winter Promo,Shoprite,Metro FM,Gauteng,2026-04-04,2026-05-04,94,83,101610.33,shoprite33@example.com,0611579970, active 
CMP7322,Checkers Winter Promo,Checkers,Jacaranda,KZN,2026-04-01,2026-04-28,39,31,255353.32,checkers13@example.com,0788499568,
CMP5078,Checkers Winter Promo,Checkers,Metro FM,Gauteng,05/03/2026,2026-03-28,181,173,99779.37,checkers77@example.com,0842614627,Active
CMP6599,Vuma Winter Promo,Vuma,Metro FM,KZN,2026-01-09,2026-01-18,59,45,240604.66,vuma90@example.com,0846706582,COMPLETED
CMP4240, Coke Winter Promo ,Coke,Jacaranda,KZN,2026-01-31,2026-02-14,63,68,138481.9,coke41@example.com,0687450529,COMPLETED
CMP5370,Shoprite Winter Promo,Shoprite,Metro FM,Gauteng,2026-05-27,2026-06-25,55,41,40250.59,shoprite68@example.com,0687173036,
CMP1596,Vuma Winter Promo,Vuma,Kaya FM,WC,2026-05-24,2026-06-19,25,26,30301.21,vuma8@example.com,0624990537,Paused
CMP1657,Coke Winter Promo,Coke,Ukhozi FM,WC,2026-05-31,2026-06-17,64,49,69259.88,coke48@example.com,0681071365, active 
CMP6720,Checkers Winter Promo,Checkers,Kaya FM,EC,2026-03-24,2026-04-12,178,175,288470.64,checkers69@example.com,0741767184, active 
CMP2227,Checkers Winter Promo,Checkers,Ukhozi FM,KZN,2026-04-21,2026-04-28,154,145,97787.84,checkers5@example.com,0634377701,
CMP3458, Vuma Winter Promo ,Vuma,Jacaranda,WC,2026-06-05,2026-06-13,46,35,445380.44,vuma43@example.com,08635135, active 
CMP6771,Money Market Winter Promo,Money Market,Jacaranda,EC,2026-05-02,2026-05-07,125,115,125202.06,moneymarket99@example.com,0813959407,
CMP7870, Checkers Winter Promo ,Checkers,Kaya FM,EC,2026-04-21,2026-05-20,38,31,128629.46,checkers70@example.com,0709589346,COMPLETED
CMP8068,Toyota Winter Promo,Toyota,Kaya FM,Gauteng,2026-01-22,2026-02-11,155,146,360940.58,toyota14@example.com,0784164259, active 
CMP8070,Toyota Winter Promo,Toyota,Ukhozi FM,WC,2026-01-17,2026-01-28,102,94,223190.03,toyota83@example.com,0818788738,Active
CMP6055, Vuma Winter Promo ,vuma,Kaya FM,WC,2026-04-21,2026-05-05,97,84,245114.05,vuma39@example.com,0748907914,Active
CMP3317,Coke Winter Promo,Coke,Metro FM,WC,2026-03-15,2026-03-21,94,93,,coke9@example.com,0727568637,COMPLETED
CMP6632,Toyota Winter Promo,Toyota,YFM,KZN,2026-01-17,2026-01-31,64,54,286829.76,toyota46@example.com,0633207433,Active
CMP7608,Checkers Winter Promo,Checkers,Kaya FM,WC,2026-06-23,2026-07-12,192,190,471468.48,checkers95@example.com,0671987178,Active
CMP6596,Coke Winter Promo,Coke,Jacaranda,WC,2026-01-28,2026-02-06,83,85,418352.73,coke39@example.com,0616864908,Paused
CMP4420,Shoprite Winter Promo,Shoprite,YFM,WC,2026-03-25,2026-04-21,159,144,215617.61,shoprite83@example.com,0667436881,Active
CMP5157,Checkers Winter Promo,Checkers,Ukhozi FM,Gauteng,2026-04-17,2026-05-05,147,132,60505.36,checkers85@example.com,07114553,Completed
CMP7035, Vuma Winter Promo ,Vuma,Kaya FM,EC,2026-05-14,2026-06-08,109,97,126820.56,vuma33@example.com,0862845041,Active
CMP4704,Coke Winter Promo,Coke,Jacaranda,KZN,2026-05-19,2026-06-17,199,,436365.77,coke26@example.com,07030563,Paused
CMP3718,Toyota Winter Promo,Toyota,Ukhozi FM,EC,2026-01-03,2026-01-27,47,,411457.08,toyota67@example.com,0697142745,COMPLETED
CMP7432,Vuma Winter Promo,Vuma,Kaya FM,KZN,2026-06-03,2026-06-18,47,51,180740.98,vuma29@example.com,0646251242,Completed
CMP8589,Toyota Winter Promo,Toyota,Ukhozi FM,Gauteng,2026-03-23,2026-04-05,42,37,180752.83,toyota70@example.com,0811774396,Active
CMP9280,Coke Winter Promo,Coke,Jacaranda,KZN,2026-04-04,2026-04-16,110,108,336530.41,coke15@example.com,0703524368, active 
CMP8390,Money Market Winter Promo,Money Market,947,KZN,2026-04-17,2026-05-05,163,161,450912.95,moneymarket36@example.com,0728626434,Paused
CMP2866,Coke Winter Promo,Coke,Kaya FM,KZN,2026-06-24,2026-07-09,178,175,462610.37,coke45@example.com,0601538760,COMPLETED
CMP9560,Money Market Winter Promo,Money Market,YFM,KZN,2026-05-11,2026-05-23,120,105,147621.22,moneymarket4@example.com,0798849461,Paused
CMP8964,Shoprite Winter Promo,shoprite,947,Gauteng,2026-05-11,2026-06-05,144,146,107499.73,shoprite63example.com,0731619106,Active
CMP8951,Checkers Winter Promo,Checkers,947,WC,2026-06-04,2026-06-30,198,190,174499.52,checkers71@example.com,0676322135,Completed
CMP8005,Money Market Winter Promo,Money Market,YFM,WC,2026-03-21,2026-03-30,138,138,401049.99,moneymarket28@example.com,0738673081,COMPLETED
CMP1491,Shoprite Winter Promo,Shoprite,Jacaranda,Gauteng,2026-05-10,2026-06-06,95,95,81484.71,shoprite94@example.com,0659463687, active 
CMP7475,Shoprite Winter Promo,Shoprite,Kaya FM,WC,2026-03-01,2026-03-12,146,139,40381.31,shoprite8@example.com,0767231458,Active
CMP3255,Checkers Winter Promo,Checkers,YFM,WC,2026-06-11,2026-06-19,86,75,70622.74,checkers88@example.com,0663609900,
CMP2847,Shoprite Winter Promo,Shoprite,Jacaranda,WC,2026-03-29,2026-04-10,64,49,136678.99,shoprite48@example.com,0757426725,
CMP7984,Money Market Winter Promo,Money Market,947,Gauteng,2026-06-30,2026-07-09,109,95,496963.26,moneymarket84@example.com,0883572668,
CMP2414,Shoprite Winter Promo,Shoprite,947,EC,2026-06-24,2026-07-02,27,29,54479.09,shoprite78@example.com,0749042477,Active
CMP3970,Toyota Winter Promo,Toyota,Metro FM,EC,2026-04-22,2026-04-29,43,47,359748.82,toyota66@example.com,0751682824,Paused
CMP1929,Money Market Winter Promo,Money Market,Jacaranda,Gauteng,2026-04-04,2026-05-04,183,168,482257.18,moneymarket74@example.com,0861677764, active 
CMP3702, Toyota Winter Promo ,Toyota,947,WC,2026-03-14,2026-04-01,113,113,11136.29,toyota9@example.com,0807283690, active 
CMP1242,Coke Winter Promo,coke,Kaya FM,EC,2026-01-20,2026-01-27,191,188,309912.77,coke80@example.com,0758170168, active 
CMP1420,Toyota Winter Promo,Toyota,Kaya FM,WC,2026-01-22,2026-02-06,136,131,198826.16,toyota23@example.com,0757704476,COMPLETED
CMP6505,Vuma Winter Promo,Vuma,YFM,WC,2026-05-15,2026-05-30,53,56,66355.49,vuma91@example.com,0801804328,Completed
CMP5584,Shoprite Winter Promo,Shoprite,Jacaranda,WC,2026-02-03,2026-03-01,71,68,263619.25,shoprite28example.com,0604043684,
CMP2132,Toyota Winter Promo,Toyota,947,EC,2026-01-14,2026-02-08,180,169,256840.56,toyota36@example.com,0755971330,Completed
CMP8663,Shoprite Winter Promo,Shoprite,947,WC,2026-03-04,2026-03-27,171,173,99225.96,shoprite71@example.com,0734839442,
CMP2629,Coke Winter Promo,Coke,Metro FM,Gauteng,2026-02-08,2026-03-07,31,17,178377.79,coke95@example.com,0724846886, active 
CMP9575,Shoprite Winter Promo,Shoprite,947,Gauteng,2026-04-23,2026-05-07,163,152,283884.77,shoprite72@example.com,0672908421, active 
CMP6523,Vuma Winter Promo,Vuma,947,EC,2026-05-20,2026-06-17,139,131,162098.14,vuma3@example.com,0727379040,Active
CMP2920,Money Market Winter Promo,Money Market,Metro FM,WC,2026-06-30,2026-07-22,178,169,400006.78,moneymarket56@example.com,0811930154,Active
CMP8143,Money Market Winter Promo,Money Market,947,EC,2026-05-01,2026-05-29,111,110,392893.9,moneymarket23@example.com,0835296138,
CMP3693,Checkers Winter Promo,Checkers,Jacaranda,EC,2026-06-07,2026-07-07,41,31,140500.83,checkers27@example.com,0666295062,Active
CMP3222,Checkers Winter Promo,Checkers,947,KZN,12/01/2026,2026-01-26,80,76,493356.04,checkers69@example.com,08385808,Paused
CMP5466,Shoprite Winter Promo,Shoprite,YFM,WC,2026-03-08,2026-03-15,147,150,239632.9,shoprite44@example.com,0625632542,COMPLETED
CMP4353,Coke Winter Promo,Coke,Jacaranda,WC,2026-03-27,2026-04-07,130,118,492905.53,coke67@example.com,0877650087,Active
CMP1885, Shoprite Winter Promo ,Shoprite,YFM,EC,2026-04-24,2026-05-19,106,97,419339.69,shoprite74@example.com,0682655769,Completed
CMP1129,Toyota Winter Promo,Toyota,Jacaranda,Gauteng,2026-05-23,2026-06-10,121,113,412000.61,toyota10example.com,0635503866,COMPLETED
CMP2152,Vuma Winter Promo,Vuma,YFM,WC,2026-06-30,2026-07-17,158,157,207211.56,vuma67@example.com,08089712,Paused
CMP5603,Toyota Winter Promo,Toyota,Jacaranda,KZN,2026-02-07,2026-02-25,154,153,334691.05,toyota93example.com,0808167359,Active
CMP5561, Vuma Winter Promo ,Vuma,Jacaranda,WC,2026-04-18,2026-05-06,165,151,112238.92,vuma58@example.com,0631854975, active 
CMP5518,Toyota Winter Promo,Toyota,Metro FM,EC,2026-03-31,2026-04-15,93,97,369522.96,toyota39@example.com,0673670475, active 
CMP6887,Shoprite Winter Promo,Shoprite,YFM,KZN,2026-05-12,2026-05-17,108,97,264963.08,shoprite15@example.com,0745212911,Paused
CMP1788,Vuma Winter Promo,Vuma,Jacaranda,EC,2026-06-13,2026-06-25,22,21,442485.69,vuma92@example.com,0869037848,
CMP5983,Checkers Winter Promo,Checkers,Ukhozi FM,Gauteng,2026-05-16,2026-05-27,170,156,48935.77,checkers57@example.com,0822073612, active 
CMP8777,Vuma Winter Promo,Vuma,Kaya FM,Gauteng,2026-02-20,2026-03-21,122,116,371221.08,vuma69@example.com,0732478253, active 
CMP8355,Coke Winter Promo,Coke,Jacaranda,Gauteng,2026-02-10,2026-02-25,179,171,270974.69,coke5@example.com,0706954711,Paused
CMP2313,Coke Winter Promo,Coke,Jacaranda,EC,2026-05-30,2026-06-04,36,30,177089.97,coke93@example.com,0832442861,Completed
CMP2498, Shoprite Winter Promo ,Shoprite,YFM,WC,2026-06-20,2026-07-03,79,79,440467.19,shoprite5@example.com,0603909064,
CMP5609,Shoprite Winter Promo,Shoprite,YFM,Gauteng,2026-02-06,2026-02-19,108,110,212068.24,shoprite62@example.com,0895378514,COMPLETED
CMP2176,Vuma Winter Promo,Vuma,Ukhozi FM,Gauteng,17/05/2026,2026-05-29,131,116,219879,vuma10@example.com,0853678976,Active
CMP7414,Shoprite Winter Promo,Shoprite,947,KZN,2026-02-28,2026-03-13,131,130,,shoprite4@example.com,0645187061,Paused
CMP9510,Coke Winter Promo,Coke,Jacaranda,WC,2026-04-01,2026-04-28,27,30,74307.87,coke77@example.com,0803942399,Active
CMP1241,Vuma Winter Promo,Vuma,Ukhozi FM,Gauteng,2026-05-16,2026-05-28,170,165,93966.66,vuma1@example.com,0787113350,Paused
CMP8672,Shoprite Winter Promo,Shoprite,YFM,Gauteng,2026-06-21,2026-07-06,94,83,33841.81,shoprite78@example.com,0601134518,COMPLETED
CMP2838,Shoprite Winter Promo,Shoprite,Jacaranda,EC,15/03/2026,2026-04-10,44,35,496669.36,shoprite88@example.com,0891542026,
CMP5654,Toyota Winter Promo,Toyota,947,EC,2026-01-04,2026-01-14,105,108,101490.9,toyota41@example.com,0731313148,Paused
CMP5403,Checkers Winter Promo,Checkers,Metro FM,EC,26/05/2026,2026-06-04,101,105,345025.57,checkers90@example.com,08211499,Paused
CMP6623,Toyota Winter Promo,Toyota,947,EC,2026-01-31,2026-02-11,187,175,218901.39,toyota34@example.com,0655162157,
CMP6922,Coke Winter Promo,Coke,Ukhozi FM,KZN,2026-06-23,2026-07-03,144,130,233724.45,coke69@example.com,0886514872,Completed
CMP6831,Toyota Winter Promo,Toyota,Ukhozi FM,Gauteng,2026-06-17,2026-07-13,165,158,254911.45,toyota2@example.com,0669873832,COMPLETED
CMP1322, Coke Winter Promo ,Coke,Jacaranda,EC,2026-01-02,2026-01-12,106,97,230442.16,coke83@example.com,0642626089,Paused
CMP3326,Checkers Winter Promo,Checkers,Jacaranda,EC,2026-05-21,2026-06-18,142,147,58590.17,checkers91@example.com,0674544317,COMPLETED
CMP5592,Money Market Winter Promo,Money Market,Kaya FM,KZN,2026-04-19,2026-05-19,116,111,388245.64,moneymarket69@example.com,0773598920,Active
CMP9937, Toyota Winter Promo ,Toyota,Jacaranda,WC,2026-05-18,2026-06-02,141,140,151648.76,toyota47example.com,0752888640,Paused
CMP4023,Money Market Winter Promo,Money Market,Jacaranda,EC,2026-02-13,2026-03-04,172,159,499031.1,moneymarket20example.com,0868161424,COMPLETED
CMP7283,Vuma Winter Promo,Vuma,947,WC,2026-03-07,2026-03-31,25,13,164713.1,vuma69@example.com,0713182018,COMPLETED
CMP6636,Checkers Winter Promo,Checkers,YFM,WC,2026-06-09,2026-07-07,101,,387189.19,checkers34@example.com,0678232224,COMPLETED
CMP5415,Vuma Winter Promo,Vuma,947,WC,2026-02-15,2026-03-01,67,59,226711.39,vuma40@example.com,0696198989,Active
CMP5087,Coke Winter Promo,Coke,Ukhozi FM,KZN,2026-03-25,2026-04-14,136,131,326409.17,coke82@example.com,0649492831,Paused
CMP4143,Coke Winter Promo,Coke,947,KZN,2026-03-01,2026-03-12,118,119,119799.7,coke33@example.com,0797368903,COMPLETED
CMP1882, Shoprite Winter Promo ,Shoprite,Kaya FM,KZN,2026-04-26,2026-05-05,86,81,312486.85,shoprite30@example.com,0708882427,Completed
CMP3328,Toyota Winter Promo,Toyota,Kaya FM,EC,2026-03-17,2026-04-13,173,166,120227.27,toyota72example.com,0665467245,Paused
CMP7262,Money Market Winter Promo,Money Market,Metro FM,Gauteng,2026-03-01,2026-03-30,144,134,404712.47,moneymarket40@example.com,0738803779,Completed
CMP5292, Shoprite Winter Promo ,Shoprite,947,EC,02/06/2026,2026-06-09,56,51,402066.59,shoprite50@example.com,0731247722,Completed
CMP8688,Coke Winter Promo,Coke,YFM,WC,2026-05-12,2026-06-04,54,44,81001.96,coke42@example.com,08549467,Active
CMP4597,Coke Winter Promo,Coke,YFM,WC,2026-03-09,2026-03-25,194,183,99930.9,coke10@example.com,0744623107,COMPLETED
CMP1172,Vuma Winter Promo,Vuma,Metro FM,EC,2026-01-18,2026-02-05,145,140,127026.61,vuma28@example.com,0882738328,
CMP7974,Checkers Winter Promo,Checkers,YFM,Gauteng,2026-02-01,2026-02-20,153,142,319463.18,checkers45@example.com,07419260,Active
CMP2240,Money Market Winter Promo,Money Market,Jacaranda,Gauteng,2026-06-19,2026-07-10,174,162,301913.31,moneymarket70@example.com,0669036650,COMPLETED
CMP4818,Shoprite Winter Promo,Shoprite,Metro FM,WC,09/05/2026,2026-05-19,40,25,208520.05,shoprite79@example.com,0857082629,COMPLETED
CMP2879,Shoprite Winter Promo,Shoprite,Kaya FM,WC,2026-03-10,2026-04-01,31,16,98660.77,shoprite63@example.com,0602376410,
CMP5982,Shoprite Winter Promo,shoprite,YFM,KZN,2026-05-02,2026-05-29,102,99,19409.76,shoprite15@example.com,0755810339,Completed
CMP6707,Toyota Winter Promo,Toyota,YFM,WC,2026-02-02,2026-02-12,39,30,195449.75,toyota89@example.com,0807802221,
CMP9046,Money Market Winter Promo,Money Market,947,WC,2026-01-06,2026-01-14,190,195,398931.75,moneymarket70@example.com,0672303834,COMPLETED
CMP5419,Vuma Winter Promo,Vuma,Jacaranda,WC,2026-05-05,2026-05-19,160,148,206282.36,vuma25@example.com,0775359042, active 
CMP6929,Coke Winter Promo,Coke,YFM,WC,2026-02-16,2026-02-26,99,91,144033.4,coke37@example.com,0625542092,Paused
CMP8322,Coke Winter Promo,Coke,947,WC,2026-01-18,2026-02-13,63,49,365450.49,coke87@example.com,0785688731, active 
CMP5913,Toyota Winter Promo,Toyota,Jacaranda,WC,2026-04-15,2026-04-22,173,176,404509.12,toyota35@example.com,0704979807,
CMP3066,Checkers Winter Promo,Checkers,YFM,WC,2026-05-26,2026-06-06,150,142,441896.8,checkers49@example.com,0685937287,Completed
CMP1981,Coke Winter Promo,Coke,YFM,WC,2026-01-05,2026-01-30,169,,417430.52,coke93@example.com,0735376771, active 
CMP3282,Vuma Winter Promo,Vuma,YFM,KZN,2026-02-24,2026-03-12,123,122,39958.98,vuma35@example.com,0816236502,COMPLETED
CMP5280,Money Market Winter Promo,Money Market,YFM,WC,18/03/2026,2026-04-14,199,190,150830.57,moneymarket43@example.com,0811054402,Completed
CMP2338,Checkers Winter Promo,Checkers,YFM,Gauteng,2026-06-02,2026-06-18,85,85,482759.32,checkers25example.com,0788079393,Paused
CMP4578,Money Market Winter Promo,Money Market,Ukhozi FM,EC,2026-01-09,2026-02-02,75,71,410749.95,moneymarket43@example.com,0885918939,Active
CMP7445,Shoprite Winter Promo,Shoprite,947,WC,2026-01-27,2026-02-06,38,,23401.99,shoprite86@example.com,0813661462,Completed
CMP9485,Toyota Winter Promo,Toyota,Kaya FM,Gauteng,2026-06-08,2026-07-05,54,56,34658.91,toyota7@example.com,0616220770,COMPLETED
CMP6429,Coke Winter Promo,Coke,Ukhozi FM,EC,2026-06-04,2026-06-15,190,193,67163.66,coke44@example.com,0837000330,
CMP4162,Vuma Winter Promo,Vuma,Jacaranda,WC,2026-02-16,2026-03-03,168,,316913.65,vuma59@example.com,0876095355, active 
CMP9098,Shoprite Winter Promo,Shoprite,Ukhozi FM,EC,2026-06-08,2026-06-19,179,177,47000.07,shoprite13@example.com,06460614,Paused
CMP1860,Coke Winter Promo,Coke,Ukhozi FM,EC,2026-04-17,2026-05-16,148,136,427108,coke64@example.com,0831557001,Paused
CMP7947, Coke Winter Promo ,Coke,947,KZN,2026-03-03,2026-03-22,42,31,485136.98,coke76@example.com,0655342584,Paused
CMP1456,Coke Winter Promo,Coke,947,WC,2026-02-28,2026-03-17,127,126,444646.65,coke46@example.com,0609666661,Active
CMP3766,Vuma Winter Promo,Vuma,Ukhozi FM,KZN,2026-06-01,2026-06-10,42,31,53503.1,vuma3@example.com,0827014811,
CMP3734,Checkers Winter Promo,Checkers,947,KZN,2026-01-19,2026-01-27,33,37,242934.83,checkers51@example.com,0764871713,Completed
CMP4237, Vuma Winter Promo ,Vuma,Jacaranda,WC,2026-05-22,2026-06-12,136,125,329929.63,vuma94@example.com,0704920169,COMPLETED
CMP7331, Vuma Winter Promo ,Vuma,Jacaranda,WC,2026-04-15,2026-04-29,79,77,83649.5,vuma83@example.com,0727309964,COMPLETED
CMP7714,Vuma Winter Promo,Vuma,Ukhozi FM,EC,2026-05-17,2026-06-03,35,25,399362.23,vuma81example.com,0773570460,Active
CMP9594,Money Market Winter Promo,Money Market,Kaya FM,WC,2026-04-05,2026-05-04,153,139,418045,moneymarket95@example.com,0897293300,
CMP8542,Coke Winter Promo,Coke,Metro FM,EC,2026-06-21,2026-06-26,79,72,,coke38@example.com,0751850348, active 
CMP9591,Vuma Winter Promo,Vuma,YFM,EC,2026-03-17,2026-04-07,94,79,347987.29,vuma15@example.com,0725422400,
CMP7262,Checkers Winter Promo,Checkers,Jacaranda,Gauteng,2026-01-06,2026-01-29,70,,71976.87,checkers2@example.com,08783243,COMPLETED
CMP8951,Shoprite Winter Promo,Shoprite,947,EC,2026-01-24,2026-02-08,147,145,432229.83,shoprite17@example.com,0894236786,Paused
CMP2217,Toyota Winter Promo,Toyota,YFM,WC,2026-04-05,2026-04-19,87,75,440996.11,toyota24@example.com,0762882103,COMPLETED
CMP2468,Coke Winter Promo,Coke,Metro FM,EC,2026-03-30,2026-04-25,83,79,16872.09,coke65@example.com,0831891601,
CMP9139,Shoprite Winter Promo,Shoprite,Metro FM,KZN,2026-03-21,2026-04-16,126,129,363997.53,shoprite32@example.com,07010890,Active
CMP1153,Toyota Winter Promo,Toyota,947,KZN,2026-02-06,2026-02-18,188,181,129220.35,toyota16@example.com,0825959396, active 
CMP6395,Vuma Winter Promo,Vuma,947,Gauteng,2026-03-16,2026-04-10,184,187,334512.49,vuma79@example.com,0671785970,Paused
CMP6676,Checkers Winter Promo,Checkers,947,WC,2026-01-02,2026-01-29,62,50,117422.41,checkers15@example.com,0702005102,Paused
CMP3270,Coke Winter Promo,Coke,947,EC,2026-04-05,2026-04-14,47,43,397873.95,coke14@example.com,0667438032,COMPLETED
CMP4239,Toyota Winter Promo,Toyota,Ukhozi FM,EC,2026-04-28,2026-05-22,77,76,454310.3,toyota61@example.com,0798773190,Active
CMP9801,Money Market Winter Promo,Money Market,Metro FM,Gauteng,2026-06-27,2026-07-04,62,61,66537.26,moneymarket62@example.com,06844661,COMPLETED
CMP8492, Checkers Winter Promo ,Checkers,Jacaranda,Gauteng,2026-04-11,2026-04-18,191,186,357622,checkers64@example.com,08838125,Active
CMP5633,Shoprite Winter Promo,Shoprite,Jacaranda,EC,2026-01-12,2026-01-29,158,146,,shoprite11@example.com,0742039053,COMPLETED
CMP1072,Checkers Winter Promo,Checkers,Jacaranda,EC,06/06/2026,2026-06-30,190,184,,checkers79@example.com,0646240744,Completed
CMP4498,Toyota Winter Promo,Toyota,Ukhozi FM,EC,2026-01-31,2026-02-21,36,41,453315.51,toyota89@example.com,0774772405,Active
CMP8971,Coke Winter Promo,coke,Metro FM,Gauteng,2026-06-03,2026-06-14,183,179,438952.68,coke93@example.com,0695990947,COMPLETED
CMP7188,Coke Winter Promo,Coke,YFM,Gauteng,2026-06-29,2026-07-21,45,,399767.94,coke84@example.com,0882579637,Active
CMP8825, Checkers Winter Promo ,Checkers,Jacaranda,WC,2026-05-09,2026-05-16,144,129,215422.73,checkers50@example.com,07991936,Completed
CMP2416,Shoprite Winter Promo,Shoprite,Metro FM,WC,22/02/2026,2026-03-12,122,108,335493.02,shoprite4example.com,0733633559,Completed
CMP6443,Checkers Winter Promo,Checkers,Kaya FM,Gauteng,2026-06-04,2026-06-16,154,152,63325.36,checkers71@example.com,0696566844,Active
CMP3648,Money Market Winter Promo,Money Market,Kaya FM,KZN,2026-05-11,2026-05-20,180,,373706.9,moneymarket64example.com,0717521341,COMPLETED
CMP7295,Money Market Winter Promo,Money Market,YFM,WC,2026-06-20,2026-07-18,88,73,,moneymarket67@example.com,0791101959,
CMP3874,Checkers Winter Promo,Checkers,Metro FM,Gauteng,2026-05-15,2026-05-21,153,144,279777.92,checkers55@example.com,0668518707,Completed
CMP3917, Money Market Winter Promo ,Money Market,Kaya FM,WC,2026-03-05,2026-03-10,152,138,221365.61,moneymarket31@example.com,0673627552,Active
CMP6637,Vuma Winter Promo,Vuma,Jacaranda,Gauteng,2026-04-12,2026-05-02,119,110,308247.62,vuma51@example.com,0781904101,Active
CMP3423,Coke Winter Promo,Coke,YFM,KZN,2026-05-12,2026-05-21,35,32,382885.8,coke39@example.com,0764738806,Paused
CMP1941,Coke Winter Promo,Coke,947,WC,2026-03-07,2026-03-16,40,36,480443.58,coke17@example.com,0633125354,
CMP5544,Checkers Winter Promo,Checkers,947,KZN,2026-02-02,2026-02-16,171,169,448402.98,checkers68@example.com,0872188748,Active
CMP2698,Toyota Winter Promo,Toyota,Jacaranda,Gauteng,2026-04-21,2026-05-03,197,190,483632.38,toyota25@example.com,0737338852,
CMP9943,Checkers Winter Promo,Checkers,947,Gauteng,2026-02-20,2026-03-08,33,33,68495.57,checkers50@example.com,0767487305,Active
CMP2061,Coke Winter Promo,Coke,YFM,KZN,2026-01-01,2026-01-08,189,175,238764.83,coke91@example.com,0899262459,Active
CMP4858,Toyota Winter Promo,Toyota,947,Gauteng,2026-05-26,2026-06-08,44,46,12948.02,toyota71@example.com,0815028850,Paused
CMP7751,Toyota Winter Promo,Toyota,Ukhozi FM,Gauteng,2026-01-11,2026-01-22,82,80,400007.7,toyota72@example.com,0758729764,COMPLETED
CMP1923,Vuma Winter Promo,Vuma,YFM,Gauteng,2026-02-14,2026-03-09,184,184,176918.5,vuma64@example.com,0628918033,
CMP6658,Money Market Winter Promo,Money Market,Ukhozi FM,KZN,2026-06-10,2026-06-30,80,79,185399.13,moneymarket5@example.com,0759211867,
CMP2327,Vuma Winter Promo,Vuma,Metro FM,KZN,2026-04-30,2026-05-30,147,133,446905.79,vuma34@example.com,0731829577,COMPLETED
CMP6827,Toyota Winter Promo,Toyota,947,KZN,2026-05-12,2026-05-30,183,175,288533.97,toyota66@example.com,0673154781,
CMP6447,Shoprite Winter Promo,Shoprite,YFM,WC,2026-03-25,2026-04-18,115,102,278670.44,shoprite92@example.com,0812925277, active 
CMP4497, Toyota Winter Promo ,Toyota,947,WC,2026-05-03,2026-05-14,177,169,431415.31,toyota15@example.com,0774765496, active 
CMP2674,Checkers Winter Promo,Checkers,YFM,EC,2026-02-03,2026-02-13,56,61,118010.73,checkers73@example.com,0619563186,
CMP5421, Shoprite Winter Promo ,Shoprite,Ukhozi FM,WC,2026-05-03,2026-05-13,113,113,326452.94,shoprite44@example.com,0763601107,Completed
CMP2433,Shoprite Winter Promo,Shoprite,947,EC,2026-03-22,2026-04-09,157,155,,shoprite49@example.com,0855807560,Active
CMP7815,Vuma Winter Promo,Vuma,Ukhozi FM,KZN,2026-05-09,2026-05-14,31,24,374166.96,vuma53@example.com,0831369330,
CMP6444,Toyota Winter Promo,Toyota,947,KZN,2026-06-03,2026-06-29,195,200,202507.59,toyota60@example.com,0871316047,COMPLETED
CMP1230, Shoprite Winter Promo ,Shoprite,YFM,WC,2026-03-07,2026-03-18,173,176,,shoprite51@example.com,0851409007,COMPLETED
CMP7250,Money Market Winter Promo,Money Market,YFM,KZN,2026-06-20,2026-07-16,187,191,125312.05,moneymarket95@example.com,07684011,
CMP6354,Vuma Winter Promo,Vuma,Metro FM,KZN,2026-05-25,2026-06-17,155,150,398485.02,vuma32@example.com,0629448182,Paused
CMP6084,Vuma Winter Promo,Vuma,947,WC,2026-05-18,2026-05-28,155,142,385822.11,vuma3@example.com,06592327,Active
CMP7873,Checkers Winter Promo,Checkers,Kaya FM,KZN,2026-03-18,2026-04-07,140,,78528.26,checkers75@example.com,0824528078, active 
CMP3798,Vuma Winter Promo,vuma,Metro FM,WC,2026-06-27,2026-07-24,88,73,299644.91,vuma58@example.com,0628160345,Active
CMP3320,Vuma Winter Promo,Vuma,Jacaranda,KZN,2026-02-03,2026-03-02,139,124,,vuma35@example.com,08674120,
CMP5958,Toyota Winter Promo,toyota,YFM,KZN,2026-03-28,2026-04-14,28,23,255907.8,toyota58@example.com,0806641865,Active
CMP2248,Toyota Winter Promo,Toyota,Kaya FM,EC,2026-02-06,2026-03-07,78,83,257585.44,toyota57@example.com,0604672505,Active
CMP3870,Checkers Winter Promo,Checkers,Metro FM,WC,2026-02-21,2026-03-12,34,21,345670.69,checkers39@example.com,0686991972,
CMP1285,Shoprite Winter Promo,Shoprite,Metro FM,Gauteng,2026-06-29,2026-07-28,130,123,489561.77,shoprite83@example.com,0886226298,Active
CMP7440,Shoprite Winter Promo,Shoprite,Jacaranda,KZN,2026-03-22,2026-04-03,100,101,326551.18,shoprite77@example.com,0816966613, active 
CMP2862,Toyota Winter Promo,toyota,Ukhozi FM,Gauteng,2026-02-18,2026-02-24,186,,467939.89,toyota7@example.com,0853905892,Active
CMP4927,Money Market Winter Promo,Money Market,YFM,EC,2026-01-20,2026-01-26,35,24,19902.13,moneymarket9@example.com,0796086684,COMPLETED
CMP4768,Shoprite Winter Promo,Shoprite,Metro FM,WC,2026-02-26,2026-03-11,143,131,388555.35,shoprite47@example.com,0763342411,COMPLETED
CMP3936,Checkers Winter Promo,Checkers,Kaya FM,WC,10/05/2026,2026-05-22,35,25,162754,checkers80@example.com,0716983683,COMPLETED
CMP6614, Coke Winter Promo ,Coke,Metro FM,WC,2026-01-11,2026-02-04,86,71,425029.66,coke35@example.com,0874338579,Completed
CMP8538, Shoprite Winter Promo ,Shoprite,YFM,WC,2026-02-12,2026-02-28,175,163,265562.9,shoprite1@example.com,0788845493,COMPLETED
CMP9956,Vuma Winter Promo,Vuma,947,KZN,2026-06-02,2026-06-11,51,45,42346.73,vuma58@example.com,0632386303, active 
CMP4515,Toyota Winter Promo,Toyota,Metro FM,Gauteng,2026-01-11,2026-02-06,95,84,112840.4,toyota56@example.com,07073878,
CMP2135,Vuma Winter Promo,Vuma,Jacaranda,Gauteng,2026-01-06,2026-01-29,64,,458960.92,vuma48@example.com,0653493876,Active
CMP6990,Coke Winter Promo,Coke,Jacaranda,EC,2026-01-17,2026-01-31,132,117,376635.76,coke75@example.com,0664401956, active 
CMP2517,Shoprite Winter Promo,Shoprite,Jacaranda,Gauteng,2026-06-16,2026-07-10,145,150,475427.37,shoprite21@example.com,0745808293,Paused
CMP1802, Toyota Winter Promo ,Toyota,Ukhozi FM,Gauteng,2026-01-02,2026-01-30,22,11,111196.11,toyota84@example.com,0786196462,Paused
CMP5369,Vuma Winter Promo,Vuma,Metro FM,EC,19/06/2026,2026-06-24,180,178,62101.71,vuma56@example.com,0764161133,Completed
CMP4381,Coke Winter Promo,coke,Jacaranda,EC,2026-06-15,2026-07-06,128,131,254925.3,coke79@example.com,0781545520,COMPLETED
CMP8207,Shoprite Winter Promo,Shoprite,Ukhozi FM,WC,2026-03-18,2026-04-10,50,41,137498.66,shoprite37@example.com,0765533415,Completed
CMP5955,Coke Winter Promo,Coke,YFM,KZN,2026-06-23,2026-07-21,31,,407164.32,coke98example.com,0777413046,Active
CMP9351,Checkers Winter Promo,Checkers,947,EC,2026-03-29,2026-04-03,113,102,360397.99,checkers19example.com,0827152717,
CMP5689,Money Market Winter Promo,Money Market,Ukhozi FM,KZN,2026-03-02,2026-03-30,158,,352319.12,moneymarket55example.com,0692334748, active 
CMP6105,Shoprite Winter Promo,Shoprite,Kaya FM,KZN,2026-03-29,2026-04-28,153,,409099.15,shoprite92@example.com,0871892289,COMPLETED
CMP4005,Toyota Winter Promo,Toyota,Metro FM,WC,2026-02-01,2026-02-10,169,159,345182.86,toyota39@example.com,0878260779,
CMP4907, Money Market Winter Promo ,Money Market,Metro FM,Gauteng,2026-06-28,2026-07-08,140,134,17046.44,moneymarket89@example.com,0849277942,Paused
CMP1088,Money Market Winter Promo,Money Market,Ukhozi FM,KZN,02/06/2026,2026-06-29,147,151,29532.28,moneymarket41@example.com,0853174649,Paused
CMP2191,Shoprite Winter Promo,Shoprite,YFM,EC,2026-06-10,2026-07-07,146,150,180416.3,shoprite17@example.com,0799051731,Completed
CMP7103,Vuma Winter Promo,Vuma,Jacaranda,KZN,2026-05-22,2026-06-04,85,79,159869.84,vuma92@example.com,0628262148,COMPLETED
CMP4469,Toyota Winter Promo,Toyota,Metro FM,KZN,2026-01-01,2026-01-20,23,21,465005.81,toyota60@example.com,0691110667,Completed
CMP1448, Money Market Winter Promo ,Money Market,Jacaranda,WC,2026-01-24,2026-02-19,156,150,95968.43,moneymarket25@example.com,0742117673,Completed
CMP8554,Coke Winter Promo,Coke,YFM,Gauteng,2026-06-20,2026-07-12,35,29,126386.06,coke73@example.com,0786420581,Active
CMP9530,Coke Winter Promo,Coke,Jacaranda,Gauteng,2026-06-18,2026-07-07,30,24,127903.91,coke93@example.com,0666660439,Paused
CMP9824,Shoprite Winter Promo,Shoprite,Metro FM,Gauteng,2026-04-28,2026-05-05,80,66,70684.81,shoprite50@example.com,0798686611,COMPLETED
CMP3090,Toyota Winter Promo,Toyota,Kaya FM,WC,2026-03-15,2026-03-20,95,86,201059.61,toyota88@example.com,0789447772,COMPLETED
CMP1492,Coke Winter Promo,coke,947,EC,2026-06-16,2026-07-15,76,73,384788.28,coke45example.com,0746984873,
CMP7155,Shoprite Winter Promo,Shoprite,Metro FM,EC,2026-03-20,2026-04-07,66,66,246126.81,shoprite3example.com,0657757060,
CMP8042,Toyota Winter Promo,Toyota,947,KZN,2026-03-27,2026-04-13,109,94,220889.83,toyota77@example.com,0707904282,COMPLETED
CMP3571,Vuma Winter Promo,Vuma,Jacaranda,EC,2026-01-02,2026-01-28,106,95,342173.22,vuma27@example.com,0611074779,Completed
CMP5940,Vuma Winter Promo,Vuma,Jacaranda,KZN,2026-03-12,2026-03-19,33,30,323439.91,vuma4@example.com,07449051, active 
CMP6185,Money Market Winter Promo,Money Market,Kaya FM,Gauteng,2026-02-13,2026-02-22,159,153,313823.83,moneymarket90@example.com,0838314128,Completed
CMP6352,Coke Winter Promo,Coke,Jacaranda,KZN,10/05/2026,2026-05-17,62,48,60576.67,coke26@example.com,0759438360,COMPLETED
CMP8630,Vuma Winter Promo,Vuma,Ukhozi FM,KZN,2026-03-15,2026-03-28,170,168,150042.62,vuma66@example.com,0712944337,COMPLETED
CMP1397,Checkers Winter Promo,Checkers,Jacaranda,Gauteng,2026-03-20,2026-04-12,192,,456746.81,checkers49@example.com,08454498,
CMP3565,Coke Winter Promo,Coke,Metro FM,EC,2026-03-27,2026-04-21,165,,99392.58,coke34@example.com,0676110911,Completed
CMP1989,Toyota Winter Promo,Toyota,Ukhozi FM,Gauteng,2026-01-26,2026-02-07,133,130,,toyota68@example.com,07075206,Active
CMP7674,Vuma Winter Promo,Vuma,Kaya FM,EC,2026-03-04,2026-03-14,170,168,481992.46,vuma43@example.com,0865282486,Paused
CMP8959, Checkers Winter Promo ,Checkers,947,EC,2026-01-02,2026-01-11,149,134,251094.43,checkers22@example.com,0839028612,
CMP4402,Vuma Winter Promo,Vuma,Metro FM,KZN,18/03/2026,2026-04-15,73,64,232138.97,vuma14@example.com,08785172,
CMP3591,Money Market Winter Promo,Money Market,Kaya FM,KZN,2026-04-19,2026-05-08,167,171,113792.9,moneymarket2@example.com,0645630383, active 
CMP9792,Vuma Winter Promo,Vuma,947,WC,2026-04-15,2026-04-28,136,128,225369.52,vuma39@example.com,0845950444, active 
CMP9003,Coke Winter Promo,Coke,Kaya FM,KZN,2026-03-18,2026-03-30,158,144,237990.83,coke36@example.com,0729767379,Active
CMP6904,Money Market Winter Promo,Money Market,YFM,KZN,2026-04-26,2026-05-19,61,50,,moneymarket72@example.com,0859812555, active 
CMP9265,Checkers Winter Promo,Checkers,Kaya FM,KZN,2026-05-05,2026-05-26,165,165,186323.78,checkers34@example.com,0857933435, active 
CMP9582,Toyota Winter Promo,Toyota,947,KZN,2026-03-14,2026-04-04,68,58,431936.47,toyota45@example.com,0828584456, active 
CMP1748,Vuma Winter Promo,Vuma,Kaya FM,EC,2026-01-04,2026-01-24,121,121,381258.12,vuma47@example.com,0693308632,COMPLETED
CMP6403,Money Market Winter Promo,Money Market,Ukhozi FM,Gauteng,2026-02-12,2026-02-17,61,66,112275.58,moneymarket98@example.com,07065510, active 
CMP4006,Money Market Winter Promo,Money Market,YFM,WC,2026-04-04,2026-04-09,32,27,460931.03,moneymarket24@example.com,0638720168, active 
CMP6468,Checkers Winter Promo,Checkers,Kaya FM,KZN,2026-01-02,2026-01-16,154,146,164943.76,checkers80@example.com,0609795680, active 
CMP7110,Coke Winter Promo,Coke,Jacaranda,EC,21/02/2026,2026-03-04,61,52,228126.41,coke68@example.com,0772660649,Paused
CMP5127,Shoprite Winter Promo,Shoprite,Kaya FM,EC,2026-05-20,2026-06-19,192,187,108935.21,shoprite64@example.com,08099211,
CMP2868, Coke Winter Promo ,Coke,Kaya FM,KZN,2026-06-06,2026-06-28,63,48,204929.05,coke43@example.com,0649959586,Active
CMP1432,Checkers Winter Promo,Checkers,947,Gauteng,2026-05-03,2026-05-27,108,110,242797.27,checkers9@example.com,0694992909,Paused
CMP2874,Toyota Winter Promo,Toyota,YFM,WC,2026-04-28,2026-05-07,115,111,208010,toyota45@example.com,0774284797, active 
CMP5816,Checkers Winter Promo,Checkers,YFM,Gauteng,2026-04-06,2026-04-20,24,17,441303.04,checkers54example.com,0762939755, active 
CMP2033,Shoprite Winter Promo,Shoprite,947,KZN,2026-02-04,2026-02-11,198,193,222922.1,shoprite99@example.com,0822203303,Active
CMP5570,Checkers Winter Promo,Checkers,YFM,EC,2026-05-28,2026-06-16,68,73,212642.73,checkers56@example.com,0628888911,Completed
CMP3816,Shoprite Winter Promo,Shoprite,Jacaranda,EC,2026-05-10,2026-06-09,138,124,196553.81,shoprite22@example.com,0805115452,Active
CMP4822,Vuma Winter Promo,Vuma,Kaya FM,Gauteng,2026-06-25,2026-07-13,153,151,493176.85,vuma69@example.com,0635118569,
CMP8500,Vuma Winter Promo,Vuma,Metro FM,KZN,2026-04-28,2026-05-17,71,73,294756.86,vuma65@example.com,0666576049,
CMP6094,Coke Winter Promo,coke,YFM,Gauteng,2026-04-24,2026-04-30,72,58,486413.16,coke96@example.com,0854952594,Active
CMP7007,Coke Winter Promo,Coke,Ukhozi FM,Gauteng,2026-02-11,2026-02-26,77,68,256162,coke7@example.com,0816856308,
CMP7223,Money Market Winter Promo,Money Market,Kaya FM,KZN,2026-03-19,2026-04-02,152,148,446539.9,moneymarket65@example.com,0627983420, active 
CMP1520,Money Market Winter Promo,Money Market,Kaya FM,EC,2026-04-18,2026-05-01,80,80,368258.71,moneymarket87@example.com,0768212460, active 
CMP4617,Toyota Winter Promo,Toyota,Ukhozi FM,WC,2026-01-24,2026-01-29,112,107,210429.58,toyota31example.com,0737004036,Paused
CMP6804,Checkers Winter Promo,Checkers,Metro FM,KZN,2026-02-02,2026-02-13,36,37,433959.46,checkers77@example.com,0648963054, active 
CMP5086,Checkers Winter Promo,Checkers,Metro FM,Gauteng,2026-05-07,2026-05-12,134,132,280485.24,checkers22@example.com,0698390069,
CMP8276,Money Market Winter Promo,Money Market,Metro FM,EC,2026-04-14,2026-05-04,141,141,,moneymarket18@example.com,0882259122,Active
CMP4585,Shoprite Winter Promo,Shoprite,Kaya FM,EC,2026-01-06,2026-02-05,42,37,439684.35,shoprite26@example.com,0813763725,Paused
CMP6991,Vuma Winter Promo,Vuma,947,EC,2026-04-07,2026-04-16,178,165,310174.23,vuma50@example.com,0861995461, active 
CMP8377,Coke Winter Promo,Coke,Kaya FM,EC,2026-03-08,2026-03-25,145,135,273847.27,coke97@example.com,0897649125,Completed
CMP9373,Money Market Winter Promo,Money Market,YFM,WC,2026-03-30,2026-04-24,106,108,410532.62,moneymarket68@example.com,0639512289,COMPLETED
CMP6160,Money Market Winter Promo,Money Market,Kaya FM,KZN,2026-06-08,2026-06-30,76,63,71539.03,moneymarket21@example.com,08386943,Active
CMP6359,Shoprite Winter Promo,Shoprite,Ukhozi FM,Gauteng,2026-04-23,2026-05-05,163,150,487629.35,shoprite51@example.com,0801626964,COMPLETED
CMP8336,Coke Winter Promo,Coke,Ukhozi FM,Gauteng,2026-01-10,2026-02-09,121,122,298675.4,coke32@example.com,0624830056,COMPLETED
CMP7400,Coke Winter Promo,Coke,YFM,KZN,22/06/2026,2026-07-22,68,66,318865.89,coke17@example.com,0711071913,
CMP1083,Checkers Winter Promo,Checkers,Jacaranda,EC,2026-03-06,2026-03-28,89,84,199116.31,checkers12@example.com,0737497866,COMPLETED
CMP4600,Shoprite Winter Promo,Shoprite,Jacaranda,EC,2026-01-20,2026-02-01,113,101,168883.89,shoprite6@example.com,0771341265,COMPLETED
CMP7155,Vuma Winter Promo,Vuma,Ukhozi FM,WC,2026-04-01,2026-04-19,109,97,31473.4,vuma46@example.com,0842377234,Completed
CMP9895,Checkers Winter Promo,Checkers,Kaya FM,KZN,2026-02-23,2026-03-25,85,80,353157.74,checkers77@example.com,0707089257,Active
CMP6913,Toyota Winter Promo,Toyota,Jacaranda,EC,2026-05-03,2026-05-22,132,128,20921.73,toyota68@example.com,0797292528, active 
CMP7236,Shoprite Winter Promo,Shoprite,Jacaranda,KZN,2026-04-13,2026-04-28,145,132,86954.94,shoprite15@example.com,0788416424,Completed
CMP4855,Toyota Winter Promo,Toyota,Kaya FM,EC,2026-01-02,2026-01-27,75,73,459100.52,toyota75@example.com,0665183476,Completed
CMP4239,Toyota Winter Promo,Toyota,Jacaranda,EC,2026-01-24,2026-01-30,58,48,239257.38,toyota50@example.com,0821817735,Completed
CMP8850, Vuma Winter Promo ,Vuma,YFM,WC,2026-02-06,2026-03-08,98,96,366872.07,vuma64@example.com,0642423791, active 
CMP2514,Vuma Winter Promo,Vuma,Metro FM,Gauteng,2026-04-27,2026-05-17,126,112,104712.93,vuma64@example.com,0845484528,Active
CMP5800, Vuma Winter Promo ,Vuma,Metro FM,Gauteng,2026-04-21,2026-05-17,176,164,153948.42,vuma12@example.com,0747866634, active 
CMP2532,Money Market Winter Promo,Money Market,Kaya FM,Gauteng,2026-01-15,2026-02-05,122,119,497604.48,moneymarket51@example.com,0631415046,
CMP1516,Money Market Winter Promo,Money Market,Kaya FM,EC,2026-05-28,2026-06-19,20,25,447653,moneymarket83@example.com,0623590545,Completed
CMP4688,Vuma Winter Promo,Vuma,YFM,WC,2026-04-21,2026-05-02,127,,256074.97,vuma20@example.com,0853963581,Paused
CMP3355,Vuma Winter Promo,Vuma,Kaya FM,Gauteng,2026-02-01,2026-02-23,106,107,234571.87,vuma68@example.com,0758961218,
CMP1389,Toyota Winter Promo,Toyota,YFM,KZN,2026-03-10,2026-03-29,95,81,114403.06,toyota24@example.com,0712505827,Paused
CMP2762,Toyota Winter Promo,Toyota,Metro FM,WC,2026-01-21,2026-01-26,177,182,292208.32,toyota96@example.com,0714030587, active 
CMP8016,Checkers Winter Promo,Checkers,Ukhozi FM,WC,2026-02-12,2026-03-04,105,90,205098.93,checkers29@example.com,0661759959,COMPLETED
CMP8457,Shoprite Winter Promo,Shoprite,Metro FM,WC,2026-06-26,2026-07-16,54,46,216433.66,shoprite17@example.com,0743678965,Paused
CMP7241,Checkers Winter Promo,checkers,Ukhozi FM,EC,2026-01-13,2026-02-12,78,78,486105.84,checkers5@example.com,0823588727, active 
CMP5300, Shoprite Winter Promo ,Shoprite,YFM,EC,2026-06-02,2026-07-01,138,132,484783.53,shoprite5@example.com,0784685347,
CMP2385,Money Market Winter Promo,Money Market,YFM,EC,2026-01-04,2026-01-22,94,80,461375.35,moneymarket17@example.com,0884166364,Completed
CMP3083,Toyota Winter Promo,Toyota,YFM,WC,2026-01-04,2026-02-03,61,48,460173.1,toyota9@example.com,0625641296,Active
CMP4841,Toyota Winter Promo,Toyota,Kaya FM,Gauteng,2026-06-03,2026-06-28,98,92,241193.99,toyota80@example.com,07763795,Active
CMP1477, Money Market Winter Promo ,Money Market,Kaya FM,WC,2026-05-02,2026-05-28,83,82,,moneymarket41@example.com,0833785539,Paused
CMP1361,Checkers Winter Promo,Checkers,Ukhozi FM,WC,2026-02-19,2026-03-19,158,154,29619.97,checkers39@example.com,0884920701,Completed
CMP6596,Money Market Winter Promo,Money Market,Ukhozi FM,WC,2026-03-17,2026-03-27,33,23,129133.34,moneymarket57@example.com,0868596348, active 
CMP6244,Money Market Winter Promo,Money Market,947,EC,2026-03-04,2026-03-26,140,,478362.08,moneymarket23@example.com,0892988370,COMPLETED
CMP5874,Vuma Winter Promo,Vuma,Kaya FM,EC,2026-06-15,2026-07-07,58,63,147258.06,vuma82@example.com,0716060688,Paused
CMP6076,Coke Winter Promo,Coke,Metro FM,EC,2026-04-04,2026-04-21,80,65,,coke72@example.com,08126422, active 
CMP2720,Checkers Winter Promo,checkers,Kaya FM,WC,2026-06-19,2026-06-29,161,164,417656.72,checkers66@example.com,0834450920,COMPLETED
CMP9664,Checkers Winter Promo,Checkers,Kaya FM,EC,2026-02-25,2026-03-05,62,53,447616.37,checkers37@example.com,0896460786, active 
CMP9956,Vuma Winter Promo,Vuma,Ukhozi FM,Gauteng,2026-05-23,2026-06-16,186,189,420824.32,vuma4@example.com,07582272,Completed
CMP8602,Shoprite Winter Promo,Shoprite,Kaya FM,Gauteng,2026-05-02,2026-05-19,33,33,432844.74,shoprite52example.com,0653108559,Completed
CMP6595,Toyota Winter Promo,Toyota,947,Gauteng,2026-03-06,2026-04-05,28,32,374137.15,toyota79@example.com,0618690751,Active
CMP5803,Vuma Winter Promo,Vuma,Metro FM,EC,11/01/2026,2026-01-18,121,123,242127.38,vuma94@example.com,0702798974,Completed
CMP6040,Shoprite Winter Promo,Shoprite,Kaya FM,WC,2026-03-22,2026-04-14,146,147,319745.99,shoprite60@example.com,0655786475,Completed
CMP5392,Money Market Winter Promo,Money Market,Ukhozi FM,WC,2026-04-20,2026-05-06,27,19,310588.99,moneymarket46@example.com,0744524616,Active
CMP2687, Checkers Winter Promo ,Checkers,Metro FM,KZN,2026-04-17,2026-05-17,101,103,169108.55,checkers3@example.com,0738920566,Active
CMP6679,Money Market Winter Promo,Money Market,YFM,Gauteng,09/04/2026,2026-04-26,107,96,192264.39,moneymarket47@example.com,0762008510,
CMP2094,Checkers Winter Promo,Checkers,Jacaranda,Gauteng,2026-06-11,2026-06-16,113,108,298478.85,checkers57@example.com,0676706935,Paused
CMP5395,Checkers Winter Promo,Checkers,Jacaranda,WC,2026-01-03,2026-01-20,66,,276313.91,checkers72example.com,0758115176, active 
CMP8473,Toyota Winter Promo,Toyota,Ukhozi FM,EC,2026-03-19,2026-04-07,86,76,202111.86,toyota94@example.com,0821100225,Completed
CMP5628, Checkers Winter Promo ,Checkers,Ukhozi FM,KZN,2026-01-03,2026-02-01,178,182,314506.96,checkers66@example.com,0702310943,Active
CMP4259,Money Market Winter Promo,Money Market,Metro FM,WC,2026-06-01,2026-06-17,50,55,233157.96,moneymarket37@example.com,08524312,COMPLETED
CMP9135,Coke Winter Promo,Coke,947,KZN,2026-01-08,2026-01-17,94,86,117286.58,coke47@example.com,0893669289, active 
CMP8481,Checkers Winter Promo,Checkers,Ukhozi FM,EC,2026-04-05,2026-04-13,107,105,73866.61,checkers56@example.com,0876415800,Active
CMP7170,Coke Winter Promo,Coke,Metro FM,KZN,2026-01-04,2026-01-10,113,,401941.36,coke44@example.com,0661370877,Active
CMP5800,Coke Winter Promo,Coke,YFM,KZN,2026-02-15,2026-02-27,111,104,175053.76,coke80@example.com,0849276584, active 
CMP3522,Vuma Winter Promo,Vuma,YFM,Gauteng,2026-02-02,2026-02-09,168,163,187720.01,vuma12@example.com,0738074454,Active
CMP5160,Toyota Winter Promo,Toyota,Ukhozi FM,Gauteng,2026-02-02,2026-02-19,40,29,152794.77,toyota81@example.com,0837172451,
CMP9457,Shoprite Winter Promo,Shoprite,Kaya FM,KZN,2026-02-02,2026-03-03,44,44,404844.46,shoprite95@example.com,0751887658, active 
CMP7298,Checkers Winter Promo,Checkers,Metro FM,WC,2026-03-09,2026-04-04,50,52,102735.57,checkers17@example.com,0792326985,COMPLETED
CMP9986,Toyota Winter Promo,Toyota,YFM,WC,2026-03-02,2026-03-09,23,9,215220.92,toyota31@example.com,0861667879,
CMP3639,Checkers Winter Promo,Checkers,Ukhozi FM,WC,2026-05-26,2026-06-22,72,70,217394.46,checkers50example.com,0883112926,
CMP2231,Shoprite Winter Promo,Shoprite,Jacaranda,WC,2026-01-29,2026-02-21,115,105,249682.67,shoprite56@example.com,0772179612,Active
CMP9964,Toyota Winter Promo,Toyota,Kaya FM,WC,2026-03-02,2026-03-28,92,90,59536.69,toyota53@example.com,07879356,COMPLETED
CMP9744,Toyota Winter Promo,toyota,Kaya FM,Gauteng,2026-01-08,2026-01-20,124,129,261806.41,toyota41@example.com,0847919392,COMPLETED
CMP2474,Toyota Winter Promo,Toyota,Metro FM,KZN,2026-02-02,2026-02-22,26,25,211758.74,toyota85@example.com,0639953211,Completed
CMP9459,Money Market Winter Promo,Money Market,Ukhozi FM,WC,2026-04-10,2026-05-05,154,153,146859.33,moneymarket54example.com,0647172592,Completed
CMP8902,Money Market Winter Promo,Money Market,Kaya FM,WC,2026-03-14,2026-04-09,175,173,58637.17,moneymarket40@example.com,0674832753,Active
CMP3611,Coke Winter Promo,Coke,Jacaranda,EC,2026-04-18,2026-05-09,113,107,474108.72,coke65@example.com,0784109521,Paused
CMP6428,Coke Winter Promo,Coke,YFM,KZN,2026-06-04,2026-06-12,110,100,335475.39,coke42@example.com,0623910724,COMPLETED
CMP4885,Shoprite Winter Promo,Shoprite,Ukhozi FM,KZN,2026-05-24,2026-05-30,195,181,343925.76,shoprite3@example.com,0833801381,COMPLETED
CMP8269,Toyota Winter Promo,Toyota,Metro FM,KZN,2026-06-25,2026-07-03,26,30,185603.57,toyota71@example.com,0757587547, active 
CMP8884, Vuma Winter Promo ,Vuma,Metro FM,KZN,2026-05-02,2026-05-25,91,79,417898.26,vuma44@example.com,0726332947,Completed
CMP9081,Coke Winter Promo,Coke,Ukhozi FM,WC,2026-05-13,2026-06-06,60,54,73015.4,coke36@example.com,0868721496,Active
CMP2982,Money Market Winter Promo,Money Market,YFM,EC,2026-05-16,2026-06-02,161,166,64201.65,moneymarket81@example.com,0638574666,Completed
CMP1903,Coke Winter Promo,Coke,YFM,WC,2026-01-02,2026-01-18,128,132,140478.42,coke4@example.com,0793452818,Paused
CMP7355,Checkers Winter Promo,Checkers,Ukhozi FM,EC,2026-06-08,2026-07-05,70,69,300527.57,checkers97example.com,0655448932, active 
CMP7787,Vuma Winter Promo,Vuma,Ukhozi FM,WC,2026-02-06,2026-02-19,127,117,,vuma31@example.com,0741568958, active 
CMP3273,Vuma Winter Promo,Vuma,Kaya FM,WC,2026-06-02,2026-06-12,51,56,93622.38,vuma78@example.com,0797774220,Completed
CMP4537,Coke Winter Promo,Coke,Ukhozi FM,Gauteng,2026-04-11,2026-04-21,159,156,57224.93,coke2@example.com,0829149982,Completed
CMP6288,Checkers Winter Promo,Checkers,947,KZN,2026-02-08,2026-02-26,33,32,82798.44,checkers49@example.com,0818468309,COMPLETED
CMP3243, Vuma Winter Promo ,Vuma,Jacaranda,WC,2026-06-29,2026-07-22,72,72,80261.37,vuma86@example.com,0898892367, active 
CMP8020, Shoprite Winter Promo ,Shoprite,Ukhozi FM,Gauteng,2026-05-10,2026-05-21,150,153,115925.76,shoprite90@example.com,07139307,Paused
CMP7662,Shoprite Winter Promo,Shoprite,Metro FM,WC,2026-04-28,2026-05-24,121,122,381325.85,shoprite80@example.com,0692013465,Active
CMP8941,Coke Winter Promo,Coke,Metro FM,EC,2026-03-21,2026-04-14,40,31,278383.57,coke31@example.com,0761113983,COMPLETED
CMP9663,Coke Winter Promo,Coke,Metro FM,KZN,2026-05-15,2026-05-29,24,20,62639.1,coke45@example.com,0777214837, active 
CMP4706,Shoprite Winter Promo,Shoprite,Jacaranda,KZN,2026-06-14,2026-07-11,127,119,40350.82,shoprite59@example.com,0718204646,
CMP9173,Vuma Winter Promo,Vuma,Metro FM,KZN,2026-01-06,2026-02-02,112,105,493454.79,vuma62@example.com,08061542,Paused
CMP4560,Checkers Winter Promo,Checkers,YFM,WC,2026-01-18,2026-01-27,183,174,498879.61,checkers60@example.com,0715523428,Active
CMP1991,Money Market Winter Promo,Money Market,Jacaranda,Gauteng,2026-04-18,2026-05-14,195,193,192715.13,moneymarket33@example.com,0688668682,
CMP2198,Money Market Winter Promo,Money Market,947,WC,2026-06-20,2026-07-12,88,76,489939.36,moneymarket8@example.com,0812260769,Paused
CMP7279,Coke Winter Promo,Coke,Kaya FM,KZN,2026-02-16,2026-03-01,125,111,159915.56,coke66@example.com,08497886,Paused
CMP7528,Vuma Winter Promo,Vuma,Kaya FM,WC,2026-06-17,2026-07-04,130,122,331578.09,vuma54@example.com,0839650336,Completed
CMP4504,Toyota Winter Promo,Toyota,947,WC,2026-06-04,2026-06-27,100,101,174816.73,toyota83@example.com,0601763722,Paused
CMP5139,Vuma Winter Promo,vuma,Kaya FM,KZN,2026-05-30,2026-06-14,126,118,403190.38,vuma28@example.com,0772863704,Completed
CMP8977,Coke Winter Promo,Coke,Ukhozi FM,WC,2026-03-11,2026-04-05,62,66,144281.4,coke4@example.com,0654175966,Active
CMP1994, Money Market Winter Promo ,money market,Jacaranda,WC,2026-05-06,2026-06-03,73,59,113296.62,moneymarket43@example.com,08244272,COMPLETED
CMP5942,Money Market Winter Promo,Money Market,Jacaranda,Gauteng,2026-01-13,2026-01-31,192,194,25414.66,moneymarket32@example.com,0757735517,Completed
CMP9517,Vuma Winter Promo,Vuma,Jacaranda,Gauteng,2026-04-30,2026-05-08,67,58,277732.62,vuma84@example.com,0635549225,
CMP5707,Money Market Winter Promo,Money Market,Ukhozi FM,WC,2026-05-08,2026-06-04,130,133,362146.95,moneymarket72@example.com,0858008952,Paused
CMP5005,Shoprite Winter Promo,Shoprite,Metro FM,KZN,2026-02-16,2026-02-22,109,101,,shoprite19@example.com,0891655679,
CMP8852,Vuma Winter Promo,Vuma,947,EC,2026-02-22,2026-03-09,29,27,141008.23,vuma34@example.com,0652520961,COMPLETED
CMP5030,Vuma Winter Promo,Vuma,Kaya FM,Gauteng,2026-01-10,2026-01-16,158,155,,vuma87@example.com,0746357495, active 
CMP5462,Coke Winter Promo,Coke,Ukhozi FM,KZN,2026-04-22,2026-04-30,153,148,297695.64,coke42@example.com,0788698898, active 
CMP1531,Coke Winter Promo,Coke,Jacaranda,KZN,2026-04-17,2026-05-16,107,111,482135.58,coke92@example.com,0621689413,Active
CMP1157,Toyota Winter Promo,Toyota,Metro FM,KZN,2026-06-21,2026-07-06,139,126,292951.4,toyota14@example.com,0821161866,Completed
CMP9674,Shoprite Winter Promo,Shoprite,Kaya FM,KZN,2026-06-24,2026-07-16,33,18,22000.02,shoprite84@example.com,0636904537,COMPLETED
CMP6935,Toyota Winter Promo,Toyota,Kaya FM,EC,2026-04-10,2026-05-10,176,164,150402.81,toyota62@example.com,0865157969,Completed
CMP7191,Shoprite Winter Promo,Shoprite,Jacaranda,WC,2026-04-13,2026-05-02,87,73,375214.23,shoprite25@example.com,0638628041,Completed
CMP8979,Toyota Winter Promo,Toyota,YFM,WC,2026-01-06,2026-02-01,46,41,215489.95,toyota54@example.com,0892929594,Completed
CMP4213,Vuma Winter Promo,Vuma,Ukhozi FM,WC,2026-01-16,2026-01-28,119,109,119750.34,vuma11@example.com,0714059586, active 
CMP7386,Coke Winter Promo,Coke,Ukhozi FM,EC,2026-03-04,2026-03-11,50,49,191479.75,coke57@example.com,08021153,Paused
CMP7107,Toyota Winter Promo,Toyota,947,EC,2026-06-07,2026-06-17,89,86,247220.7,toyota6@example.com,0601217005,Paused
CMP7105,Checkers Winter Promo,Checkers,Metro FM,Gauteng,2026-05-23,2026-06-05,186,173,253814.19,checkers52@example.com,0806441355,Active
CMP5358,Coke Winter Promo,Coke,947,EC,2026-05-20,2026-06-16,90,79,403060.14,coke33@example.com,0706682210,Active
CMP7182,Money Market Winter Promo,Money Market,Ukhozi FM,Gauteng,2026-01-08,2026-01-18,130,124,370213.83,moneymarket42example.com,0795685643, active 
CMP6851,Shoprite Winter Promo,Shoprite,Metro FM,WC,26/04/2026,2026-05-18,145,150,290087.54,shoprite58@example.com,0649636152,
CMP2416,Checkers Winter Promo,Checkers,Metro FM,KZN,2026-06-10,2026-07-07,73,62,273849.07,checkers13@example.com,0604507734,Paused
CMP7327,Checkers Winter Promo,Checkers,Ukhozi FM,KZN,29/05/2026,2026-06-19,128,119,323551.3,checkers99@example.com,0685234686,Paused
CMP3044,Money Market Winter Promo,Money Market,Metro FM,WC,20/05/2026,2026-06-06,125,118,,moneymarket47@example.com,0874467043,Active
CMP5802,Toyota Winter Promo,Toyota,Jacaranda,EC,2026-05-26,2026-06-16,99,97,425436.2,toyota72@example.com,0681104955,Completed
CMP3657, Shoprite Winter Promo ,Shoprite,Jacaranda,EC,2026-02-13,2026-03-03,103,97,12481.53,shoprite48@example.com,0829701717, active 
CMP6800,Vuma Winter Promo,Vuma,947,EC,2026-01-08,2026-01-15,168,153,197084.34,vuma93@example.com,0736440449,COMPLETED
CMP8347, Checkers Winter Promo ,Checkers,Kaya FM,KZN,2026-05-19,2026-06-01,40,30,110442.67,checkers21@example.com,0808842467, active 
CMP1633,Shoprite Winter Promo,Shoprite,947,WC,2026-06-02,2026-06-26,152,140,49902.46,shoprite2@example.com,0761606818,Paused
CMP4131,Checkers Winter Promo,Checkers,Metro FM,EC,2026-05-23,2026-06-21,128,120,138024.83,checkers7@example.com,0705540581,Active
CMP6980,Money Market Winter Promo,Money Market,YFM,KZN,2026-04-10,2026-04-18,51,53,40174.8,moneymarket86@example.com,0723606232, active 
CMP5669,Checkers Winter Promo,Checkers,Metro FM,EC,2026-06-18,2026-07-14,194,,484593.22,checkers53@example.com,0864891919, active 
CMP9013,Money Market Winter Promo,Money Market,947,KZN,2026-05-30,2026-06-17,181,175,239419.74,moneymarket89@example.com,0621764682,
CMP8188,Shoprite Winter Promo,Shoprite,Kaya FM,Gauteng,2026-03-15,2026-04-13,93,98,286130.96,shoprite77@example.com,0798712017,
CMP1508,Toyota Winter Promo,Toyota,Metro FM,EC,2026-01-31,2026-02-14,144,138,265354.88,toyota84@example.com,0839780757,Active
CMP6956,Checkers Winter Promo,Checkers,Kaya FM,Gauteng,2026-02-03,2026-02-28,125,127,470442.03,checkers76@example.com,0863524393, active 
CMP5997,Checkers Winter Promo,Checkers,Ukhozi FM,KZN,2026-05-28,2026-06-24,147,139,58221.9,checkers15@example.com,0669327908,Paused
CMP5003,Vuma Winter Promo,Vuma,Metro FM,Gauteng,2026-01-04,2026-01-14,30,,,vuma52@example.com,0764275905,
CMP6357,Shoprite Winter Promo,Shoprite,Metro FM,Gauteng,2026-03-21,2026-04-20,183,184,354514.98,shoprite82@example.com,0616368085,Paused
CMP7892,Money Market Winter Promo,Money Market,947,EC,2026-02-24,2026-03-15,177,171,279471.5,moneymarket89@example.com,0811312334,Active
CMP3315,Money Market Winter Promo,Money Market,Jacaranda,Gauteng,2026-05-19,2026-06-08,111,97,403609.17,moneymarket71@example.com,0731615032, active 
CMP8302, Shoprite Winter Promo ,Shoprite,Metro FM,WC,2026-05-27,2026-06-02,50,41,174708.35,shoprite63@example.com,06959420,Active
CMP8371,Vuma Winter Promo,Vuma,947,Gauteng,2026-01-13,2026-01-28,148,135,124208.04,vuma39@example.com,0746678085,Active
CMP7868, Money Market Winter Promo ,Money Market,Metro FM,EC,2026-02-28,2026-03-30,183,177,89136.93,moneymarket73@example.com,0834986424,Completed
CMP9190,Money Market Winter Promo,Money Market,Jacaranda,Gauteng,2026-05-31,2026-06-22,47,51,260545.77,moneymarket72@example.com,0785816301,
CMP5828,Shoprite Winter Promo,Shoprite,Metro FM,WC,15/05/2026,2026-05-25,196,195,133781.13,shoprite85@example.com,0853020650, active 
CMP5377,Toyota Winter Promo,Toyota,947,Gauteng,2026-04-18,2026-04-27,79,79,313559.41,toyota67@example.com,0674898096,COMPLETED
CMP3866, Checkers Winter Promo ,Checkers,Kaya FM,EC,2026-04-27,2026-05-07,97,89,400790.51,checkers71@example.com,0775151481,Paused
CMP4861,Toyota Winter Promo,Toyota,Ukhozi FM,WC,2026-03-29,2026-04-04,59,58,273054.82,toyota26@example.com,0722901825, active 
CMP6478,Coke Winter Promo,Coke,Kaya FM,EC,2026-06-28,2026-07-14,121,113,443671,coke55@example.com,0614124105,
CMP4128,Shoprite Winter Promo,Shoprite,Metro FM,Gauteng,2026-06-26,2026-07-08,24,20,143159.77,shoprite90@example.com,0897709240,COMPLETED
CMP1619,Shoprite Winter Promo,Shoprite,947,Gauteng,2026-05-18,2026-06-06,34,24,168320.43,shoprite83@example.com,0828558443,Paused
CMP2764,Toyota Winter Promo,Toyota,947,Gauteng,17/02/2026,2026-03-16,98,88,183504.46,toyota42@example.com,0866385967,Completed
CMP6156,Coke Winter Promo,Coke,YFM,Gauteng,2026-05-31,2026-06-13,62,51,416733.93,coke8@example.com,0657072360, active 
CMP3119,Toyota Winter Promo,Toyota,Ukhozi FM,WC,2026-05-15,2026-06-01,149,136,400121.26,toyota23@example.com,0777240796,Paused
CMP2460,Vuma Winter Promo,Vuma,Metro FM,Gauteng,2026-02-14,2026-03-04,82,72,461393.79,vuma16@example.com,0865081070,Completed
CMP7967,Shoprite Winter Promo,Shoprite,Kaya FM,KZN,2026-03-06,2026-03-17,56,48,273857.48,shoprite65@example.com,0701122318,
CMP4319, Toyota Winter Promo ,Toyota,Kaya FM,WC,2026-02-13,2026-02-21,137,141,121890.2,toyota53example.com,0663581037,Paused
CMP4888,Money Market Winter Promo,Money Market,947,KZN,2026-04-16,2026-04-25,36,27,430669.07,moneymarket85@example.com,0651175164, active 
CMP9507,Toyota Winter Promo,Toyota,Kaya FM,EC,2026-03-04,2026-03-10,183,187,429318.52,toyota53@example.com,0613444447,Paused
CMP2242,Checkers Winter Promo,Checkers,947,KZN,2026-03-13,2026-03-22,93,95,317808.03,checkers69example.com,0747749439,Paused
CMP5385,Checkers Winter Promo,Checkers,Ukhozi FM,Gauteng,2026-02-14,2026-03-12,85,86,220784.14,checkers45example.com,0785356859,Paused
CMP1614,Shoprite Winter Promo,Shoprite,YFM,Gauteng,2026-03-14,2026-03-19,184,187,232434.12,shoprite82@example.com,0843725881, active 
CMP3308,Money Market Winter Promo,Money Market,YFM,Gauteng,01/04/2026,2026-04-19,131,,27584.8,moneymarket6@example.com,0725849676, active 
CMP7469,Vuma Winter Promo,Vuma,947,Gauteng,2026-01-17,2026-02-09,36,36,71128.52,vuma32@example.com,0794346760,Active
CMP6719,Vuma Winter Promo,Vuma,YFM,EC,2026-05-31,2026-06-21,34,20,224920.77,vuma7@example.com,0717571200,Completed
CMP1151,Checkers Winter Promo,Checkers,Metro FM,WC,2026-03-31,2026-04-09,143,132,355039.67,checkers86@example.com,0774843618, active 
CMP1123,Checkers Winter Promo,Checkers,Metro FM,KZN,2026-06-08,2026-07-04,119,110,313277.11,checkers56example.com,0886302390,Completed
CMP9360,Money Market Winter Promo,Money Market,Kaya FM,EC,2026-03-01,2026-03-16,53,46,,moneymarket25@example.com,0678446548,COMPLETED
CMP6853,Shoprite Winter Promo,Shoprite,Metro FM,Gauteng,2026-01-11,2026-01-17,69,56,104654.88,shoprite41@example.com,0855732409,Completed
CMP1246,Coke Winter Promo,Coke,YFM,Gauteng,2026-01-05,2026-01-19,91,79,494404.58,coke76@example.com,0703921850,COMPLETED
CMP9719,Checkers Winter Promo,Checkers,Metro FM,KZN,2026-06-02,2026-06-08,103,99,33938.04,checkers73@example.com,0753263392,Paused
CMP7747,Coke Winter Promo,Coke,947,WC,02/03/2026,2026-03-29,70,62,460345.51,coke58@example.com,0606351142,
CMP3991, Coke Winter Promo ,Coke,Kaya FM,EC,2026-03-05,2026-03-10,135,131,324256.17,coke69@example.com,0682793480,Completed
CMP1618,Money Market Winter Promo,Money Market,Kaya FM,WC,2026-03-19,2026-03-26,51,40,354571.95,moneymarket18example.com,0664304120,Paused
CMP1932,Checkers Winter Promo,Checkers,Jacaranda,Gauteng,2026-02-03,2026-02-16,45,50,91968.91,checkers3@example.com,0709576423,Completed
CMP2120,Toyota Winter Promo,Toyota,YFM,Gauteng,2026-04-18,2026-05-15,45,,,toyota59@example.com,0842813873,Completed
CMP6599, Checkers Winter Promo ,Checkers,YFM,KZN,2026-05-20,2026-06-08,120,,162351.67,checkers8@example.com,0645823358,COMPLETED
CMP5526,Coke Winter Promo,Coke,Ukhozi FM,KZN,2026-01-16,2026-02-10,185,178,287822.09,coke55@example.com,0728582984,COMPLETED
CMP8372,Toyota Winter Promo,Toyota,Jacaranda,WC,2026-01-10,2026-01-16,115,111,463151.46,toyota84@example.com,0742071502,Active
CMP7505,Coke Winter Promo,Coke,YFM,KZN,2026-05-17,2026-05-28,61,55,35020.62,coke27@example.com,0693646128,
CMP2087,Coke Winter Promo,Coke,Ukhozi FM,EC,2026-02-07,2026-02-19,194,192,312793.2,coke38@example.com,06988796,
CMP1754,Shoprite Winter Promo,shoprite,Kaya FM,EC,2026-05-11,2026-05-17,43,29,445413.45,shoprite97@example.com,0699908899,COMPLETED
CMP7441,Checkers Winter Promo,Checkers,Metro FM,Gauteng,2026-05-12,2026-06-07,143,137,185377.89,checkers52@example.com,0623733022,Paused
CMP9660,Coke Winter Promo,Coke,Metro FM,WC,2026-03-23,2026-04-13,70,66,166545.26,coke98@example.com,0645283249,Completed
CMP7232,Toyota Winter Promo,Toyota,Kaya FM,Gauteng,2026-03-19,2026-04-13,115,111,342049.42,toyota63@example.com,0645329792,Completed
CMP8493,Checkers Winter Promo,Checkers,Metro FM,WC,2026-06-24,2026-06-29,68,54,16924.75,checkers28@example.com,0673115324,COMPLETED
CMP4168,Toyota Winter Promo,Toyota,947,EC,2026-05-19,2026-06-03,118,113,204718.09,toyota43@example.com,0869792892,Completed
CMP7802,Money Market Winter Promo,Money Market,Kaya FM,Gauteng,2026-03-11,2026-03-28,81,84,14426.43,moneymarket38@example.com,0759022485,Paused
CMP2254,Toyota Winter Promo,Toyota,Metro FM,EC,2026-03-26,2026-04-11,74,61,356465.52,toyota72example.com,0706452590,COMPLETED
CMP6143,Shoprite Winter Promo,Shoprite,Ukhozi FM,EC,25/05/2026,2026-06-01,105,99,287881.07,shoprite55@example.com,0743210394,Completed
CMP5084,Money Market Winter Promo,Money Market,YFM,EC,2026-06-01,2026-06-15,67,60,120111.65,moneymarket6@example.com,0856747708,
CMP6773, Shoprite Winter Promo ,Shoprite,947,Gauteng,2026-06-29,2026-07-10,180,172,34215.46,shoprite80@example.com,0825331124,Completed
CMP7316,Vuma Winter Promo,Vuma,Metro FM,WC,2026-01-06,2026-02-01,37,32,176737.37,vuma15@example.com,0784950758,COMPLETED
CMP4623,Coke Winter Promo,Coke,Metro FM,Gauteng,2026-02-15,2026-02-28,88,85,265253.88,coke64@example.com,0893300462,Paused
CMP4623,Coke Winter Promo,Coke,YFM,KZN,2026-02-10,2026-03-03,164,162,21176.63,coke92@example.com,0794435392,Completed
CMP2575,Money Market Winter Promo,Money Market,947,EC,2026-03-28,2026-04-23,31,30,47380.8,moneymarket91@example.com,0789720448,COMPLETED
CMP5057,Money Market Winter Promo,Money Market,Ukhozi FM,WC,2026-01-28,2026-02-21,23,11,263380.26,moneymarket72example.com,0699116079,Active
CMP8664,Shoprite Winter Promo,Shoprite,Metro FM,Gauteng,2026-02-15,2026-03-12,56,50,234856.9,shoprite82@example.com,0855377588,Active
CMP2944,Checkers Winter Promo,Checkers,Ukhozi FM,Gauteng,2026-04-12,2026-05-09,59,,473616.98,checkers89@example.com,0862370106,Paused
CMP4504,Toyota Winter Promo,Toyota,Ukhozi FM,WC,2026-06-19,2026-07-14,30,33,319327.86,toyota53@example.com,0732540983,COMPLETED
CMP6738,Coke Winter Promo,Coke,Kaya FM,Gauteng,2026-02-26,2026-03-26,162,166,35185.52,coke75@example.com,0796074757,
CMP4425,Coke Winter Promo,Coke,YFM,WC,28/05/2026,2026-06-04,59,64,338705.63,coke73@example.com,0704235884,Paused
CMP1449,Toyota Winter Promo,Toyota,Ukhozi FM,WC,2026-01-17,2026-02-16,65,64,211529.76,toyota19@example.com,0729673532,COMPLETED
CMP5983,Money Market Winter Promo,Money Market,947,Gauteng,2026-02-09,2026-03-10,189,187,253296.11,moneymarket74@example.com,0655376189,Completed
CMP1094,Money Market Winter Promo,Money Market,Ukhozi FM,WC,2026-04-24,2026-05-17,101,95,111349,moneymarket12@example.com,0785941347, active 
CMP7143,Checkers Winter Promo,Checkers,Kaya FM,WC,2026-05-30,2026-06-15,170,168,60093.96,checkers11@example.com,0863711562,COMPLETED
CMP4086,Shoprite Winter Promo,Shoprite,Jacaranda,EC,2026-06-09,2026-06-16,49,39,221660.03,shoprite59@example.com,0601951154,Paused
CMP8794,Money Market Winter Promo,Money Market,YFM,Gauteng,2026-04-09,2026-04-20,135,128,334179.48,moneymarket15@example.com,0615405860, active 
CMP3779,Coke Winter Promo,coke,YFM,EC,2026-01-19,2026-01-24,123,128,213442.81,coke1@example.com,0893685155,COMPLETED
CMP8275,Coke Winter Promo,Coke,Ukhozi FM,WC,2026-05-08,2026-05-19,32,26,233494.16,coke77@example.com,0769159446,COMPLETED
CMP8151,Shoprite Winter Promo,Shoprite,YFM,KZN,2026-03-13,2026-03-20,142,131,310671.44,shoprite54@example.com,0618235726,Completed
CMP3972,Shoprite Winter Promo,Shoprite,947,KZN,2026-05-31,2026-06-05,60,56,487090.4,shoprite81@example.com,0766468331,Completed
CMP7992,Vuma Winter Promo,Vuma,Ukhozi FM,Gauteng,2026-05-27,2026-06-07,47,37,243790.49,vuma71@example.com,0858988721,Paused
CMP1469, Checkers Winter Promo ,Checkers,Ukhozi FM,WC,2026-03-14,2026-04-07,135,129,453571.65,checkers22@example.com,07984627,Paused
CMP5815,Coke Winter Promo,Coke,Metro FM,KZN,2026-06-01,2026-06-30,80,66,231499.11,coke20@example.com,08475270,Completed
CMP9653,Checkers Winter Promo,Checkers,YFM,Gauteng,2026-03-16,2026-04-06,57,52,442702.13,checkers40example.com,0766843240,
CMP8110,Vuma Winter Promo,Vuma,Metro FM,Gauteng,2026-06-27,2026-07-26,67,56,499152.56,vuma6@example.com,0782940310,Completed
CMP3553,Money Market Winter Promo,Money Market,Jacaranda,Gauteng,2026-01-26,2026-02-13,62,51,,moneymarket34@example.com,0737492472,
CMP6838,Toyota Winter Promo,Toyota,Metro FM,WC,2026-02-05,2026-03-01,176,173,19824.42,toyota32@example.com,0798403966,Completed
CMP2544,Shoprite Winter Promo,Shoprite,Ukhozi FM,EC,2026-04-25,2026-05-24,29,18,407762.32,shoprite33@example.com,0805996047,
CMP6021,Money Market Winter Promo,Money Market,Ukhozi FM,Gauteng,2026-05-13,2026-06-04,135,136,439911,moneymarket75example.com,08382485, active 
CMP6012,Checkers Winter Promo,Checkers,Ukhozi FM,WC,2026-06-01,2026-06-19,101,99,491249.39,checkers77@example.com,0725687523, active 
CMP3633,Toyota Winter Promo,Toyota,Jacaranda,Gauteng,2026-02-28,2026-03-26,92,78,315557.25,toyota88@example.com,0838641876,
CMP2021,Money Market Winter Promo,money market,YFM,EC,2026-01-21,2026-02-17,190,190,237561.17,moneymarket55@example.com,0801307860,Paused
CMP2098,Money Market Winter Promo,Money Market,YFM,KZN,14/03/2026,2026-03-31,160,156,376374.91,moneymarket13@example.com,0795802510,Paused
CMP4994,Money Market Winter Promo,Money Market,Jacaranda,KZN,2026-06-02,2026-06-24,76,73,93169.11,moneymarket5@example.com,0768008929,
CMP1712,Shoprite Winter Promo,Shoprite,947,EC,2026-03-05,2026-03-28,152,140,455357.21,shoprite64@example.com,0872062383,Paused
CMP8309, Money Market Winter Promo ,Money Market,947,Gauteng,2026-01-26,2026-02-21,146,136,122951.34,moneymarket76@example.com,0871103699,Completed
CMP8714, Money Market Winter Promo ,Money Market,947,EC,2026-01-01,2026-01-31,68,72,194938.7,moneymarket41@example.com,0784663949,
CMP3458,Checkers Winter Promo,Checkers,Kaya FM,Gauteng,2026-02-05,2026-02-15,185,179,443893.51,checkers65@example.com,0888212899,Completed
CMP3865,Coke Winter Promo,Coke,Jacaranda,WC,2026-02-06,2026-02-23,136,134,406176.46,coke73@example.com,0773629978,Completed
CMP9192,Checkers Winter Promo,Checkers,YFM,WC,2026-03-23,2026-04-15,122,121,288669.69,checkers83@example.com,0836825382,
CMP3883,Checkers Winter Promo,Checkers,Jacaranda,KZN,2026-05-31,2026-06-18,120,113,405129.58,checkers22@example.com,0632073975,
CMP7177,Toyota Winter Promo,Toyota,Metro FM,Gauteng,2026-03-05,2026-03-21,31,32,44043.8,toyota66@example.com,0646792476, active 
CMP2771,Checkers Winter Promo,Checkers,Jacaranda,EC,2026-02-12,2026-03-04,130,,220204.28,checkers39@example.com,0722915225,Completed
CMP2681,Toyota Winter Promo,Toyota,Metro FM,EC,07/05/2026,2026-05-18,132,137,384184.98,toyota41@example.com,0869670332,COMPLETED
CMP5310,Coke Winter Promo,Coke,947,WC,2026-04-23,2026-05-03,187,192,359843.06,coke48@example.com,0773136047,
CMP2746,Checkers Winter Promo,Checkers,947,KZN,2026-05-12,2026-06-11,97,88,,checkers41@example.com,0788408032, active 
CMP8545,Shoprite Winter Promo,Shoprite,Kaya FM,EC,2026-06-24,2026-07-18,167,158,384468.28,shoprite47@example.com,08865348,Active
CMP4538,Coke Winter Promo,Coke,YFM,Gauteng,2026-03-29,2026-04-25,130,123,94047.24,coke11@example.com,06629369,Active
CMP9501,Money Market Winter Promo,Money Market,Jacaranda,WC,2026-03-23,2026-04-16,87,75,,moneymarket4@example.com,0605213865,Paused
CMP1745,Shoprite Winter Promo,Shoprite,Metro FM,WC,2026-03-30,2026-04-07,176,174,387601.77,shoprite87@example.com,0843258688,Active
CMP1555,Money Market Winter Promo,Money Market,Metro FM,EC,2026-05-04,2026-05-18,115,115,252957.39,moneymarket40@example.com,0757564513,Active
CMP8645,Vuma Winter Promo,Vuma,Metro FM,WC,2026-04-28,2026-05-16,135,124,285427.39,vuma68@example.com,0798951141,Completed
CMP2765,Coke Winter Promo,Coke,Kaya FM,KZN,2026-05-12,2026-05-26,158,147,124292.28,coke17@example.com,0755951193,
CMP2217,Checkers Winter Promo,Checkers,YFM,KZN,2026-02-17,2026-03-02,200,190,323960.31,checkers62@example.com,0827660561,COMPLETED
CMP4284,Coke Winter Promo,coke,Jacaranda,WC,2026-04-05,2026-04-21,108,105,154284.6,coke58@example.com,07119396,Completed
CMP9057,Checkers Winter Promo,Checkers,Jacaranda,EC,2026-05-20,2026-06-19,193,191,332809.93,checkers70@example.com,0733700218,Active
CMP2897,Vuma Winter Promo,Vuma,YFM,WC,2026-03-16,2026-03-26,103,91,138665.45,vuma36@example.com,0827071679,
CMP4700,Money Market Winter Promo,Money Market,Metro FM,KZN,2026-04-05,2026-04-10,160,153,412480.88,moneymarket69@example.com,0793115932,Completed
CMP8263,Vuma Winter Promo,Vuma,Jacaranda,Gauteng,2026-03-28,2026-04-05,70,66,28577.27,vuma54@example.com,0872673891,
CMP4007,Shoprite Winter Promo,Shoprite,YFM,EC,2026-01-07,2026-01-24,125,114,325506.44,shoprite82@example.com,0776698628,
CMP3663,Coke Winter Promo,Coke,Jacaranda,WC,2026-02-08,2026-03-06,84,88,418662.05,coke75example.com,0871353261,Paused
CMP3256, Coke Winter Promo ,Coke,Metro FM,Gauteng,2026-02-03,2026-02-26,168,165,470047.31,coke99example.com,0829102701,Completed
CMP3374,Checkers Winter Promo,Checkers,Jacaranda,KZN,2026-01-08,2026-01-28,118,110,292570.41,checkers57example.com,0822388651,Completed
CMP3174,Coke Winter Promo,Coke,Kaya FM,WC,2026-04-04,2026-04-26,51,40,487469.21,coke80@example.com,0628591848,Paused
CMP6157,Coke Winter Promo,Coke,Ukhozi FM,EC,2026-01-18,2026-02-15,50,41,217665.88,coke97@example.com,0707084180,COMPLETED
CMP2613,Coke Winter Promo,Coke,947,Gauteng,2026-01-14,2026-01-26,143,141,421783.28,coke17@example.com,0702300067, active 
CMP5699,Coke Winter Promo,Coke,Metro FM,Gauteng,2026-05-17,2026-05-29,135,130,307337.45,coke34@example.com,0709937385,Completed
CMP3158,Toyota Winter Promo,Toyota,Ukhozi FM,WC,2026-02-14,2026-03-02,181,186,426495.49,toyota41@example.com,0832362968,Active
CMP8368,Vuma Winter Promo,Vuma,Kaya FM,EC,2026-04-10,2026-04-15,133,130,295726.18,vuma76@example.com,0649432066,Active
CMP7879,Vuma Winter Promo,Vuma,YFM,KZN,2026-02-01,2026-02-08,187,186,418349.09,vuma28@example.com,0755569853,
CMP8252,Vuma Winter Promo,Vuma,947,Gauteng,2026-06-30,2026-07-30,115,,90344.39,vuma62example.com,0746194771,
CMP9502,Coke Winter Promo,Coke,Ukhozi FM,EC,2026-05-10,2026-06-05,133,121,216197.79,coke3@example.com,0672988211,Completed
CMP6272,Shoprite Winter Promo,Shoprite,Jacaranda,WC,2026-04-20,2026-05-11,26,27,211706.57,shoprite48@example.com,0865536560,Paused
CMP4463,Toyota Winter Promo,Toyota,YFM,Gauteng,2026-04-13,2026-05-12,177,176,143917.05,toyota83@example.com,0853309031,
CMP1598,Checkers Winter Promo,Checkers,YFM,EC,2026-03-12,2026-04-08,80,85,185790.86,checkers13@example.com,0775384682,
CMP8452,Shoprite Winter Promo,Shoprite,Kaya FM,KZN,05/04/2026,2026-05-03,103,100,191682.85,shoprite48@example.com,0854173182,COMPLETED
CMP7979,Vuma Winter Promo,Vuma,YFM,Gauteng,2026-03-26,2026-04-17,98,98,418819.36,vuma30@example.com,0754193889,Paused
CMP8030,Checkers Winter Promo,Checkers,YFM,WC,2026-04-18,2026-05-04,200,194,473595.79,checkers87@example.com,0664395064,COMPLETED
CMP5876,Coke Winter Promo,Coke,Ukhozi FM,KZN,2026-06-18,2026-07-16,195,189,10188.65,coke15@example.com,0814029583,Paused
CMP4380,Money Market Winter Promo,Money Market,Kaya FM,EC,2026-06-09,2026-07-05,110,97,11650.19,moneymarket89@example.com,0766206816,COMPLETED
CMP4936,Vuma Winter Promo,Vuma,Jacaranda,KZN,2026-01-26,2026-02-24,64,64,334931.23,vuma51@example.com,0812396370,Paused
CMP6726,Checkers Winter Promo,Checkers,Ukhozi FM,WC,2026-03-07,2026-04-03,171,166,476667.8,checkers96@example.com,0892701629,Completed
CMP4408,Money Market Winter Promo,Money Market,Metro FM,KZN,2026-04-30,2026-05-27,70,73,291329.48,moneymarket39@example.com,0694304259, active 
CMP8385,Shoprite Winter Promo,Shoprite,Kaya FM,KZN,2026-04-05,2026-04-24,134,123,174262.42,shoprite55@example.com,0804491317,COMPLETED
CMP8820,Shoprite Winter Promo,Shoprite,Kaya FM,WC,2026-04-13,2026-05-06,91,93,182825.4,shoprite59@example.com,0812780204,Completed
CMP4763,Money Market Winter Promo,Money Market,Jacaranda,KZN,2026-06-24,2026-07-13,27,21,162092.9,moneymarket56@example.com,0712398040,Completed
CMP7446,Money Market Winter Promo,Money Market,Ukhozi FM,KZN,2026-02-01,2026-02-16,156,145,248045.34,moneymarket24@example.com,08933276,Active
CMP8434,Shoprite Winter Promo,Shoprite,YFM,EC,2026-01-11,2026-01-17,76,64,186644.91,shoprite92@example.com,0892830958,COMPLETED
CMP7743,Shoprite Winter Promo,Shoprite,Ukhozi FM,WC,2026-05-19,2026-06-10,144,140,320142.31,shoprite51@example.com,0603595284,Paused
CMP2917, Money Market Winter Promo ,Money Market,YFM,KZN,2026-01-20,2026-01-27,133,128,61283.44,moneymarket85@example.com,0709515235,Paused
CMP6139,Checkers Winter Promo,Checkers,Metro FM,KZN,2026-04-02,2026-04-22,196,,143268.45,checkers22@example.com,0663329664,COMPLETED
CMP6218,Vuma Winter Promo,Vuma,YFM,EC,2026-06-24,2026-07-13,149,140,25413.62,vuma72@example.com,0722966381,Completed
CMP3424,Money Market Winter Promo,Money Market,Jacaranda,Gauteng,2026-02-16,2026-03-13,147,146,88137.94,moneymarket30example.com,0608363151,Paused
CMP1464,Money Market Winter Promo,Money Market,Jacaranda,Gauteng,13/03/2026,2026-03-28,107,106,39983.58,moneymarket43@example.com,0675518836,Active
CMP5935,Toyota Winter Promo,Toyota,Kaya FM,Gauteng,2026-04-08,2026-04-16,111,114,219461.77,toyota4@example.com,0639679560,Paused
CMP6237,Vuma Winter Promo,Vuma,Metro FM,WC,2026-06-17,2026-07-10,162,,466005.15,vuma95@example.com,0659763399,
CMP2674,Vuma Winter Promo,Vuma,YFM,Gauteng,2026-02-17,2026-03-07,183,168,432378.38,vuma63@example.com,07964820,
CMP6993,Shoprite Winter Promo,Shoprite,Jacaranda,Gauteng,2026-05-30,2026-06-10,62,59,325761.8,shoprite59@example.com,0613201959,
CMP7975,Vuma Winter Promo,Vuma,Ukhozi FM,WC,2026-06-01,2026-07-01,117,120,125201.75,vuma3@example.com,0867614468,Active
CMP7894,Shoprite Winter Promo,Shoprite,947,EC,2026-03-11,2026-03-24,36,36,494092.99,shoprite5example.com,0683916053,Paused
CMP1494,Shoprite Winter Promo,Shoprite,Jacaranda,KZN,2026-02-27,2026-03-09,62,64,459717.88,shoprite12@example.com,0849217216,
CMP9350,Shoprite Winter Promo,Shoprite,Metro FM,WC,2026-04-17,2026-05-10,170,172,190565.05,shoprite19@example.com,0865723132,COMPLETED
CMP4256,Checkers Winter Promo,Checkers,Kaya FM,Gauteng,2026-06-21,2026-07-17,171,160,448158.79,checkers46@example.com,0895196408,Active
CMP7562,Vuma Winter Promo,Vuma,Kaya FM,Gauteng,2026-01-30,2026-02-22,65,66,471851.31,vuma44@example.com,0751652155,Completed
CMP8622,Coke Winter Promo,Coke,947,WC,2026-02-25,2026-03-16,62,66,88989.74,coke27@example.com,0818627634,Completed
CMP3151,Money Market Winter Promo,money market,947,WC,24/01/2026,2026-02-02,90,82,114775.95,moneymarket16@example.com,0718445049,Active
CMP4458,Vuma Winter Promo,Vuma,Ukhozi FM,KZN,2026-05-25,2026-06-11,153,148,456060.29,vuma61example.com,0796334939,Completed
CMP1798,Toyota Winter Promo,Toyota,947,KZN,2026-01-11,2026-02-09,145,130,225719.43,toyota59@example.com,0845876105,Completed
CMP2577,Toyota Winter Promo,Toyota,Jacaranda,WC,2026-03-05,2026-03-31,29,19,135467.52,toyota75@example.com,0725965685,Paused
CMP2090, Toyota Winter Promo ,Toyota,Ukhozi FM,WC,2026-01-09,2026-01-21,50,43,101925.71,toyota67@example.com,0819070249,Active
CMP4600,Checkers Winter Promo,Checkers,Jacaranda,WC,2026-02-14,2026-02-20,32,17,373429.93,checkers91@example.com,0652556636,
CMP5265,Shoprite Winter Promo,Shoprite,Jacaranda,Gauteng,2026-05-04,2026-05-09,193,185,448544.05,shoprite79example.com,0709233957, active 
CMP9686,Shoprite Winter Promo,Shoprite,Ukhozi FM,WC,2026-05-16,2026-06-10,138,139,411352.77,shoprite99@example.com,0658587472,
CMP5636,Coke Winter Promo,Coke,YFM,Gauteng,2026-02-27,2026-03-23,124,123,249838.04,coke52@example.com,0691949652,COMPLETED
CMP3447,Toyota Winter Promo,Toyota,Metro FM,KZN,2026-03-02,2026-03-09,60,55,195404.71,toyota5@example.com,0719359612,Paused
CMP6409,Checkers Winter Promo,Checkers,Jacaranda,Gauteng,2026-04-20,2026-05-19,115,105,292170.2,checkers52@example.com,0648365408,COMPLETED
CMP4914,Vuma Winter Promo,Vuma,YFM,EC,2026-02-22,2026-03-17,133,118,370884.19,vuma30@example.com,06783001,
CMP4997,Shoprite Winter Promo,Shoprite,Jacaranda,Gauteng,2026-03-09,2026-03-30,187,175,358190.22,shoprite93@example.com,0768823387,
CMP3524,Shoprite Winter Promo,Shoprite,YFM,KZN,2026-04-18,2026-05-09,40,32,376794.91,shoprite25@example.com,07838781, active 
CMP1968,Checkers Winter Promo,Checkers,Kaya FM,Gauteng,2026-05-20,2026-06-01,92,77,298120.35,checkers25example.com,0669143148,Completed
CMP3022,Money Market Winter Promo,Money Market,Kaya FM,Gauteng,2026-04-17,2026-05-09,157,147,238347.82,moneymarket33@example.com,0808710848, active 
CMP5183,Toyota Winter Promo,Toyota,Metro FM,KZN,11/03/2026,2026-04-05,119,114,236888.05,toyota66@example.com,0884145464,Completed
CMP2544,Checkers Winter Promo,Checkers,Kaya FM,Gauteng,2026-01-02,2026-01-11,93,86,345979.46,checkers49@example.com,0697479036,COMPLETED
CMP9050,Checkers Winter Promo,Checkers,YFM,Gauteng,2026-01-20,2026-01-31,39,25,,checkers94@example.com,0814169586,
CMP4995,Coke Winter Promo,Coke,Metro FM,EC,2026-05-13,2026-06-12,196,201,256443.04,coke51@example.com,0802642494,Completed
CMP1668,Money Market Winter Promo,money market,Kaya FM,WC,2026-04-21,2026-05-15,46,34,416212.24,moneymarket91@example.com,0734522464,Paused
CMP5600,Toyota Winter Promo,Toyota,Kaya FM,KZN,2026-02-18,2026-03-02,165,153,338745.61,toyota64@example.com,0739772807,
CMP9488,Money Market Winter Promo,Money Market,Metro FM,Gauteng,2026-02-04,2026-02-23,28,30,491262.86,moneymarket13@example.com,06830560,Paused
CMP8194,Vuma Winter Promo,Vuma,947,KZN,2026-06-12,2026-06-29,160,152,331596.87,vuma78@example.com,0681978620,COMPLETED
CMP9526, Shoprite Winter Promo ,Shoprite,YFM,WC,30/01/2026,2026-02-11,33,29,130677.18,shoprite75@example.com,0627226892,
CMP5239,Toyota Winter Promo,Toyota,Jacaranda,KZN,2026-05-02,2026-05-23,168,159,158272.26,toyota7@example.com,0759369329,Paused
CMP7020,Shoprite Winter Promo,Shoprite,947,EC,18/04/2026,2026-04-24,37,28,282069.68,shoprite2@example.com,06521497,Completed
CMP1153,Toyota Winter Promo,Toyota,Metro FM,EC,2026-03-13,2026-03-25,186,181,310726.96,toyota86@example.com,0672286379,Completed
CMP7952,Checkers Winter Promo,Checkers,947,Gauteng,2026-02-28,2026-03-24,56,54,101440.53,checkers50@example.com,0762465714,
CMP1066,Toyota Winter Promo,Toyota,Ukhozi FM,WC,2026-03-28,2026-04-13,41,28,451769.88,toyota94@example.com,0827829570,Completed
CMP4252,Checkers Winter Promo,Checkers,947,KZN,2026-01-17,2026-02-01,127,122,183295.15,checkers92@example.com,0699083821,COMPLETED
CMP4206,Money Market Winter Promo,Money Market,Metro FM,KZN,2026-05-17,2026-06-15,94,96,18129.4,moneymarket78@example.com,0776889177,
CMP4850,Money Market Winter Promo,Money Market,Jacaranda,KZN,2026-04-19,2026-05-06,25,16,367073.15,moneymarket50@example.com,0851674644, active 
CMP6920,Vuma Winter Promo,Vuma,Metro FM,KZN,2026-06-25,2026-07-19,126,125,482403.09,vuma26@example.com,0671782013, active 
CMP7627, Shoprite Winter Promo ,Shoprite,YFM,Gauteng,2026-06-15,2026-07-03,183,183,383927.01,shoprite38@example.com,0869676615,Paused
CMP1414,Toyota Winter Promo,Toyota,Jacaranda,Gauteng,2026-03-28,2026-04-19,183,168,277202.57,toyota28@example.com,0634782197,Active
CMP6014,Money Market Winter Promo,Money Market,Ukhozi FM,EC,2026-01-01,2026-01-22,187,172,,moneymarket76@example.com,0675961202,Active
CMP6561,Vuma Winter Promo,Vuma,YFM,KZN,2026-02-10,2026-02-15,128,131,92228.65,vuma91@example.com,0639336749,
CMP9976,Money Market Winter Promo,Money Market,YFM,WC,2026-01-19,2026-01-27,167,169,256778.29,moneymarket12@example.com,0654145443, active 
CMP7375,Shoprite Winter Promo,Shoprite,Ukhozi FM,KZN,2026-01-29,2026-02-28,20,10,326662.31,shoprite44@example.com,0746653507,COMPLETED
CMP7070,Coke Winter Promo,Coke,YFM,KZN,2026-04-16,2026-04-26,134,123,213741.35,coke49@example.com,0759016424,Active
CMP7587,Money Market Winter Promo,Money Market,Jacaranda,EC,2026-05-29,2026-06-15,200,199,,moneymarket22@example.com,08959581,Active
CMP2842,Money Market Winter Promo,Money Market,947,Gauteng,2026-05-20,2026-06-16,91,82,193315.99,moneymarket82@example.com,0842552048,Paused
CMP8873,Checkers Winter Promo,Checkers,Kaya FM,EC,2026-02-05,2026-03-07,81,67,,checkers30@example.com,0856154242,COMPLETED
CMP9825,Vuma Winter Promo,Vuma,Ukhozi FM,EC,01/04/2026,2026-04-22,70,66,66200.84,vuma11@example.com,0647365686,
CMP2350,Shoprite Winter Promo,Shoprite,947,EC,2026-06-08,2026-06-17,79,72,455134.2,shoprite83@example.com,0706101213,Paused
CMP1391,Vuma Winter Promo,Vuma,Jacaranda,WC,2026-02-22,2026-03-02,51,36,178625.96,vuma71@example.com,0773207666, active 
CMP7760,Coke Winter Promo,Coke,947,KZN,2026-03-03,2026-03-19,98,91,101881.72,coke73@example.com,0859199828,Active
CMP6906,Coke Winter Promo,Coke,Metro FM,Gauteng,2026-01-21,2026-02-02,153,156,465870.62,coke80@example.com,0657543097,COMPLETED
CMP1558,Toyota Winter Promo,Toyota,YFM,Gauteng,2026-06-28,2026-07-03,128,124,122826.04,toyota48@example.com,06160138,Paused
CMP2500,Checkers Winter Promo,Checkers,Metro FM,EC,2026-04-27,2026-05-21,72,75,402823.9,checkers69@example.com,0714169186,Paused
CMP4760,Checkers Winter Promo,Checkers,Jacaranda,WC,2026-03-10,2026-04-07,83,72,260022.59,checkers50@example.com,0744237023,COMPLETED
CMP2121,Vuma Winter Promo,Vuma,Kaya FM,Gauteng,30/01/2026,2026-03-01,171,157,229323.7,vuma28@example.com,0863646646,Completed
CMP4107,Checkers Winter Promo,Checkers,YFM,WC,2026-03-02,2026-03-30,147,140,141906,checkers43@example.com,0659449294,Paused
CMP8419, Checkers Winter Promo ,Checkers,Ukhozi FM,Gauteng,2026-05-28,2026-06-19,31,19,88332.84,checkers2@example.com,06388640,Paused
CMP2337,Money Market Winter Promo,Money Market,Ukhozi FM,KZN,2026-06-18,2026-07-07,123,108,384304.6,moneymarket51@example.com,08190078,
CMP2248,Toyota Winter Promo,Toyota,Kaya FM,WC,2026-06-12,2026-07-03,91,94,274829.4,toyota59@example.com,0781286167,
CMP2603, Toyota Winter Promo ,Toyota,Kaya FM,EC,2026-04-27,2026-05-25,124,122,66548.39,toyota18example.com,0833175645,Completed
CMP1397,Checkers Winter Promo,Checkers,Kaya FM,EC,2026-04-16,2026-04-28,129,122,410659.97,checkers13@example.com,0775040555,Completed
CMP9381,Shoprite Winter Promo,Shoprite,Jacaranda,EC,2026-01-22,2026-02-06,28,29,311857.1,shoprite2@example.com,0781837275,Paused
CMP8517, Toyota Winter Promo ,Toyota,Kaya FM,Gauteng,2026-04-17,2026-05-09,109,109,231942.19,toyota47@example.com,0869669816,
CMP7962,Toyota Winter Promo,Toyota,947,KZN,2026-04-03,2026-05-03,89,74,318738.66,toyota77example.com,0682248155, active 
CMP4473,Money Market Winter Promo,Money Market,Metro FM,EC,2026-03-29,2026-04-14,59,51,257924.83,moneymarket91@example.com,0887319397,COMPLETED
CMP3400,Vuma Winter Promo,Vuma,Ukhozi FM,WC,2026-06-02,2026-07-01,32,22,229584.12,vuma35@example.com,0657029949,COMPLETED
CMP5921,Vuma Winter Promo,Vuma,Kaya FM,EC,21/05/2026,2026-06-19,161,153,273330.56,vuma88@example.com,0631308115,Active
CMP4674,Money Market Winter Promo,Money Market,947,KZN,08/02/2026,2026-02-21,176,,32055.96,moneymarket81@example.com,0695583309,COMPLETED
CMP8359,Coke Winter Promo,coke,947,KZN,2026-02-09,2026-03-10,36,38,459582.49,coke68@example.com,0655470980,
CMP2958,Vuma Winter Promo,vuma,Jacaranda,Gauteng,2026-01-06,2026-01-21,78,67,120823,vuma61@example.com,0715863714,
CMP4308,Toyota Winter Promo,Toyota,Ukhozi FM,KZN,09/04/2026,2026-05-04,56,54,307267.26,toyota40@example.com,08663424, active 
CMP4400,Money Market Winter Promo,Money Market,Kaya FM,Gauteng,2026-06-26,2026-07-25,69,59,301903.75,moneymarket98@example.com,0803516527,Paused
CMP4422,Toyota Winter Promo,Toyota,Metro FM,WC,2026-05-26,2026-06-21,191,187,465006.62,toyota24@example.com,07617664,Paused
CMP2259,Vuma Winter Promo,Vuma,Metro FM,WC,2026-06-13,2026-07-07,82,68,484690.12,vuma68@example.com,0845944907,Completed
CMP8952,Toyota Winter Promo,Toyota,947,KZN,07/06/2026,2026-07-05,93,89,273891.52,toyota83@example.com,0614462079,
CMP1182,Money Market Winter Promo,Money Market,Ukhozi FM,Gauteng,2026-02-07,2026-02-23,160,155,208513.91,moneymarket46@example.com,0837995224,
CMP4870,Checkers Winter Promo,Checkers,YFM,EC,2026-04-17,2026-04-28,58,63,237529.3,checkers19@example.com,0866096990,COMPLETED
CMP2410,Coke Winter Promo,coke,Kaya FM,KZN,2026-03-24,2026-04-22,52,49,45194.16,coke9@example.com,0795097368,Active
CMP7375,Coke Winter Promo,Coke,YFM,Gauteng,2026-03-30,2026-04-15,29,22,15089.18,coke32@example.com,0813581028,
CMP2954,Shoprite Winter Promo,Shoprite,YFM,Gauteng,09/05/2026,2026-05-26,47,33,205618.38,shoprite45@example.com,0628949771,COMPLETED
CMP2443,Toyota Winter Promo,Toyota,Jacaranda,Gauteng,2026-06-25,2026-07-06,128,130,277976.4,toyota11@example.com,0749583669, active 
CMP5730,Shoprite Winter Promo,Shoprite,Kaya FM,Gauteng,2026-05-05,2026-05-19,82,87,405092.87,shoprite76@example.com,0778092117,Active
CMP1674,Shoprite Winter Promo,Shoprite,Metro FM,WC,02/06/2026,2026-06-10,58,59,26463.85,shoprite93@example.com,0889601811,Completed
CMP6811,Vuma Winter Promo,Vuma,Jacaranda,KZN,2026-04-23,2026-05-11,101,,337198.24,vuma40@example.com,0784362778,COMPLETED
CMP8967,Money Market Winter Promo,Money Market,Jacaranda,KZN,2026-01-22,2026-02-03,34,19,169938.73,moneymarket93@example.com,0689687670,Paused
CMP6298,Toyota Winter Promo,Toyota,Ukhozi FM,WC,2026-02-03,2026-02-10,27,17,65960.04,toyota32@example.com,06387952,Paused
CMP8030,Money Market Winter Promo,Money Market,Kaya FM,Gauteng,2026-01-28,2026-02-05,95,97,346940.43,moneymarket68@example.com,07682481,
CMP6647,Coke Winter Promo,Coke,Jacaranda,EC,2026-03-17,2026-03-30,61,50,301495.81,coke55@example.com,0751921596,Active
CMP7486,Checkers Winter Promo,Checkers,Metro FM,WC,2026-06-01,2026-06-15,110,100,392994.25,checkers10@example.com,0812775937,Active
CMP9545, Money Market Winter Promo ,Money Market,Ukhozi FM,EC,18/03/2026,2026-03-30,52,50,379405.52,moneymarket17example.com,0721266767,
CMP1712, Money Market Winter Promo ,Money Market,Metro FM,WC,2026-03-05,2026-03-23,112,98,39329.18,moneymarket7example.com,0882168701,Completed
CMP8330,Shoprite Winter Promo,Shoprite,Jacaranda,Gauteng,2026-01-22,2026-02-20,194,179,426577.9,shoprite98@example.com,0799912155,Active
CMP2489,Coke Winter Promo,Coke,YFM,WC,2026-06-21,2026-07-03,29,34,431395.68,coke97@example.com,0773619447,COMPLETED
CMP3056,Vuma Winter Promo,Vuma,YFM,KZN,2026-01-16,2026-01-27,187,172,492216.51,vuma81@example.com,0796986846,Active
CMP9053,Checkers Winter Promo,Checkers,Metro FM,EC,2026-02-25,2026-03-05,168,172,167147.7,checkers9@example.com,0763744505,COMPLETED
CMP4488, Money Market Winter Promo ,Money Market,Kaya FM,Gauteng,03/03/2026,2026-03-21,172,173,87519.11,moneymarket2@example.com,0833505815,Active
CMP9271,Toyota Winter Promo,Toyota,Metro FM,WC,2026-06-14,2026-07-06,101,,219265.91,toyota18@example.com,0863940449,Paused
CMP3156,Checkers Winter Promo,Checkers,Ukhozi FM,EC,2026-06-06,2026-06-20,101,100,81091.24,checkers20example.com,0836909610,COMPLETED
CMP2609,Vuma Winter Promo,Vuma,Jacaranda,Gauteng,13/05/2026,2026-06-02,178,181,16590.17,vuma99@example.com,08244599,Paused
CMP9841,Checkers Winter Promo,Checkers,Jacaranda,Gauteng,2026-03-12,2026-04-07,178,166,355768.6,checkers66@example.com,0656658503,
CMP4117,Checkers Winter Promo,Checkers,Jacaranda,KZN,12/03/2026,2026-03-26,144,143,196381.61,checkers22example.com,0697074737,Completed
CMP5092, Vuma Winter Promo ,Vuma,Ukhozi FM,EC,2026-01-24,2026-02-10,110,102,329005.47,vuma43@example.com,0885272324,Completed
CMP4412, Coke Winter Promo ,Coke,Metro FM,WC,2026-06-06,2026-07-04,39,29,497690.76,coke32@example.com,0719487632,Active
CMP3155,Shoprite Winter Promo,Shoprite,Kaya FM,KZN,2026-05-03,2026-05-29,124,,382102.99,shoprite14@example.com,0801186063, active 
CMP6498,Coke Winter Promo,Coke,Kaya FM,WC,2026-01-22,2026-02-16,182,171,141736.98,coke20@example.com,0627208234,Paused
CMP6357,Toyota Winter Promo,Toyota,947,KZN,2026-04-27,2026-05-20,29,15,280610.13,toyota79@example.com,0705875968,Completed
CMP9583, Checkers Winter Promo ,Checkers,Kaya FM,WC,2026-03-30,2026-04-14,52,38,,checkers46@example.com,0744990032,Paused
CMP5917,Checkers Winter Promo,Checkers,Jacaranda,WC,2026-03-26,2026-04-14,67,53,253329.81,checkers93@example.com,08256885,COMPLETED
CMP1659,Shoprite Winter Promo,shoprite,Jacaranda,KZN,2026-02-15,2026-02-23,60,61,159848.54,shoprite56@example.com,0687116432,COMPLETED
CMP8443,Checkers Winter Promo,Checkers,Jacaranda,WC,2026-02-05,2026-02-24,142,,,checkers88@example.com,0731691986,Completed
CMP7039,Shoprite Winter Promo,Shoprite,Metro FM,Gauteng,2026-05-31,2026-06-21,187,190,,shoprite25@example.com,0762846314,COMPLETED
CMP3942, Shoprite Winter Promo ,Shoprite,Ukhozi FM,KZN,2026-03-27,2026-04-09,195,198,374430.94,shoprite23@example.com,0791241860,
CMP9989,Money Market Winter Promo,Money Market,Jacaranda,WC,2026-05-16,2026-05-22,109,96,141904.57,moneymarket41@example.com,06991313,Active
CMP3905,Shoprite Winter Promo,Shoprite,Jacaranda,KZN,2026-02-05,2026-02-16,115,120,439713.55,shoprite17example.com,0675776936,Paused
CMP8889,Money Market Winter Promo,money market,YFM,KZN,2026-02-05,2026-02-16,39,32,246595.29,moneymarket5@example.com,0637909287,
CMP9850, Shoprite Winter Promo ,Shoprite,Ukhozi FM,WC,2026-06-22,2026-07-17,55,59,336994.24,shoprite10@example.com,08769954,
CMP8968,Toyota Winter Promo,Toyota,Metro FM,WC,2026-03-30,2026-04-12,105,101,114717.43,toyota61@example.com,0617085086,
CMP9313, Money Market Winter Promo ,Money Market,YFM,EC,2026-03-13,2026-04-08,156,159,324955.87,moneymarket44@example.com,0838231284,Completed
CMP7693,Vuma Winter Promo,vuma,Metro FM,EC,2026-04-25,2026-05-24,136,131,453764.55,vuma38@example.com,0848876173,Paused
CMP9200,Coke Winter Promo,Coke,Ukhozi FM,EC,2026-05-18,2026-05-28,162,149,446893.16,coke50@example.com,0679758308,COMPLETED
CMP1371,Toyota Winter Promo,Toyota,Metro FM,WC,2026-04-20,2026-05-15,36,23,464584.37,toyota12@example.com,0747182298,Active
CMP6027,Coke Winter Promo,Coke,Kaya FM,EC,2026-03-06,2026-04-05,53,56,43723.83,coke85example.com,0747066265,Completed
CMP4834,Vuma Winter Promo,Vuma,Kaya FM,EC,2026-01-12,2026-01-29,194,195,434824.35,vuma51@example.com,0875165275,Completed
CMP4374,Coke Winter Promo,Coke,Ukhozi FM,Gauteng,2026-03-18,2026-04-03,148,152,431516.92,coke60@example.com,0687055327,Active
CMP3023,Money Market Winter Promo,Money Market,Metro FM,WC,2026-01-19,2026-02-12,116,102,158365.61,moneymarket96@example.com,0814812775,COMPLETED
CMP3987,Checkers Winter Promo,Checkers,Kaya FM,Gauteng,2026-01-28,2026-02-23,151,154,492295.47,checkers98@example.com,0677044056,Paused
CMP5769,Checkers Winter Promo,Checkers,YFM,EC,2026-06-03,2026-06-12,188,173,85154.95,checkers95@example.com,0675424610,
CMP1683,Coke Winter Promo,Coke,Metro FM,KZN,18/01/2026,2026-01-27,96,81,190024.97,coke18@example.com,0847106940, active 
CMP2041,Money Market Winter Promo,Money Market,YFM,EC,2026-03-20,2026-04-17,33,34,457424.17,moneymarket39@example.com,0828093699,Paused
CMP1806, Toyota Winter Promo ,Toyota,Jacaranda,KZN,2026-05-04,2026-05-09,120,109,362010.46,toyota31@example.com,0641778669,
CMP8134,Money Market Winter Promo,Money Market,Ukhozi FM,KZN,2026-06-06,2026-07-01,38,29,481789.56,moneymarket71@example.com,0797102889,Active
CMP6410,Vuma Winter Promo,Vuma,Jacaranda,Gauteng,2026-01-27,2026-02-26,98,94,451355.64,vuma62@example.com,0815898837,Active
CMP6347,Checkers Winter Promo,Checkers,YFM,WC,2026-03-06,2026-03-12,133,135,55539.03,checkers45@example.com,0664591330,
CMP7553,Vuma Winter Promo,Vuma,Ukhozi FM,Gauteng,2026-04-14,2026-05-12,158,155,280283.69,vuma55@example.com,0756253284,COMPLETED
CMP6043,Toyota Winter Promo,Toyota,Metro FM,WC,2026-01-03,2026-01-24,146,136,,toyota47@example.com,0771192737, active 
CMP9991,Shoprite Winter Promo,Shoprite,Metro FM,KZN,2026-06-08,2026-06-28,180,170,393708.7,shoprite67@example.com,0749304245,Completed
CMP7749,Checkers Winter Promo,Checkers,Kaya FM,WC,2026-04-11,2026-04-16,143,146,203412.93,checkers91@example.com,0632967776,COMPLETED
CMP3203, Money Market Winter Promo ,Money Market,Jacaranda,KZN,2026-05-21,2026-06-06,179,167,207771.94,moneymarket69@example.com,0709659542,Active
CMP8279,Checkers Winter Promo,Checkers,Kaya FM,Gauteng,2026-04-25,2026-05-12,63,66,11122.02,checkers27@example.com,0692439406,Paused
CMP9038,Money Market Winter Promo,Money Market,Ukhozi FM,Gauteng,2026-03-29,2026-04-20,141,134,445756.8,moneymarket18@example.com,0895061528,Completed
CMP1793,Checkers Winter Promo,Checkers,YFM,EC,2026-03-12,2026-03-23,152,148,434574.21,checkers51@example.com,0892588823,Paused
CMP4765,Money Market Winter Promo,Money Market,Metro FM,EC,2026-01-07,2026-01-15,175,170,202169.28,moneymarket28example.com,0845638539,Active
CMP8345,Shoprite Winter Promo,Shoprite,YFM,Gauteng,2026-05-03,2026-05-18,173,,328793.9,shoprite81@example.com,0846840103,Completed
CMP3176,Vuma Winter Promo,Vuma,YFM,KZN,2026-06-03,2026-06-11,148,133,92280.44,vuma83@example.com,0607654913,COMPLETED
CMP1735,Coke Winter Promo,Coke,947,Gauteng,2026-04-21,2026-05-09,36,36,111701.39,coke83@example.com,07681816, active 
CMP6667,Money Market Winter Promo,Money Market,Metro FM,Gauteng,08/05/2026,2026-05-17,73,66,116943.21,moneymarket81@example.com,0714386978,Completed
CMP7918,Vuma Winter Promo,Vuma,Jacaranda,KZN,2026-04-08,2026-04-21,138,129,399318.93,vuma31example.com,0872194149,Paused
CMP9701, Toyota Winter Promo ,Toyota,YFM,EC,2026-03-09,2026-03-15,52,54,410325.86,toyota89example.com,0606279187,COMPLETED
CMP4524, Coke Winter Promo ,Coke,947,Gauteng,2026-05-17,2026-06-09,112,106,169698.45,coke54@example.com,0656327827, active 
CMP3460,Money Market Winter Promo,Money Market,947,EC,2026-01-24,2026-02-22,108,112,166237.46,moneymarket4@example.com,0627331919,
CMP4404,Checkers Winter Promo,Checkers,Metro FM,EC,2026-04-21,2026-05-02,175,180,474838.67,checkers86@example.com,06834830,Active
CMP6340,Checkers Winter Promo,Checkers,Metro FM,EC,2026-03-16,2026-04-14,167,161,202454.3,checkers17@example.com,0791162302,Paused
CMP4050,Toyota Winter Promo,Toyota,Ukhozi FM,Gauteng,2026-02-26,2026-03-21,38,36,57854.62,toyota65@example.com,0745316412, active 
CMP4543,Shoprite Winter Promo,Shoprite,Kaya FM,EC,08/03/2026,2026-04-02,75,67,315138.12,shoprite41@example.com,0655131592,Paused
CMP1011,Money Market Winter Promo,Money Market,947,WC,2026-06-25,2026-07-03,73,73,44047.72,moneymarket60@example.com,0752541013,Completed
CMP4831,Money Market Winter Promo,Money Market,Metro FM,Gauteng,2026-06-05,2026-06-13,150,147,299583.46,moneymarket82@example.com,0871580953,Active
CMP8614,Coke Winter Promo,Coke,Kaya FM,Gauteng,2026-04-11,2026-05-01,39,27,335971.15,coke83@example.com,0676751834,Completed
CMP8859,Money Market Winter Promo,Money Market,Kaya FM,KZN,30/06/2026,2026-07-06,187,184,71379.92,moneymarket31@example.com,0697426963,Active
CMP1044,Checkers Winter Promo,Checkers,Metro FM,KZN,2026-04-03,2026-04-26,36,23,314225.41,checkers25@example.com,0617679029,Completed
CMP2044,Vuma Winter Promo,Vuma,947,KZN,2026-06-29,2026-07-23,77,64,162821.18,vuma7@example.com,0601282942, active 
CMP7511,Checkers Winter Promo,checkers,Kaya FM,Gauteng,2026-02-09,2026-02-15,140,138,271557.08,checkers3@example.com,0647020053,Completed
CMP4694,Checkers Winter Promo,Checkers,Metro FM,WC,2026-05-16,2026-05-22,107,99,34658.5,checkers95@example.com,0735584767,
CMP9250,Vuma Winter Promo,Vuma,Kaya FM,EC,2026-05-15,2026-06-13,71,64,273992.33,vuma56@example.com,0686045852,Completed
CMP9237,Toyota Winter Promo,Toyota,947,KZN,2026-04-18,2026-04-29,190,176,221132.27,toyota73example.com,0866987217,Paused
CMP1223,Vuma Winter Promo,Vuma,YFM,KZN,06/03/2026,2026-03-14,36,25,67555.13,vuma44@example.com,0883084923,COMPLETED
CMP3658,Coke Winter Promo,Coke,Jacaranda,Gauteng,2026-06-18,2026-07-02,100,100,380581.49,coke5@example.com,0763221097,Active
CMP7015,Coke Winter Promo,Coke,Jacaranda,EC,2026-03-27,2026-04-07,178,175,325091.97,coke54@example.com,0872844094,Paused
CMP1049,Checkers Winter Promo,Checkers,Kaya FM,EC,2026-01-06,2026-01-21,181,178,488070.22,checkers46@example.com,0766101404,Completed
CMP6647,Money Market Winter Promo,Money Market,Metro FM,Gauteng,2026-03-07,2026-03-19,70,56,104215.88,moneymarket3@example.com,0745214527,
CMP4302,Checkers Winter Promo,Checkers,Metro FM,Gauteng,2026-04-23,2026-05-17,32,29,,checkers41@example.com,0636436272,Completed
CMP7138,Toyota Winter Promo,Toyota,Kaya FM,Gauteng,2026-04-08,2026-05-06,184,183,329631.11,toyota12@example.com,0679641130,
CMP4859,Money Market Winter Promo,Money Market,Metro FM,Gauteng,2026-04-06,2026-05-04,149,139,277891.68,moneymarket84@example.com,0683354896,COMPLETED
CMP4697,Checkers Winter Promo,Checkers,947,Gauteng,2026-01-18,2026-01-31,151,152,,checkers69@example.com,0836910901, active 
CMP9430,Vuma Winter Promo,Vuma,YFM,Gauteng,2026-01-09,2026-01-14,92,91,167436.68,vuma41@example.com,0615539869,Paused
CMP4866,Coke Winter Promo,Coke,Jacaranda,Gauteng,2026-02-07,2026-03-09,107,100,,coke12@example.com,0612883173,Active
CMP2677,Money Market Winter Promo,Money Market,YFM,WC,2026-03-16,2026-04-05,114,117,472150.53,moneymarket69@example.com,0775866632,Active
CMP2118,Coke Winter Promo,Coke,YFM,EC,2026-04-08,2026-04-29,77,70,426021.03,coke24@example.com,0698206034,
CMP5565,Shoprite Winter Promo,Shoprite,947,WC,2026-06-10,2026-06-19,72,64,145608.3,shoprite18@example.com,0703983381,Paused
CMP1337,Coke Winter Promo,Coke,YFM,EC,17/02/2026,2026-03-05,195,180,180035.58,coke89@example.com,0645729757,Paused
CMP3799,Coke Winter Promo,Coke,Metro FM,WC,2026-04-08,2026-04-27,155,146,428201.91,coke21@example.com,0883203983, active 
CMP7495,Money Market Winter Promo,Money Market,Ukhozi FM,Gauteng,2026-06-21,2026-07-02,50,53,365166.24,moneymarket71@example.com,0887398124,
CMP8989,Toyota Winter Promo,Toyota,Metro FM,WC,2026-06-25,2026-07-19,37,39,29304.13,toyota33@example.com,0774371755, active 
CMP3354,Shoprite Winter Promo,shoprite,947,Gauteng,2026-05-14,2026-06-05,91,78,11319.71,shoprite33@example.com,0632095642,Active
CMP2561,Checkers Winter Promo,Checkers,Ukhozi FM,KZN,2026-05-04,2026-05-25,24,13,495030.42,checkers97example.com,0627420836, active 
CMP7211,Shoprite Winter Promo,Shoprite,947,EC,2026-01-26,2026-02-12,177,164,202208.7,shoprite24@example.com,0885239439,
CMP5159,Money Market Winter Promo,Money Market,YFM,EC,2026-06-15,2026-06-30,139,137,94647.61,moneymarket4@example.com,0848488692,Active
CMP5734,Vuma Winter Promo,Vuma,Kaya FM,WC,2026-03-20,2026-04-04,154,142,309471.8,vuma18@example.com,0647911954,Completed
CMP3370,Checkers Winter Promo,Checkers,Ukhozi FM,KZN,2026-04-16,2026-05-06,76,73,335488.41,checkers93@example.com,0878045654,Paused
CMP2434,Coke Winter Promo,Coke,947,EC,2026-01-12,2026-01-19,48,44,218353.19,coke73@example.com,0789907593,Paused
CMP1801,Checkers Winter Promo,Checkers,947,EC,2026-03-14,2026-04-02,61,66,216378.38,checkers15@example.com,0772491137,Paused
CMP8879,Checkers Winter Promo,Checkers,Ukhozi FM,WC,2026-01-21,2026-02-03,187,179,125708.03,checkers18example.com,0732933324,
CMP8625,Checkers Winter Promo,Checkers,Ukhozi FM,WC,2026-01-10,2026-02-03,36,38,300990.88,checkers74@example.com,0862300900,Paused
CMP9716,Vuma Winter Promo,Vuma,947,EC,2026-01-10,2026-01-28,134,129,112034.81,vuma79@example.com,0898205958,Paused
CMP2832,Money Market Winter Promo,Money Market,Jacaranda,Gauteng,2026-03-16,2026-04-04,122,115,344409.8,moneymarket43@example.com,0774741479,Active
CMP5549,Vuma Winter Promo,Vuma,Kaya FM,WC,2026-04-21,2026-05-14,24,13,167771.48,vuma3@example.com,0693286422, active 
CMP7565,Coke Winter Promo,Coke,947,KZN,2026-03-17,2026-04-14,177,176,203585.86,coke54@example.com,06023621,Active
CMP6882,Toyota Winter Promo,Toyota,Metro FM,EC,2026-03-31,2026-04-06,30,24,28930.53,toyota90@example.com,0693949233,Active
CMP6092,Money Market Winter Promo,Money Market,YFM,Gauteng,2026-06-15,2026-07-10,200,205,87222.49,moneymarket92@example.com,0635673255, active 
CMP8302,Toyota Winter Promo,toyota,YFM,WC,2026-01-10,2026-01-20,166,155,131798.51,toyota95example.com,06968523,COMPLETED
CMP3657,Vuma Winter Promo,vuma,YFM,Gauteng,2026-05-18,2026-06-08,157,145,324269.41,vuma11@example.com,0818981532,COMPLETED
CMP1575,Checkers Winter Promo,Checkers,YFM,Gauteng,2026-05-29,2026-06-09,108,96,362549.85,checkers50@example.com,0798340947,Paused
CMP7085,Money Market Winter Promo,Money Market,Metro FM,KZN,2026-03-14,2026-03-21,170,173,372987.68,moneymarket58@example.com,0713047932,Active
CMP5038,Coke Winter Promo,coke,Kaya FM,WC,2026-03-11,2026-04-01,46,41,82793.55,coke62@example.com,0679080868, active 
CMP2712,Money Market Winter Promo,Money Market,YFM,WC,2026-06-23,2026-07-21,172,165,195875.08,moneymarket44@example.com,07188092,Completed
CMP3945,Checkers Winter Promo,checkers,Kaya FM,WC,2026-02-11,2026-03-06,152,150,434541.44,checkers23@example.com,07972029,Active
CMP1767,Vuma Winter Promo,Vuma,Metro FM,EC,2026-02-09,2026-02-23,184,179,298305.38,vuma86@example.com,0629912813,COMPLETED
CMP9117,Money Market Winter Promo,Money Market,YFM,Gauteng,21/06/2026,2026-06-28,86,71,348400.6,moneymarket72@example.com,0695925123,
CMP4042,Toyota Winter Promo,Toyota,947,Gauteng,2026-04-25,2026-05-07,198,191,431593.26,toyota33@example.com,0852176099,
CMP3443,Toyota Winter Promo,Toyota,Kaya FM,EC,03/02/2026,2026-02-14,200,189,270201.37,toyota59@example.com,0751484392,
CMP5957,Money Market Winter Promo,Money Market,Jacaranda,KZN,2026-04-19,2026-05-04,149,147,178668.33,moneymarket50@example.com,0825495356, active 
CMP8298,Checkers Winter Promo,Checkers,Kaya FM,KZN,2026-05-15,2026-05-31,139,138,270058.07,checkers64@example.com,0793952290,
CMP5263,Toyota Winter Promo,Toyota,Ukhozi FM,KZN,2026-01-07,2026-01-17,94,84,465537.38,toyota98example.com,0714470112, active 
CMP6911,Shoprite Winter Promo,Shoprite,Metro FM,Gauteng,2026-03-21,2026-04-02,60,65,305626.01,shoprite88@example.com,0794842164,Active
CMP4026,Money Market Winter Promo,Money Market,947,KZN,2026-04-23,2026-05-06,128,120,214613.67,moneymarket23@example.com,0708519064, active 
CMP9803,Money Market Winter Promo,Money Market,947,EC,2026-05-29,2026-06-05,157,161,,moneymarket82@example.com,0767917135,COMPLETED
CMP9254,Coke Winter Promo,Coke,Kaya FM,WC,2026-05-15,2026-05-30,67,59,163789.95,coke25@example.com,0804887577, active 
CMP4842,Shoprite Winter Promo,Shoprite,Ukhozi FM,KZN,20/02/2026,2026-03-09,54,43,286707.96,shoprite17@example.com,0657576202,
CMP2411,Shoprite Winter Promo,Shoprite,Metro FM,KZN,2026-02-12,2026-03-03,61,,53392.56,shoprite64@example.com,0861058253,COMPLETED
CMP4900,Money Market Winter Promo,Money Market,YFM,Gauteng,2026-03-27,2026-04-20,31,25,225042.9,moneymarket27@example.com,0681135345,Active
CMP5076,Checkers Winter Promo,Checkers,947,Gauteng,29/03/2026,2026-04-19,188,192,284771.26,checkers68@example.com,0879666152,Active
CMP4897, Shoprite Winter Promo ,Shoprite,Jacaranda,Gauteng,2026-03-13,2026-03-27,194,,254262.59,shoprite77@example.com,06374629,COMPLETED
CMP8456,Toyota Winter Promo,Toyota,Metro FM,WC,2026-03-22,2026-04-01,160,164,185575.54,toyota76@example.com,0666592544,COMPLETED
CMP7563,Checkers Winter Promo,checkers,Kaya FM,Gauteng,2026-03-08,2026-03-13,42,44,54352.6,checkers40@example.com,0636991833, active 
CMP4827,Shoprite Winter Promo,Shoprite,Kaya FM,EC,2026-06-09,2026-06-24,155,159,14106.45,shoprite17@example.com,0696742406,Active
CMP8004,Toyota Winter Promo,Toyota,Metro FM,EC,2026-01-03,2026-01-08,131,126,288402.48,toyota99@example.com,0818177977,
CMP2876,Vuma Winter Promo,Vuma,Kaya FM,WC,2026-05-19,2026-06-06,65,,241898.55,vuma38@example.com,0776527429,
CMP7501,Shoprite Winter Promo,Shoprite,Ukhozi FM,Gauteng,2026-01-28,2026-02-19,116,117,416950.18,shoprite45@example.com,0711570856,
CMP4032,Coke Winter Promo,Coke,YFM,EC,2026-04-28,2026-05-03,67,69,345529.15,coke43@example.com,0899234625,Completed
CMP2823,Vuma Winter Promo,vuma,YFM,KZN,2026-04-30,2026-05-24,198,200,208857.72,vuma17@example.com,0653620252,COMPLETED
CMP6226,Toyota Winter Promo,toyota,Jacaranda,EC,2026-03-26,2026-04-03,168,160,489876.09,toyota61@example.com,06527457,Active
CMP6159,Shoprite Winter Promo,Shoprite,Jacaranda,KZN,2026-06-14,2026-06-19,136,133,18082.93,shoprite33@example.com,0648686664,COMPLETED
CMP8473,Coke Winter Promo,Coke,Jacaranda,WC,2026-04-26,2026-05-20,186,180,333404.28,coke18@example.com,07564632,
CMP5595,Toyota Winter Promo,Toyota,Jacaranda,Gauteng,2026-06-10,2026-06-25,199,203,316872.56,toyota56example.com,0739599166,Paused
CMP6922,Money Market Winter Promo,Money Market,Ukhozi FM,WC,2026-06-30,2026-07-14,94,86,248920.47,moneymarket2@example.com,0787934137,Paused
CMP8166,Shoprite Winter Promo,Shoprite,947,KZN,2026-04-01,2026-04-10,118,114,183340.16,shoprite82@example.com,0688569479,Paused
CMP3406,Checkers Winter Promo,Checkers,Jacaranda,KZN,2026-02-10,2026-03-11,106,91,208533.36,checkers91@example.com,0888103475,Completed
CMP9147,Money Market Winter Promo,Money Market,Kaya FM,EC,2026-05-11,2026-05-24,131,117,338093,moneymarket19@example.com,0877790882,Paused
CMP2990, Coke Winter Promo ,Coke,947,KZN,2026-04-30,2026-05-12,164,156,234721.15,coke85@example.com,0622806706,
CMP5423,Shoprite Winter Promo,Shoprite,Metro FM,EC,2026-05-18,2026-06-14,103,104,100220.23,shoprite92@example.com,0737965497,Completed
CMP2293,Money Market Winter Promo,money market,Ukhozi FM,KZN,2026-06-29,2026-07-14,146,140,13882.41,moneymarket39@example.com,0725752511,
CMP7358,Money Market Winter Promo,Money Market,YFM,WC,2026-01-24,2026-02-11,168,155,308676.85,moneymarket74@example.com,0684748086,Paused
CMP3443,Money Market Winter Promo,Money Market,Ukhozi FM,KZN,2026-04-16,2026-05-10,134,136,331487.13,moneymarket68@example.com,0725093222,Completed
CMP9258,Vuma Winter Promo,Vuma,Kaya FM,WC,2026-02-19,2026-03-05,114,100,314337.32,vuma89@example.com,0888013368,Completed
CMP5607,Toyota Winter Promo,Toyota,947,Gauteng,2026-06-08,2026-07-01,51,37,224732.2,toyota39@example.com,0811133832,Paused
CMP6033,Shoprite Winter Promo,Shoprite,Kaya FM,KZN,27/02/2026,2026-03-25,69,54,46951.79,shoprite94@example.com,0778117314, active 
CMP4384, Vuma Winter Promo ,Vuma,Kaya FM,EC,2026-04-26,2026-05-24,94,97,160369.28,vuma91@example.com,0755910821,COMPLETED
CMP8715,Coke Winter Promo,Coke,YFM,KZN,2026-05-15,2026-06-11,95,93,363842.32,coke3@example.com,0638974699,Paused
CMP8634,Money Market Winter Promo,Money Market,Jacaranda,Gauteng,2026-06-10,2026-07-10,90,75,462719.27,moneymarket56@example.com,0738118792,Active
CMP3636,Toyota Winter Promo,Toyota,YFM,EC,2026-03-22,2026-04-10,80,81,295817.86,toyota56@example.com,0609389526,Completed
CMP1988,Checkers Winter Promo,Checkers,YFM,EC,2026-04-17,2026-04-28,88,83,207490.05,checkers29@example.com,0698006354,Active
CMP4582,Checkers Winter Promo,Checkers,Ukhozi FM,WC,2026-06-02,2026-06-26,149,152,392355.72,checkers59@example.com,07591281,Paused
CMP2654,Money Market Winter Promo,Money Market,Ukhozi FM,WC,2026-01-01,2026-01-13,58,55,314274.99,moneymarket67@example.com,0668071479, active 
CMP7729,Money Market Winter Promo,Money Market,947,KZN,2026-05-28,2026-06-24,149,145,397916.62,moneymarket97@example.com,0719229043, active 
CMP8285,Checkers Winter Promo,Checkers,Metro FM,WC,11/06/2026,2026-06-22,147,,29808.75,checkers85@example.com,0782338998,Paused
CMP4319,Toyota Winter Promo,Toyota,947,KZN,2026-05-25,2026-06-07,21,13,494827.04,toyota9@example.com,0612067289,
CMP7035,Checkers Winter Promo,Checkers,Ukhozi FM,EC,2026-02-25,2026-03-06,160,163,278147.71,checkers19@example.com,0723900535,Paused
CMP2638,Shoprite Winter Promo,Shoprite,Kaya FM,KZN,2026-04-12,2026-05-02,107,105,450783.77,shoprite85@example.com,07220431,COMPLETED
CMP6758, Shoprite Winter Promo ,Shoprite,947,KZN,2026-04-20,2026-05-08,24,15,305382.04,shoprite98@example.com,0604169456, active 
CMP2798,Money Market Winter Promo,Money Market,947,EC,2026-01-05,2026-01-30,35,38,417288.33,moneymarket19example.com,0831545715,COMPLETED
CMP6602,Checkers Winter Promo,checkers,Kaya FM,KZN,2026-04-11,2026-04-16,149,149,393120.24,checkers92@example.com,06568499,Active
CMP9254,Shoprite Winter Promo,Shoprite,Metro FM,Gauteng,2026-02-13,2026-02-19,39,37,24522.52,shoprite91@example.com,06222280, active 
CMP1707,Vuma Winter Promo,Vuma,Kaya FM,WC,2026-03-08,2026-03-25,59,64,365618.17,vuma44@example.com,0641724112,COMPLETED
CMP6659,Vuma Winter Promo,Vuma,Kaya FM,Gauteng,2026-04-05,2026-04-16,182,185,151855.91,vuma62@example.com,0778304391,Active
CMP7854,Vuma Winter Promo,Vuma,Ukhozi FM,WC,2026-02-07,2026-02-28,101,101,349218.07,vuma21@example.com,0744052278,Completed
CMP4783,Vuma Winter Promo,Vuma,Ukhozi FM,WC,2026-05-17,2026-06-09,52,52,27082.47,vuma89@example.com,06740787,Active
CMP7641,Money Market Winter Promo,Money Market,YFM,EC,2026-03-12,2026-03-19,68,71,329427.74,moneymarket5@example.com,0776183046,
CMP5821,Shoprite Winter Promo,Shoprite,947,WC,2026-05-17,2026-05-27,138,136,425405.83,shoprite26@example.com,0892515220,Active
CMP8232,Vuma Winter Promo,Vuma,Jacaranda,Gauteng,2026-02-15,2026-03-09,75,61,364788.69,vuma92@example.com,0631191844, active 
CMP5362,Money Market Winter Promo,Money Market,Kaya FM,Gauteng,2026-06-23,2026-07-19,73,68,433059.48,moneymarket92@example.com,0618772647,Active
CMP6920,Shoprite Winter Promo,Shoprite,Jacaranda,WC,2026-05-19,2026-06-10,50,36,,shoprite70@example.com,0703591998,COMPLETED
CMP9379,Toyota Winter Promo,Toyota,YFM,Gauteng,2026-02-03,2026-02-24,62,48,253902.58,toyota40@example.com,0847722345,Active
CMP3361,Coke Winter Promo,Coke,Metro FM,KZN,2026-04-10,2026-04-22,127,128,255125.41,coke60@example.com,0801514472, active 
CMP4199,Shoprite Winter Promo,shoprite,947,WC,2026-06-29,2026-07-20,160,153,191545.95,shoprite7@example.com,0627069054,Completed
CMP6402,Money Market Winter Promo,Money Market,YFM,WC,2026-04-26,2026-05-17,80,69,270184.41,moneymarket61@example.com,0601326946, active 
CMP8680,Money Market Winter Promo,Money Market,Ukhozi FM,Gauteng,2026-06-04,2026-06-13,71,75,436930.75,moneymarket99@example.com,0614546307,Completed
CMP2141,Vuma Winter Promo,Vuma,Metro FM,KZN,2026-01-29,2026-02-14,27,17,392808.3,vuma52@example.com,0731539012,Active
CMP2616,Toyota Winter Promo,Toyota,Ukhozi FM,WC,2026-02-08,2026-02-20,24,22,339697.49,toyota54@example.com,0694689901,Completed
CMP2382,Vuma Winter Promo,Vuma,Ukhozi FM,WC,2026-05-03,2026-05-11,107,107,80208.91,vuma38@example.com,0717898573, active 
CMP9009,Shoprite Winter Promo,Shoprite,Ukhozi FM,Gauteng,2026-04-19,2026-05-04,159,144,343704.61,shoprite28@example.com,0852911077, active 
CMP6939,Toyota Winter Promo,Toyota,Kaya FM,Gauteng,2026-04-11,2026-04-16,135,132,355671.71,toyota72@example.com,06570493,COMPLETED
CMP1179,Shoprite Winter Promo,Shoprite,Ukhozi FM,WC,2026-01-16,2026-02-04,93,83,454978.8,shoprite81@example.com,0621111201,COMPLETED
CMP2007, Checkers Winter Promo ,checkers,YFM,Gauteng,2026-05-11,2026-05-23,72,75,199391.22,checkers91@example.com,0749867025,
CMP2411, Vuma Winter Promo ,Vuma,Kaya FM,KZN,2026-02-18,2026-03-02,140,132,398873.01,vuma20@example.com,0816139533,
CMP7872,Money Market Winter Promo,Money Market,947,EC,2026-02-03,2026-03-02,52,37,368288.73,moneymarket65@example.com,0752700525,
CMP5446,Money Market Winter Promo,Money Market,947,WC,2026-02-14,2026-03-13,116,108,165046.74,moneymarket30@example.com,0882281710,
CMP8708, Vuma Winter Promo ,Vuma,YFM,KZN,29/03/2026,2026-04-20,98,94,78917.86,vuma53@example.com,0803822183,COMPLETED
CMP4976,Money Market Winter Promo,Money Market,Metro FM,Gauteng,20/03/2026,2026-04-06,183,,202773.3,moneymarket58@example.com,0694446540,Paused
CMP9793,Toyota Winter Promo,Toyota,947,KZN,2026-06-09,2026-06-16,117,105,237319.05,toyota45@example.com,0806324469,Active
CMP5967,Toyota Winter Promo,Toyota,YFM,WC,2026-03-13,2026-04-03,42,42,407917.6,toyota66@example.com,0712849215,COMPLETED
CMP8525,Checkers Winter Promo,Checkers,Ukhozi FM,WC,2026-02-14,2026-03-09,128,125,351529.71,checkers81@example.com,0864673231,
CMP2228,Checkers Winter Promo,Checkers,Metro FM,KZN,2026-04-09,2026-04-26,103,108,282403.26,checkers42@example.com,0717041061,Completed
CMP4142,Shoprite Winter Promo,Shoprite,Metro FM,Gauteng,2026-06-22,2026-07-09,184,188,125745.98,shoprite68@example.com,0857511872,COMPLETED
CMP8099,Toyota Winter Promo,Toyota,Ukhozi FM,EC,2026-06-21,2026-07-21,134,119,116925.82,toyota80@example.com,0606021008, active 
CMP2320,Money Market Winter Promo,Money Market,Kaya FM,KZN,2026-01-16,2026-01-29,88,79,347144.16,moneymarket37@example.com,0606366898,
CMP8325,Vuma Winter Promo,Vuma,Kaya FM,WC,2026-01-03,2026-01-08,187,,446702.09,vuma98@example.com,0684008214, active 
CMP6600,Vuma Winter Promo,Vuma,Metro FM,WC,2026-03-09,2026-04-05,149,154,147946.22,vuma14@example.com,0654943113,
CMP3384, Checkers Winter Promo ,Checkers,Metro FM,KZN,2026-03-20,2026-03-25,197,185,396698.6,checkers8@example.com,0657870537,Paused
CMP7584,Toyota Winter Promo,Toyota,YFM,EC,2026-01-15,2026-02-04,144,145,381796.29,toyota2@example.com,0823302908,Paused
CMP5177,Vuma Winter Promo,Vuma,Kaya FM,EC,2026-04-03,2026-04-29,60,65,231205.08,vuma34example.com,0716721652,COMPLETED
CMP9056,Checkers Winter Promo,Checkers,Metro FM,KZN,2026-04-12,2026-05-04,128,128,,checkers51@example.com,0642371061,Completed
CMP9180,Toyota Winter Promo,Toyota,Jacaranda,KZN,2026-05-09,2026-05-14,29,20,47191.23,toyota51@example.com,0782445559, active 
CMP5430, Shoprite Winter Promo ,shoprite,YFM,EC,2026-04-12,2026-05-10,43,36,308909.59,shoprite24@example.com,0783524258,
CMP4111,Toyota Winter Promo,Toyota,Metro FM,WC,2026-03-17,2026-04-14,116,112,,toyota86@example.com,0824449707, active 
CMP8994,Toyota Winter Promo,Toyota,Ukhozi FM,KZN,2026-06-13,2026-06-26,129,134,168516.11,toyota97example.com,0719086999,Completed
CMP8369,Vuma Winter Promo,Vuma,Kaya FM,WC,2026-02-22,2026-03-24,68,58,165223.5,vuma99@example.com,0709560769,Completed
CMP7378,Shoprite Winter Promo,Shoprite,947,KZN,2026-03-21,2026-04-11,121,126,100523.63,shoprite27@example.com,0705414550,Completed
CMP9748,Shoprite Winter Promo,shoprite,YFM,WC,2026-04-30,2026-05-24,60,61,423637.59,shoprite90@example.com,06192861,Completed
CMP7560,Toyota Winter Promo,Toyota,YFM,KZN,2026-02-08,2026-03-02,183,174,462034.36,toyota96@example.com,0808299863,
CMP7367,Coke Winter Promo,Coke,YFM,Gauteng,2026-06-03,2026-06-17,32,32,91849.59,coke81@example.com,0679357304,Active
CMP2680,Checkers Winter Promo,Checkers,Kaya FM,Gauteng,2026-06-22,2026-07-22,21,19,15129.47,checkers79@example.com,06534579,Completed
CMP8942,Vuma Winter Promo,Vuma,947,WC,2026-02-24,2026-03-23,172,174,311885.67,vuma44@example.com,0649381758,
CMP9291,Money Market Winter Promo,money market,Jacaranda,KZN,2026-03-12,2026-04-07,151,141,150102.86,moneymarket17@example.com,0846132247,
CMP4976,Money Market Winter Promo,Money Market,Metro FM,Gauteng,2026-06-22,2026-07-19,196,190,256701.98,moneymarket29@example.com,0602690269,Paused
CMP9618,Coke Winter Promo,Coke,Ukhozi FM,EC,2026-02-12,2026-03-14,160,160,492601.66,coke85@example.com,0637540903,
CMP1679, Toyota Winter Promo ,Toyota,Jacaranda,EC,2026-01-10,2026-01-24,188,173,286132.2,toyota76@example.com,0609847332, active 
CMP6892,Checkers Winter Promo,Checkers,YFM,KZN,2026-01-04,2026-01-12,85,,40975.96,checkers18example.com,08582558,COMPLETED
CMP4809,Money Market Winter Promo,Money Market,Ukhozi FM,EC,2026-05-17,2026-06-09,94,95,270007.13,moneymarket49@example.com,0684860405, active 
CMP5665,Vuma Winter Promo,Vuma,Metro FM,EC,2026-05-18,2026-06-13,68,65,51163.01,vuma45@example.com,0864743711,Paused
CMP4428,Coke Winter Promo,Coke,Ukhozi FM,Gauteng,2026-06-26,2026-07-07,60,63,488419.87,coke6@example.com,0763501359,
CMP8301,Toyota Winter Promo,Toyota,Ukhozi FM,KZN,2026-01-16,2026-01-24,108,107,429059.31,toyota13example.com,0862915951,Paused
CMP8908,Vuma Winter Promo,Vuma,Metro FM,Gauteng,2026-04-05,2026-04-23,196,192,,vuma57@example.com,0718411152, active 
CMP3835, Checkers Winter Promo ,Checkers,947,EC,2026-02-14,2026-02-24,184,171,337328.67,checkers15@example.com,0646874847,COMPLETED
CMP9987,Toyota Winter Promo,Toyota,Kaya FM,KZN,2026-05-05,2026-05-24,45,35,327994.32,toyota5@example.com,0743008954, active 
CMP3274,Money Market Winter Promo,Money Market,Jacaranda,WC,2026-02-10,2026-02-16,147,138,140804.95,moneymarket40example.com,0625718851,Completed
CMP2644,Checkers Winter Promo,Checkers,Kaya FM,Gauteng,02/02/2026,2026-03-02,36,23,101231.36,checkers49@example.com,0657484992,Completed
CMP5101,Shoprite Winter Promo,shoprite,947,Gauteng,2026-05-03,2026-05-25,124,127,14837.95,shoprite99@example.com,0747731072, active 
CMP6299,Checkers Winter Promo,Checkers,Metro FM,Gauteng,13/04/2026,2026-05-11,164,165,416611.78,checkers6@example.com,0778269120,
CMP8501,Checkers Winter Promo,Checkers,YFM,KZN,2026-01-01,2026-01-18,177,167,484282.74,checkers2example.com,0852833315, active 
CMP5865,Coke Winter Promo,Coke,Metro FM,KZN,2026-01-17,2026-02-16,98,96,462810.31,coke68@example.com,06561049,COMPLETED
CMP4905,Money Market Winter Promo,Money Market,947,WC,2026-04-06,2026-05-06,192,,,moneymarket50@example.com,06084571, active 
CMP6011,Money Market Winter Promo,Money Market,947,Gauteng,2026-01-25,2026-02-11,117,111,24029.58,moneymarket30@example.com,0762675774, active 
CMP6108,Toyota Winter Promo,Toyota,YFM,EC,2026-02-18,2026-03-17,158,,93888.64,toyota96@example.com,0817828415, active 
CMP2883,Vuma Winter Promo,Vuma,Metro FM,WC,2026-02-08,2026-03-06,131,125,465808.33,vuma42@example.com,0745850314,Paused
CMP5454,Coke Winter Promo,Coke,Ukhozi FM,KZN,2026-02-03,2026-03-03,89,82,151470.75,coke20@example.com,0813851472,Paused
CMP3515,Shoprite Winter Promo,Shoprite,Kaya FM,WC,2026-04-05,2026-04-11,60,57,214302.49,shoprite9@example.com,0686180883,Active
CMP6204,Shoprite Winter Promo,Shoprite,Kaya FM,WC,2026-03-05,2026-03-20,185,171,452601.58,shoprite31@example.com,0761773882,Active
CMP1586,Coke Winter Promo,Coke,Jacaranda,WC,2026-05-24,2026-06-07,80,69,496201.67,coke57@example.com,0649207311,Paused
CMP1300,Shoprite Winter Promo,Shoprite,947,KZN,2026-01-02,2026-01-24,33,36,400906.93,shoprite48@example.com,0654775422,Paused
CMP4614, Vuma Winter Promo ,Vuma,Jacaranda,WC,2026-06-01,2026-06-25,194,184,229907.45,vuma66@example.com,0662478820,Active
CMP3957,Checkers Winter Promo,Checkers,Kaya FM,Gauteng,2026-04-05,2026-04-21,66,52,331480.84,checkers27@example.com,0602340223,COMPLETED
CMP4527,Coke Winter Promo,Coke,Jacaranda,Gauteng,2026-03-15,2026-03-28,145,147,295582.9,coke9@example.com,0725591069,Paused
CMP5429,Money Market Winter Promo,Money Market,YFM,EC,2026-05-31,2026-06-30,164,162,193289.59,moneymarket44@example.com,0788760403,
CMP5699,Coke Winter Promo,Coke,947,KZN,2026-02-16,2026-03-02,185,185,490038.69,coke58@example.com,0868084239,
CMP5687,Vuma Winter Promo,Vuma,Metro FM,WC,2026-03-09,2026-03-20,32,34,88823.14,vuma34@example.com,0679455599,
CMP7294,Toyota Winter Promo,Toyota,Ukhozi FM,EC,22/01/2026,2026-01-31,35,38,487772.64,toyota53@example.com,0888349519,Completed
CMP1349,Shoprite Winter Promo,Shoprite,947,Gauteng,2026-03-03,2026-03-26,197,189,28188.13,shoprite78@example.com,0674078889,
CMP9882,Checkers Winter Promo,Checkers,Ukhozi FM,EC,2026-03-10,2026-03-23,172,171,256079.4,checkers25@example.com,0701904967,Paused
CMP2820,Vuma Winter Promo,Vuma,947,EC,2026-02-17,2026-02-22,148,136,479040.46,vuma77@example.com,0838689887,Completed
CMP5373,Vuma Winter Promo,Vuma,Ukhozi FM,EC,2026-04-04,2026-04-28,164,167,284139.34,vuma41@example.com,0686064139,Paused
CMP3234,Money Market Winter Promo,Money Market,Kaya FM,KZN,2026-04-03,2026-04-24,113,111,110379.46,moneymarket73example.com,0794702065,Completed
CMP6402,Money Market Winter Promo,Money Market,Kaya FM,WC,2026-02-04,2026-02-22,20,14,41610.58,moneymarket13@example.com,0778559979,Paused
CMP2691,Shoprite Winter Promo,Shoprite,Kaya FM,KZN,2026-01-25,2026-02-08,101,91,142210.03,shoprite91@example.com,0854629777,Completed
CMP3220,Vuma Winter Promo,Vuma,Metro FM,EC,2026-04-24,2026-05-19,33,28,183310.75,vuma71@example.com,0745238759,Active
CMP5226,Coke Winter Promo,Coke,Jacaranda,Gauteng,2026-02-11,2026-03-03,195,184,228042.61,coke40@example.com,0689328835,
CMP3937,Checkers Winter Promo,Checkers,Kaya FM,Gauteng,2026-06-11,2026-06-29,26,20,420561.96,checkers4@example.com,0834554792, active 
CMP6371,Shoprite Winter Promo,Shoprite,YFM,WC,2026-01-28,2026-02-27,36,33,188342.4,shoprite49@example.com,0789637803,
CMP3757,Toyota Winter Promo,Toyota,Kaya FM,Gauteng,2026-05-07,2026-05-25,49,35,,toyota51@example.com,0828943141,
CMP6578,Coke Winter Promo,Coke,947,KZN,2026-05-28,2026-06-06,187,176,487967.75,coke68@example.com,0792202999, active 
CMP2979,Checkers Winter Promo,Checkers,947,KZN,2026-05-03,2026-05-31,186,183,178810.49,checkers22@example.com,0793554164,
CMP8674,Shoprite Winter Promo,Shoprite,Kaya FM,Gauteng,2026-06-06,2026-06-11,95,83,225147.47,shoprite65@example.com,08259231,COMPLETED
CMP3789,Vuma Winter Promo,Vuma,Kaya FM,KZN,2026-05-01,2026-05-16,120,109,194655.09,vuma46@example.com,0771054485,Active
CMP9802,Shoprite Winter Promo,Shoprite,YFM,Gauteng,2026-05-02,2026-05-20,119,107,368862.17,shoprite15example.com,0676433474,Paused
CMP7575,Toyota Winter Promo,Toyota,Kaya FM,EC,2026-06-12,2026-06-30,56,49,16439.46,toyota26@example.com,0679906368,
CMP5140,Vuma Winter Promo,Vuma,Kaya FM,KZN,2026-04-10,2026-04-16,152,139,155308.11,vuma79@example.com,0887740466,Completed
CMP2391,Money Market Winter Promo,Money Market,Metro FM,KZN,2026-05-09,2026-05-27,108,95,456765.97,moneymarket91@example.com,0892066229,COMPLETED
CMP1647,Checkers Winter Promo,Checkers,Ukhozi FM,KZN,2026-05-21,2026-06-17,146,131,346638.98,checkers37@example.com,0838095476,Active
CMP5294,Coke Winter Promo,Coke,Kaya FM,KZN,2026-01-18,2026-02-02,32,19,54605,coke7@example.com,0683717036,Paused
CMP1916,Shoprite Winter Promo,Shoprite,YFM,EC,2026-06-24,2026-07-24,81,84,85197.05,shoprite43@example.com,0763286675,Active
CMP3997,Money Market Winter Promo,Money Market,947,KZN,2026-01-20,2026-02-01,86,82,150439.74,moneymarket21@example.com,0779381620,Completed
CMP7197,Shoprite Winter Promo,shoprite,Kaya FM,WC,2026-02-23,2026-03-17,20,22,348622.35,shoprite33@example.com,0899982513,Active
CMP9037,Money Market Winter Promo,Money Market,Jacaranda,WC,2026-04-01,2026-04-09,59,63,176525.58,moneymarket37@example.com,08518162,Completed
CMP6215,Toyota Winter Promo,Toyota,YFM,KZN,2026-05-23,2026-06-06,57,55,42966.44,toyota63@example.com,08467133,COMPLETED
CMP4509,Checkers Winter Promo,Checkers,Kaya FM,Gauteng,2026-01-04,2026-01-17,84,72,397615.74,checkers9@example.com,07976097, active 
CMP5152,Money Market Winter Promo,Money Market,YFM,KZN,2026-06-29,2026-07-27,161,,337908.89,moneymarket74@example.com,08221819,Active
CMP5634,Money Market Winter Promo,Money Market,Jacaranda,KZN,2026-02-19,2026-02-26,21,9,206846.88,moneymarket35@example.com,0799961723,
CMP2255,Vuma Winter Promo,Vuma,Metro FM,EC,2026-03-20,2026-04-10,159,147,452208.97,vuma63@example.com,0688877352,Active
CMP3746,Money Market Winter Promo,money market,Ukhozi FM,EC,2026-03-30,2026-04-14,56,55,376455.77,moneymarket47@example.com,0868875425,Paused
CMP4094,Toyota Winter Promo,Toyota,Metro FM,Gauteng,09/03/2026,2026-04-02,66,58,432498.87,toyota65@example.com,0828503293,Completed
CMP4407,Toyota Winter Promo,Toyota,Kaya FM,EC,2026-01-27,2026-02-23,23,,,toyota13@example.com,07464920,Completed
CMP1403,Checkers Winter Promo,Checkers,Jacaranda,EC,2026-04-23,2026-05-09,143,145,459352.67,checkers47@example.com,0606583419, active 
CMP9665,Vuma Winter Promo,Vuma,Kaya FM,WC,2026-05-27,2026-06-17,186,173,92757.15,vuma58@example.com,0718485019,Active
CMP9489, Vuma Winter Promo ,Vuma,Kaya FM,Gauteng,2026-06-01,2026-06-14,152,138,439420.49,vuma79@example.com,0803845474,COMPLETED
CMP4802,Shoprite Winter Promo,Shoprite,YFM,WC,2026-03-04,2026-03-18,142,128,403743.98,shoprite40@example.com,0887384686,Paused
CMP6393,Vuma Winter Promo,Vuma,947,Gauteng,2026-06-24,2026-07-15,169,154,350801.25,vuma73@example.com,0761430684,COMPLETED
CMP9134,Toyota Winter Promo,Toyota,Ukhozi FM,EC,2026-04-28,2026-05-04,58,43,483791,toyota18@example.com,0878239415,
CMP2569,Checkers Winter Promo,Checkers,947,EC,2026-06-30,2026-07-06,80,82,93318.73,checkers53@example.com,07950620,COMPLETED
CMP7449,Checkers Winter Promo,Checkers,YFM,KZN,2026-04-16,2026-04-28,79,66,201883.53,checkers74@example.com,0863760450,
CMP5575,Checkers Winter Promo,Checkers,Ukhozi FM,WC,2026-04-25,2026-05-25,159,155,56644.93,checkers20@example.com,0669659119,
CMP1649,Coke Winter Promo,Coke,YFM,KZN,2026-01-31,2026-02-27,94,91,36406.34,coke32example.com,0651188163, active 
CMP4272,Toyota Winter Promo,Toyota,YFM,Gauteng,2026-01-29,2026-02-15,59,52,347708.51,toyota89@example.com,0826690115,Paused
CMP2199,Toyota Winter Promo,toyota,YFM,KZN,2026-06-06,2026-06-16,86,79,97842.33,toyota74@example.com,0885809206,Paused
CMP4756,Coke Winter Promo,Coke,YFM,Gauteng,2026-06-13,2026-06-30,59,57,307914.97,coke45@example.com,0737498843, active 
CMP4483,Toyota Winter Promo,Toyota,947,EC,2026-01-29,2026-02-07,166,160,83019.28,toyota71@example.com,0849964263,
CMP9092,Checkers Winter Promo,Checkers,Ukhozi FM,KZN,2026-01-25,2026-02-23,89,77,211631.58,checkers68@example.com,0782770727, active 
CMP1044,Shoprite Winter Promo,Shoprite,Ukhozi FM,WC,2026-04-01,2026-04-10,90,85,394176.16,shoprite71@example.com,0653863578,Active
CMP7421,Shoprite Winter Promo,Shoprite,Jacaranda,KZN,2026-01-07,2026-02-02,196,194,70464.11,shoprite19@example.com,0875748208,
CMP9148,Money Market Winter Promo,Money Market,Jacaranda,EC,2026-02-23,2026-03-17,40,44,57434.71,moneymarket28@example.com,0624187465,Paused
CMP6553,Checkers Winter Promo,Checkers,947,EC,2026-05-30,2026-06-18,25,24,454428.21,checkers29@example.com,0881589730,Active
CMP3248,Shoprite Winter Promo,Shoprite,Jacaranda,EC,2026-06-14,2026-07-07,138,141,412359.97,shoprite48@example.com,0841261334, active 
CMP7519,Vuma Winter Promo,Vuma,Metro FM,Gauteng,08/03/2026,2026-03-17,193,181,169767.84,vuma99@example.com,0643419018,
CMP5994,Coke Winter Promo,Coke,Ukhozi FM,KZN,2026-04-15,2026-05-15,167,157,144054.64,coke97@example.com,0789693747,Paused
CMP5033,Money Market Winter Promo,Money Market,YFM,WC,2026-06-10,2026-07-01,72,59,155330.65,moneymarket5@example.com,0862375501,Paused
CMP1521,Shoprite Winter Promo,Shoprite,YFM,WC,2026-03-06,2026-03-25,45,50,316221.3,shoprite39@example.com,0747887486,Completed
CMP9999,Shoprite Winter Promo,Shoprite,947,KZN,2026-03-12,2026-04-01,196,196,347413.68,shoprite31@example.com,0764528432, active 
CMP7885,Money Market Winter Promo,Money Market,947,WC,2026-03-30,2026-04-27,123,116,483910.16,moneymarket97@example.com,0644877739,COMPLETED
CMP9477, Money Market Winter Promo ,Money Market,947,Gauteng,2026-05-21,2026-06-09,41,32,201804.82,moneymarket88@example.com,0795415749,COMPLETED
CMP9076, Toyota Winter Promo ,Toyota,947,WC,2026-02-11,2026-03-09,145,140,267645.71,toyota86@example.com,0872007116,Active
CMP9791,Shoprite Winter Promo,Shoprite,Ukhozi FM,WC,2026-04-09,2026-05-08,126,124,323316.36,shoprite42example.com,07671973,
CMP7016,Shoprite Winter Promo,Shoprite,Kaya FM,KZN,2026-02-05,2026-03-05,48,48,255592.66,shoprite9@example.com,0731600542,Paused
CMP6984,Coke Winter Promo,Coke,YFM,Gauteng,2026-01-09,2026-02-04,120,,259990.18,coke57@example.com,0641997738,Active
CMP7275,Shoprite Winter Promo,Shoprite,YFM,EC,2026-03-20,2026-04-04,75,60,461314.3,shoprite80@example.com,0785200658,Active
CMP5693,Money Market Winter Promo,Money Market,YFM,KZN,05/06/2026,2026-06-28,181,176,88745.6,moneymarket82@example.com,0751564650, active 
CMP4857,Checkers Winter Promo,Checkers,Kaya FM,KZN,2026-03-08,2026-03-19,167,158,432683.12,checkers77@example.com,0825654102,Active
CMP9723,Money Market Winter Promo,Money Market,Metro FM,Gauteng,2026-01-07,2026-01-23,86,73,208001.42,moneymarket57example.com,0625924730,Completed
CMP6398,Coke Winter Promo,Coke,947,EC,2026-04-13,2026-05-07,26,28,,coke51@example.com,0753053921,Paused
CMP7791,Vuma Winter Promo,Vuma,Metro FM,Gauteng,2026-05-27,2026-06-02,126,115,459505.05,vuma94example.com,0648723868,Completed
CMP9745, Coke Winter Promo ,Coke,Ukhozi FM,Gauteng,2026-05-26,2026-06-23,199,194,439704.58,coke37@example.com,0716834225,COMPLETED
CMP5907,Shoprite Winter Promo,Shoprite,Metro FM,WC,2026-04-02,2026-04-10,90,88,400279.58,shoprite12@example.com,0641966507, active 
CMP4229, Money Market Winter Promo ,Money Market,Kaya FM,WC,2026-02-15,2026-02-22,139,134,353650.29,moneymarket34@example.com,0609413141,COMPLETED
CMP4166,Checkers Winter Promo,Checkers,947,EC,2026-02-22,2026-03-03,35,,232477.17,checkers46@example.com,0814207980, active 
CMP9180,Toyota Winter Promo,Toyota,YFM,EC,2026-04-06,2026-05-04,84,70,213855.94,toyota20@example.com,0653601065,Active
CMP1591,Money Market Winter Promo,Money Market,Ukhozi FM,Gauteng,15/01/2026,2026-02-11,43,31,354204.7,moneymarket27@example.com,0897085096,Paused
CMP1601,Shoprite Winter Promo,Shoprite,947,KZN,2026-04-23,2026-05-05,112,101,192687.54,shoprite68@example.com,0683552145,COMPLETED
CMP6315, Toyota Winter Promo ,Toyota,Ukhozi FM,WC,2026-01-30,2026-02-15,94,88,401804.86,toyota77@example.com,0847965287,COMPLETED
CMP6130,Toyota Winter Promo,Toyota,Metro FM,EC,2026-06-06,2026-07-01,183,,469832.05,toyota66@example.com,0769181457,
CMP7124,Checkers Winter Promo,Checkers,YFM,KZN,2026-05-12,2026-05-29,72,67,473078.5,checkers61@example.com,0881353070,Completed
CMP1502,Coke Winter Promo,Coke,Metro FM,WC,2026-06-20,2026-07-15,187,188,429633.97,coke89@example.com,0688198159,
CMP4255,Shoprite Winter Promo,Shoprite,947,WC,2026-03-16,2026-04-13,41,28,248121.79,shoprite27@example.com,0814687454,Active
CMP6574,Money Market Winter Promo,money market,Metro FM,Gauteng,2026-02-15,2026-03-05,145,134,470667.62,moneymarket91@example.com,0806502427,
CMP7434,Coke Winter Promo,coke,Jacaranda,KZN,2026-01-01,2026-01-09,145,133,222401.28,coke63@example.com,0614740019,Active
CMP8298, Toyota Winter Promo ,Toyota,Ukhozi FM,EC,2026-01-09,2026-01-18,38,26,50444.79,toyota58@example.com,0704994451, active 
CMP7025,Money Market Winter Promo,Money Market,Metro FM,Gauteng,2026-06-19,2026-06-30,20,18,457084.34,moneymarket59@example.com,0646011390, active 
CMP2414,Vuma Winter Promo,Vuma,YFM,Gauteng,2026-04-12,2026-04-17,58,55,440576.81,vuma90@example.com,0741194879,Active
CMP5644,Money Market Winter Promo,Money Market,Jacaranda,KZN,2026-04-25,2026-05-09,22,21,414128.32,moneymarket80@example.com,0605002180,COMPLETED
CMP5753,Shoprite Winter Promo,Shoprite,Kaya FM,Gauteng,2026-03-03,2026-03-13,75,75,42148.28,shoprite34@example.com,0815525490,Active
CMP1460, Checkers Winter Promo ,Checkers,Ukhozi FM,Gauteng,2026-03-08,2026-03-19,152,142,479229.11,checkers80@example.com,0755680815,Active
CMP5654, Money Market Winter Promo ,Money Market,Metro FM,Gauteng,2026-02-07,2026-02-26,124,123,16312.23,moneymarket81@example.com,0614229533,
CMP7954,Toyota Winter Promo,Toyota,Kaya FM,WC,2026-04-19,2026-05-18,28,25,109719.65,toyota58@example.com,08465779,Active
CMP8094,Checkers Winter Promo,Checkers,947,WC,2026-05-29,2026-06-26,135,123,486523.92,checkers49@example.com,0815518929,Completed
CMP7406,Toyota Winter Promo,Toyota,Kaya FM,WC,2026-06-17,2026-06-22,107,101,199459.09,toyota97@example.com,0615537729,COMPLETED
CMP7036,Shoprite Winter Promo,Shoprite,Ukhozi FM,WC,2026-03-11,2026-03-21,129,114,432535.22,shoprite29@example.com,0672987394, active 
CMP2203,Money Market Winter Promo,Money Market,YFM,EC,2026-03-20,2026-04-15,164,158,350439.99,moneymarket94@example.com,0611970928,Active
CMP7248, Shoprite Winter Promo ,Shoprite,YFM,EC,14/05/2026,2026-06-09,20,5,83853.96,shoprite39@example.com,0748442063,Active
CMP1049,Coke Winter Promo,Coke,Metro FM,KZN,2026-06-23,2026-07-10,98,89,454789.38,coke94@example.com,0769623735, active 
CMP2824,Coke Winter Promo,Coke,Metro FM,WC,2026-01-03,2026-01-24,69,70,25005.86,coke86@example.com,08549930,Paused
CMP1717,Shoprite Winter Promo,Shoprite,947,KZN,2026-05-28,2026-06-14,190,187,255287.46,shoprite30@example.com,0713897129,Paused
CMP5196,Money Market Winter Promo,Money Market,Jacaranda,Gauteng,30/04/2026,2026-05-19,87,84,379343.87,moneymarket84@example.com,0724167458, active 
CMP3044,Checkers Winter Promo,Checkers,YFM,EC,2026-03-30,2026-04-29,97,87,54785.86,checkers44@example.com,08712265, active 
CMP2783, Toyota Winter Promo ,Toyota,Jacaranda,WC,2026-03-16,2026-03-29,38,27,380803.37,toyota25@example.com,0809377659,Active
CMP4906, Checkers Winter Promo ,Checkers,947,Gauteng,2026-04-03,2026-04-30,41,39,287120.04,checkers92@example.com,0622274724,Completed
CMP7061,Toyota Winter Promo,Toyota,Ukhozi FM,Gauteng,2026-01-18,2026-01-29,58,62,193829.75,toyota27@example.com,0675621138,Paused
CMP1257,Coke Winter Promo,Coke,Kaya FM,KZN,2026-06-28,2026-07-23,137,124,489209.63,coke14@example.com,08382633,Paused
CMP4313,Toyota Winter Promo,Toyota,Metro FM,EC,22/06/2026,2026-07-05,104,105,297567.2,toyota8@example.com,0601665041,Completed
CMP3043,Checkers Winter Promo,Checkers,Metro FM,Gauteng,2026-04-19,2026-05-15,28,28,13485.84,checkers80@example.com,0881347175,Completed
CMP6618,Money Market Winter Promo,Money Market,YFM,EC,2026-06-15,2026-07-12,68,62,66859.2,moneymarket86@example.com,0673166392, active 
CMP9516,Toyota Winter Promo,Toyota,YFM,EC,2026-05-01,2026-05-11,48,36,327737.06,toyota29@example.com,0777853221,
CMP2478,Money Market Winter Promo,Money Market,Ukhozi FM,Gauteng,2026-03-09,2026-03-15,83,74,330658.88,moneymarket65example.com,0736538667,COMPLETED
CMP1235,Shoprite Winter Promo,Shoprite,Metro FM,KZN,2026-01-12,2026-01-24,164,153,196064.81,shoprite62@example.com,0653602386,
CMP2294,Vuma Winter Promo,Vuma,Metro FM,KZN,2026-04-30,2026-05-07,179,183,307878.31,vuma59@example.com,0701044597, active 
CMP4560, Coke Winter Promo ,Coke,Ukhozi FM,EC,2026-04-28,2026-05-12,163,153,145334.62,coke9example.com,0752037725,Paused
CMP5945,Toyota Winter Promo,Toyota,Jacaranda,EC,2026-05-20,2026-05-30,104,108,237066.3,toyota17@example.com,0735802716,
CMP3231,Vuma Winter Promo,Vuma,Metro FM,Gauteng,2026-04-09,2026-04-25,89,94,154094.77,vuma57example.com,0858011028,Active
CMP8705,Money Market Winter Promo,Money Market,947,WC,2026-05-23,2026-06-18,154,153,323749.72,moneymarket5example.com,0826785487,
CMP9064,Checkers Winter Promo,Checkers,Kaya FM,EC,2026-01-07,2026-01-15,73,68,234233.35,checkers82@example.com,0853401411, active 
CMP9793,Toyota Winter Promo,Toyota,Ukhozi FM,WC,2026-02-20,2026-02-27,40,29,383208.65,toyota8@example.com,0787861190,Completed
CMP4014,Coke Winter Promo,Coke,Kaya FM,Gauteng,2026-06-26,2026-07-04,89,91,341857.08,coke81example.com,0653388266,
CMP3400,Checkers Winter Promo,Checkers,Ukhozi FM,WC,2026-06-16,2026-06-21,200,201,304118.91,checkers90@example.com,0696013862, active 
CMP4168,Vuma Winter Promo,Vuma,YFM,KZN,2026-04-11,2026-04-21,114,113,269183.16,vuma72@example.com,0644986869,Completed
CMP3843,Checkers Winter Promo,Checkers,Kaya FM,EC,2026-05-21,2026-06-05,150,,59460.25,checkers41@example.com,0777537998,Completed
CMP8451,Toyota Winter Promo,Toyota,YFM,EC,2026-04-15,2026-04-22,166,161,94985.27,toyota73@example.com,0842599271,Paused
CMP5637,Toyota Winter Promo,toyota,Ukhozi FM,KZN,2026-02-04,2026-02-18,60,45,353880.27,toyota35@example.com,0839175009,COMPLETED
CMP3519,Checkers Winter Promo,Checkers,Jacaranda,Gauteng,2026-03-27,2026-04-25,101,106,410474.86,checkers38@example.com,0853211000, active 
CMP9837,Vuma Winter Promo,Vuma,947,KZN,2026-06-01,2026-06-26,106,92,428593.83,vuma36@example.com,06187489,Paused
CMP7405,Checkers Winter Promo,Checkers,YFM,KZN,2026-06-21,2026-07-17,57,48,48250.71,checkers59example.com,0641468970,COMPLETED
CMP5277,Toyota Winter Promo,Toyota,Metro FM,EC,2026-05-01,2026-05-22,41,31,20737.08,toyota24@example.com,0796081516,Active
CMP7713,Toyota Winter Promo,Toyota,YFM,EC,2026-06-23,2026-07-19,115,113,440177.28,toyota30@example.com,0688153900,Paused
CMP5946,Coke Winter Promo,Coke,Ukhozi FM,KZN,2026-05-21,2026-06-09,93,80,282449.79,coke39@example.com,0804467684,Completed
CMP5340,Checkers Winter Promo,Checkers,YFM,EC,2026-01-12,2026-02-11,48,41,355445.12,checkers26@example.com,0878481590,Active
CMP1088,Money Market Winter Promo,Money Market,Jacaranda,Gauteng,2026-05-02,2026-05-16,121,111,173265.38,moneymarket13@example.com,0817498475,Paused
CMP7986, Vuma Winter Promo ,Vuma,YFM,Gauteng,2026-02-27,2026-03-16,198,183,434426.92,vuma79@example.com,0687040350,COMPLETED
CMP3992,Shoprite Winter Promo,Shoprite,Kaya FM,EC,2026-06-20,2026-07-10,115,116,124594.1,shoprite29@example.com,0605765734,Active
CMP6766,Checkers Winter Promo,checkers,Kaya FM,Gauteng,2026-01-04,2026-01-25,47,,305530.62,checkers6@example.com,0843428825,
CMP3443,Money Market Winter Promo,Money Market,Kaya FM,Gauteng,2026-03-10,2026-03-20,167,164,120306.91,moneymarket66@example.com,0636652917,COMPLETED
CMP7587,Toyota Winter Promo,Toyota,Ukhozi FM,EC,2026-01-26,2026-02-12,177,168,476193.19,toyota68@example.com,0782322679,COMPLETED
CMP8399,Toyota Winter Promo,Toyota,Jacaranda,WC,2026-05-28,2026-06-19,135,120,286197.55,toyota40example.com,0724292864,Paused
CMP2183,Toyota Winter Promo,Toyota,Ukhozi FM,WC,2026-06-04,2026-06-24,158,,243685,toyota79@example.com,06760030,Completed
CMP7836,Coke Winter Promo,Coke,YFM,WC,2026-01-15,2026-02-08,60,,28881.2,coke57@example.com,0882297626,Completed
CMP4876,Coke Winter Promo,Coke,Jacaranda,WC,2026-01-01,2026-01-24,100,105,204006.59,coke7@example.com,0807268041, active 
CMP5408,Coke Winter Promo,Coke,947,Gauteng,2026-04-20,2026-04-27,35,20,403205.54,coke56@example.com,0794456856,Completed
CMP9725,Coke Winter Promo,Coke,YFM,KZN,2026-05-06,2026-05-12,100,101,193678.76,coke43@example.com,0711658631,Paused
CMP8766,Shoprite Winter Promo,Shoprite,Metro FM,KZN,2026-03-04,2026-04-03,21,12,86525.67,shoprite4@example.com,0792714747,Paused
CMP1536,Money Market Winter Promo,Money Market,YFM,Gauteng,2026-02-19,2026-03-05,142,145,474788.8,moneymarket95@example.com,0719001965,Paused
CMP4632,Vuma Winter Promo,vuma,947,EC,2026-05-11,2026-05-19,103,92,447421.87,vuma96@example.com,0829081441,Paused
CMP3851,Vuma Winter Promo,Vuma,Jacaranda,Gauteng,2026-05-16,2026-06-13,68,64,229869.96,vuma94@example.com,0786985801,COMPLETED
CMP4518,Coke Winter Promo,Coke,947,KZN,2026-03-13,2026-04-07,150,140,327315.97,coke92example.com,0826411162,Active
CMP2372,Coke Winter Promo,Coke,Jacaranda,Gauteng,2026-05-26,2026-06-07,109,99,204175.66,coke31example.com,0619429396,Completed
CMP1023, Coke Winter Promo ,Coke,Metro FM,WC,2026-04-25,2026-05-19,177,165,308490.07,coke73@example.com,0715020209,Completed
CMP5962,Money Market Winter Promo,Money Market,YFM,WC,2026-05-17,2026-05-25,124,115,474041.74,moneymarket70@example.com,0853044532, active 
CMP2531,Money Market Winter Promo,Money Market,Jacaranda,KZN,08/02/2026,2026-02-18,25,22,67815.35,moneymarket42@example.com,0621362257, active 
CMP1668,Checkers Winter Promo,Checkers,Jacaranda,EC,2026-01-03,2026-01-17,40,37,330231.9,checkers81@example.com,0761213295,COMPLETED
CMP7990,Money Market Winter Promo,Money Market,YFM,KZN,2026-04-14,2026-05-12,172,158,472704.3,moneymarket89@example.com,0727977785,Completed
CMP4123,Checkers Winter Promo,Checkers,Metro FM,KZN,2026-05-14,2026-05-28,24,25,,checkers34@example.com,08963682,Completed
CMP4500,Coke Winter Promo,Coke,Jacaranda,WC,2026-02-12,2026-03-14,166,165,161193.41,coke32@example.com,0622153272, active 
CMP6171,Toyota Winter Promo,Toyota,Metro FM,Gauteng,2026-06-18,2026-07-02,86,83,330534.93,toyota2@example.com,0744479272,Completed
CMP9186,Vuma Winter Promo,Vuma,Kaya FM,KZN,2026-04-17,2026-05-11,167,152,141738.88,vuma43@example.com,0844954505,Completed
CMP6399,Toyota Winter Promo,Toyota,947,EC,2026-03-08,2026-04-07,128,121,19376.48,toyota85@example.com,0717839293,Paused
CMP9449, Checkers Winter Promo ,Checkers,Metro FM,WC,2026-03-20,2026-03-29,96,87,409832.32,checkers37@example.com,0728177465,
CMP9530,Money Market Winter Promo,Money Market,947,Gauteng,2026-05-05,2026-05-22,159,159,,moneymarket87@example.com,0631683253,Completed
CMP7115,Shoprite Winter Promo,Shoprite,Kaya FM,WC,2026-05-31,2026-06-24,135,129,201754.48,shoprite50@example.com,0789686310,Active
CMP9261,Coke Winter Promo,Coke,947,WC,2026-06-24,2026-07-14,173,177,198493.13,coke94@example.com,0839170656,COMPLETED
CMP2856, Shoprite Winter Promo ,Shoprite,Kaya FM,Gauteng,2026-02-06,2026-03-04,47,36,411614.81,shoprite18@example.com,0634082714,COMPLETED
CMP3850,Checkers Winter Promo,Checkers,Kaya FM,WC,2026-04-02,2026-04-18,84,83,348810.21,checkers13@example.com,07927687, active 
CMP8499,Toyota Winter Promo,Toyota,YFM,Gauteng,2026-06-27,2026-07-15,134,134,386538.59,toyota14@example.com,0621670942,Completed
CMP9298,Coke Winter Promo,Coke,Kaya FM,KZN,2026-01-18,2026-02-11,141,127,390650.8,coke94@example.com,0703538716,COMPLETED
CMP3366,Vuma Winter Promo,Vuma,947,Gauteng,12/03/2026,2026-04-08,123,117,89780.53,vuma67example.com,0781388744,Completed
CMP9505,Coke Winter Promo,Coke,YFM,Gauteng,2026-04-25,2026-05-21,155,157,454624.47,coke48@example.com,0752048805,Paused
CMP5064,Money Market Winter Promo,Money Market,Ukhozi FM,EC,2026-03-04,2026-03-24,165,165,208245.91,moneymarket41@example.com,0819331562,
CMP8893,Shoprite Winter Promo,Shoprite,YFM,KZN,2026-03-23,2026-04-17,150,,87212.55,shoprite71example.com,0788043879,Completed
CMP3747, Toyota Winter Promo ,Toyota,YFM,Gauteng,2026-06-12,2026-07-11,64,55,29368.85,toyota26@example.com,0771791128,COMPLETED
CMP4642,Toyota Winter Promo,Toyota,Metro FM,KZN,2026-05-13,2026-05-29,135,132,56025.79,toyota62@example.com,0841155218,
CMP2297,Vuma Winter Promo,Vuma,YFM,EC,2026-05-10,2026-06-08,39,38,283495.12,vuma84@example.com,0639185142,Paused
CMP5501,Money Market Winter Promo,Money Market,Ukhozi FM,Gauteng,2026-06-12,2026-07-03,98,96,223863.16,moneymarket80@example.com,0773341174,Completed
CMP4185,Vuma Winter Promo,vuma,Kaya FM,WC,2026-05-12,2026-05-17,32,26,293286.69,vuma94@example.com,0712801958,Completed
CMP4031,Toyota Winter Promo,Toyota,Metro FM,WC,06/02/2026,2026-03-06,85,87,166922.62,toyota24@example.com,0626527221,Paused
CMP4134, Checkers Winter Promo ,Checkers,Ukhozi FM,Gauteng,2026-04-03,2026-04-10,33,37,111757.2,checkers47@example.com,06627265,COMPLETED
CMP7976,Coke Winter Promo,Coke,Kaya FM,Gauteng,2026-02-24,2026-03-10,60,53,87474.5,coke19@example.com,0827389379,COMPLETED
CMP9471,Toyota Winter Promo,Toyota,947,KZN,17/02/2026,2026-02-27,27,29,376711.29,toyota4@example.com,0827387999,Active
CMP2485,Vuma Winter Promo,Vuma,Jacaranda,Gauteng,2026-05-30,2026-06-22,142,142,147817.41,vuma39@example.com,0831881554,Completed
CMP3134,Checkers Winter Promo,Checkers,Kaya FM,Gauteng,2026-04-02,2026-04-26,95,94,452668.35,checkers72@example.com,0801883160, active 
CMP8139,Coke Winter Promo,Coke,Metro FM,KZN,2026-06-02,2026-06-08,130,123,444813.18,coke27@example.com,0873725071,
CMP1923,Money Market Winter Promo,Money Market,Metro FM,Gauteng,2026-02-25,2026-03-26,79,81,188766.11,moneymarket77@example.com,0762757555,Active
CMP7184,Money Market Winter Promo,Money Market,Metro FM,WC,2026-01-18,2026-02-15,126,118,50127.2,moneymarket23@example.com,0775944880,Active
CMP8920,Toyota Winter Promo,Toyota,YFM,KZN,2026-01-28,2026-02-13,28,28,350738.44,toyota77@example.com,0758504594, active 
CMP5071,Toyota Winter Promo,toyota,Ukhozi FM,Gauteng,2026-05-11,2026-05-16,95,90,422425.3,toyota72@example.com,0678251341,Active
CMP4820, Toyota Winter Promo ,Toyota,YFM,WC,16/02/2026,2026-03-11,108,93,135732.36,toyota93@example.com,0605936456,COMPLETED
CMP2270,Checkers Winter Promo,Checkers,947,Gauteng,2026-01-04,2026-01-28,197,189,298157.33,checkers25@example.com,0858835344,Completed
CMP7286,Checkers Winter Promo,checkers,YFM,KZN,2026-01-16,2026-01-21,160,162,101455.32,checkers95@example.com,0864674026,COMPLETED
CMP5843,Coke Winter Promo,Coke,Jacaranda,Gauteng,2026-04-08,2026-05-08,108,106,110759.18,coke80@example.com,0663595550,COMPLETED
CMP8231, Toyota Winter Promo ,Toyota,Kaya FM,KZN,2026-03-29,2026-04-05,91,94,206233.51,toyota56@example.com,0894955183,Completed
CMP5051,Toyota Winter Promo,toyota,947,Gauteng,2026-01-13,2026-01-19,118,121,193224.85,toyota30@example.com,0699249555,Completed
CMP5513, Vuma Winter Promo ,vuma,947,Gauteng,2026-02-10,2026-02-25,133,120,215845.02,vuma9example.com,0648957901,COMPLETED
CMP7911, Checkers Winter Promo ,Checkers,Kaya FM,KZN,2026-04-20,2026-05-19,68,69,438008.13,checkers7@example.com,0715526636, active 
CMP4027,Coke Winter Promo,Coke,Kaya FM,WC,2026-03-12,2026-03-19,125,110,116120.44,coke18@example.com,0878043987,
CMP4330,Checkers Winter Promo,Checkers,Ukhozi FM,EC,2026-01-25,2026-02-14,99,91,209994.31,checkers20@example.com,08124822,COMPLETED
CMP3962,Coke Winter Promo,Coke,Kaya FM,Gauteng,2026-01-08,2026-02-01,62,52,478861.67,coke47@example.com,0774574570,
CMP2169, Shoprite Winter Promo ,Shoprite,Ukhozi FM,EC,2026-05-25,2026-06-09,134,122,398020.27,shoprite22@example.com,0865046297,Paused
CMP8676,Shoprite Winter Promo,Shoprite,947,KZN,2026-05-24,2026-06-22,46,51,60473.67,shoprite41@example.com,0818987198,
CMP5956,Toyota Winter Promo,Toyota,947,KZN,2026-04-11,2026-05-01,98,100,339264.47,toyota28@example.com,0828744433,
CMP3073,Money Market Winter Promo,Money Market,947,KZN,2026-04-28,2026-05-19,22,11,110965.28,moneymarket44@example.com,0802468208,Active
CMP3505,Checkers Winter Promo,Checkers,Kaya FM,EC,2026-03-10,2026-03-17,92,97,206577.26,checkers3@example.com,0834155634,COMPLETED
CMP2995,Toyota Winter Promo,Toyota,Kaya FM,KZN,2026-05-20,2026-06-02,115,117,326810.99,toyota34@example.com,07330599,
CMP4132,Checkers Winter Promo,Checkers,947,Gauteng,2026-05-13,2026-05-28,97,102,391267.49,checkers99@example.com,0682154271,Active
CMP1348,Checkers Winter Promo,Checkers,YFM,EC,2026-01-29,2026-02-10,198,202,171125.53,checkers26@example.com,0722292364,
CMP4917,Money Market Winter Promo,Money Market,Ukhozi FM,KZN,2026-01-01,2026-01-26,143,139,284830.88,moneymarket53@example.com,08764494,COMPLETED
CMP8027, Toyota Winter Promo ,Toyota,YFM,KZN,2026-05-12,2026-05-31,145,131,92624.24,toyota60@example.com,0728340119,Active
CMP6713,Vuma Winter Promo,Vuma,947,WC,21/01/2026,2026-02-12,139,132,248001.65,vuma52@example.com,06297498,Completed
CMP9255,Coke Winter Promo,Coke,Ukhozi FM,KZN,2026-02-16,2026-03-07,148,140,52873.16,coke10@example.com,0602119558,Completed
CMP7427,Checkers Winter Promo,Checkers,947,Gauteng,2026-02-13,2026-02-26,107,107,379765.31,checkers25@example.com,0793369486,Active
CMP7689,Coke Winter Promo,Coke,Jacaranda,WC,12/02/2026,2026-03-13,59,62,165218.51,coke93@example.com,0829053004,
CMP8363,Shoprite Winter Promo,Shoprite,YFM,KZN,2026-05-01,2026-05-29,170,159,109343.54,shoprite6@example.com,0707464756,COMPLETED
CMP2808,Toyota Winter Promo,Toyota,Metro FM,EC,2026-04-18,2026-04-29,107,110,40803.32,toyota50@example.com,0601237481,COMPLETED
CMP9218,Money Market Winter Promo,Money Market,Kaya FM,KZN,2026-06-17,2026-07-08,88,92,255939.21,moneymarket75@example.com,0751464623,Paused
CMP8055,Shoprite Winter Promo,Shoprite,Jacaranda,KZN,03/02/2026,2026-02-21,182,170,58021.02,shoprite48@example.com,0809394860,Active
CMP2394, Vuma Winter Promo ,Vuma,947,Gauteng,2026-06-11,2026-07-03,73,78,387258.52,vuma96@example.com,0772167105,
CMP9319,Money Market Winter Promo,Money Market,947,EC,2026-01-31,2026-02-09,76,80,44868.88,moneymarket45@example.com,0865379351,
CMP7778, Shoprite Winter Promo ,Shoprite,947,Gauteng,2026-05-05,2026-05-22,147,145,240201.53,shoprite78@example.com,0697778974, active 
CMP6651,Checkers Winter Promo,Checkers,Jacaranda,WC,2026-04-24,2026-05-08,189,185,305251.5,checkers18@example.com,0895424319, active 
CMP1770,Money Market Winter Promo,Money Market,Kaya FM,WC,2026-03-04,2026-03-18,147,137,359523.11,moneymarket75@example.com,0768956455,Completed
CMP1534,Shoprite Winter Promo,Shoprite,947,EC,19/03/2026,2026-04-05,187,188,38233.68,shoprite45@example.com,0797987080,COMPLETED
CMP8410,Shoprite Winter Promo,shoprite,Metro FM,WC,2026-04-03,2026-04-13,162,158,124306.41,shoprite99@example.com,0889208963,COMPLETED
CMP9324,Money Market Winter Promo,Money Market,YFM,EC,2026-01-24,2026-02-06,150,151,23051.51,moneymarket28@example.com,0705680168,Paused
CMP4334,Toyota Winter Promo,Toyota,Metro FM,WC,2026-01-07,2026-01-29,84,88,132559.88,toyota28@example.com,0763166757,
CMP9387,Toyota Winter Promo,Toyota,Ukhozi FM,KZN,2026-03-21,2026-04-02,108,107,346097.47,toyota18@example.com,0848896094,COMPLETED
CMP9346,Checkers Winter Promo,Checkers,Ukhozi FM,WC,18/02/2026,2026-02-23,41,33,63787.85,checkers78@example.com,0793814562,Completed
CMP1164,Toyota Winter Promo,Toyota,947,Gauteng,2026-04-05,2026-04-15,30,33,18707.22,toyota28@example.com,0767636396,Active
CMP1440,Shoprite Winter Promo,Shoprite,947,WC,2026-06-06,2026-07-06,45,33,385393.47,shoprite60@example.com,0899807315,
CMP9793,Shoprite Winter Promo,Shoprite,947,KZN,2026-02-10,2026-03-01,160,,281770.66,shoprite74@example.com,0829206708,COMPLETED
CMP5923,Vuma Winter Promo,Vuma,Jacaranda,KZN,2026-03-04,2026-03-13,39,31,10625.92,vuma90@example.com,0843715347,COMPLETED
CMP3815,Shoprite Winter Promo,Shoprite,Metro FM,KZN,2026-05-04,2026-05-23,61,56,236495.32,shoprite3@example.com,0873945575,
CMP2341,Shoprite Winter Promo,shoprite,Metro FM,Gauteng,2026-02-19,2026-02-28,197,184,132596.39,shoprite40@example.com,0619297812,Active
CMP3532,Checkers Winter Promo,Checkers,Jacaranda,WC,2026-01-31,2026-02-18,190,188,28084.33,checkers79@example.com,0766013404,COMPLETED
CMP7803,Coke Winter Promo,Coke,Ukhozi FM,EC,2026-03-08,2026-03-25,83,87,342085.47,coke52@example.com,0735231333,COMPLETED
CMP6183,Checkers Winter Promo,Checkers,Ukhozi FM,Gauteng,2026-03-23,2026-04-04,48,45,147294.95,checkers89@example.com,0765485811,COMPLETED
CMP6485,Money Market Winter Promo,money market,Ukhozi FM,WC,2026-06-14,2026-06-22,155,140,464563.24,moneymarket1@example.com,0772521896,Paused
CMP3886,Toyota Winter Promo,Toyota,Metro FM,WC,2026-01-03,2026-01-15,71,72,125283.8,toyota87@example.com,0863705828,
CMP3258,Checkers Winter Promo,Checkers,Ukhozi FM,KZN,2026-02-21,2026-03-15,91,79,400547.99,checkers10@example.com,0641314580,Completed
CMP6219,Coke Winter Promo,Coke,Ukhozi FM,WC,2026-01-09,2026-01-19,104,103,265141.22,coke7@example.com,06596728,Paused
CMP8288,Checkers Winter Promo,Checkers,Jacaranda,WC,2026-06-21,2026-07-19,130,133,164370.19,checkers96@example.com,0709831006,COMPLETED
CMP9797,Checkers Winter Promo,Checkers,Kaya FM,KZN,2026-01-15,2026-01-20,47,43,281814.85,checkers80@example.com,0846618687,Active
CMP5314,Checkers Winter Promo,Checkers,YFM,KZN,2026-06-23,2026-07-22,182,170,480064.19,checkers1@example.com,0803783298,Active
CMP5333, Checkers Winter Promo ,Checkers,Kaya FM,WC,2026-06-01,2026-06-20,139,126,263710.01,checkers50@example.com,0611064356,COMPLETED
CMP3634,Vuma Winter Promo,Vuma,Jacaranda,EC,2026-01-03,2026-02-01,53,47,397630.14,vuma50@example.com,0877047047,COMPLETED
CMP5581,Money Market Winter Promo,Money Market,947,EC,2026-05-29,2026-06-26,156,144,267374.43,moneymarket94@example.com,0657543637,Completed
CMP7410,Toyota Winter Promo,Toyota,947,EC,2026-01-09,2026-01-24,180,170,251336.37,toyota44example.com,0712820106,
CMP9397,Coke Winter Promo,Coke,Kaya FM,EC,14/06/2026,2026-07-01,80,77,99959.56,coke9@example.com,0649071522,Completed
CMP1120,Toyota Winter Promo,Toyota,947,WC,2026-01-01,2026-01-10,136,133,311629.79,toyota70@example.com,0828646331,COMPLETED
CMP4708,Checkers Winter Promo,Checkers,Kaya FM,KZN,2026-06-22,2026-07-12,139,134,198345.93,checkers78@example.com,0726593968, active 
CMP4301, Money Market Winter Promo ,Money Market,947,EC,2026-04-05,2026-04-16,80,,,moneymarket20@example.com,0661165329,Paused
CMP6892,Toyota Winter Promo,Toyota,YFM,KZN,2026-04-30,2026-05-11,151,151,76956.01,toyota49@example.com,0604935519,Completed
CMP1475,Shoprite Winter Promo,Shoprite,YFM,Gauteng,2026-01-13,2026-01-28,89,,261718.83,shoprite69@example.com,0669384580,Paused
CMP1386,Vuma Winter Promo,Vuma,Kaya FM,EC,2026-02-17,2026-03-16,122,125,455784.75,vuma69@example.com,0755791433,Paused
CMP9474,Vuma Winter Promo,Vuma,947,KZN,2026-03-17,2026-03-31,59,48,295097.74,vuma98@example.com,0637100268,Paused
CMP8792,Checkers Winter Promo,Checkers,Kaya FM,EC,21/02/2026,2026-03-07,60,53,228348.33,checkers16@example.com,08477870,Active
CMP4098,Vuma Winter Promo,Vuma,Jacaranda,WC,2026-01-25,2026-01-31,161,147,257119.71,vuma90@example.com,0673524294,Paused
CMP3768, Vuma Winter Promo ,Vuma,Jacaranda,WC,2026-02-19,2026-03-14,70,61,394545.79,vuma13@example.com,0727389543,Paused
CMP9372,Shoprite Winter Promo,Shoprite,Ukhozi FM,Gauteng,2026-02-26,2026-03-24,129,,260797.76,shoprite8example.com,08582380,COMPLETED
CMP3116,Toyota Winter Promo,Toyota,947,KZN,2026-06-02,2026-06-21,192,188,419540.29,toyota34@example.com,0771740388,Active
CMP2273,Coke Winter Promo,Coke,Metro FM,WC,2026-02-24,2026-03-13,186,190,15618.64,coke43@example.com,0696232157,Active
CMP3107,Toyota Winter Promo,Toyota,947,WC,2026-06-17,2026-06-26,102,104,224751.26,toyota22example.com,0721197272,Paused
CMP2581,Coke Winter Promo,Coke,Kaya FM,KZN,2026-05-29,2026-06-23,47,39,79877.1,coke59@example.com,0787103538,Active
CMP3333,Shoprite Winter Promo,Shoprite,YFM,WC,2026-01-04,2026-01-28,152,140,421843.58,shoprite12@example.com,0853714185,COMPLETED
CMP8452,Vuma Winter Promo,Vuma,Kaya FM,EC,2026-06-27,2026-07-26,142,,431032.53,vuma44@example.com,0869326523,
CMP6373,Shoprite Winter Promo,Shoprite,YFM,EC,2026-05-03,2026-05-16,180,183,444880.63,shoprite15example.com,0792073644,Active
CMP7382, Shoprite Winter Promo ,Shoprite,Metro FM,EC,2026-02-15,2026-03-09,123,110,403897.77,shoprite55@example.com,0869746550,
CMP1743,Toyota Winter Promo,Toyota,YFM,KZN,2026-04-18,2026-05-12,141,142,367051.32,toyota52@example.com,0855776151,Active
CMP5947,Coke Winter Promo,Coke,YFM,WC,2026-01-23,2026-02-12,175,162,348662.57,coke21@example.com,0792002362,COMPLETED
CMP1409,Toyota Winter Promo,Toyota,Jacaranda,WC,2026-01-04,2026-01-18,59,54,262908.36,toyota58@example.com,0756051539,Active
CMP7858,Toyota Winter Promo,Toyota,Kaya FM,Gauteng,2026-06-04,2026-06-28,40,41,396702.63,toyota32@example.com,0671909597,COMPLETED
CMP1157,Coke Winter Promo,Coke,Kaya FM,WC,2026-05-19,2026-06-05,148,133,286152.92,coke57@example.com,0763150511,Paused
CMP4111,Checkers Winter Promo,Checkers,Metro FM,KZN,2026-05-03,2026-05-19,30,30,400747.95,checkers4@example.com,0753341056,Paused
CMP8646,Vuma Winter Promo,Vuma,YFM,WC,2026-05-25,2026-06-23,40,43,170165.01,vuma71@example.com,08871690,Active
CMP3533,Money Market Winter Promo,money market,Metro FM,Gauteng,2026-01-17,2026-01-31,63,59,149788.87,moneymarket88@example.com,06134983, active 
CMP8730,Vuma Winter Promo,Vuma,Ukhozi FM,Gauteng,2026-06-29,2026-07-17,198,199,495257.69,vuma50@example.com,0743957638,COMPLETED
CMP2260,Shoprite Winter Promo,Shoprite,Jacaranda,KZN,2026-04-02,2026-04-19,88,85,,shoprite29@example.com,0774612967,Completed
CMP8287, Coke Winter Promo ,coke,Kaya FM,KZN,2026-02-09,2026-03-11,91,89,26883.32,coke21@example.com,0658959614,Completed
CMP3125, Coke Winter Promo ,Coke,YFM,WC,2026-04-13,2026-05-07,101,97,411746,coke73@example.com,0863575763, active 
CMP1199,Money Market Winter Promo,Money Market,Ukhozi FM,Gauteng,2026-06-19,2026-06-24,149,141,456274.12,moneymarket59@example.com,0692601841,Active
CMP5295,Money Market Winter Promo,Money Market,Kaya FM,Gauteng,2026-06-05,2026-06-12,75,80,318888.56,moneymarket29@example.com,0742356978, active 
CMP8633,Toyota Winter Promo,Toyota,Kaya FM,KZN,2026-04-05,2026-04-14,138,131,31816.91,toyota70@example.com,0751422231,Completed
CMP7236,Toyota Winter Promo,toyota,Ukhozi FM,KZN,2026-04-14,2026-04-22,38,29,279539.55,toyota24@example.com,06234227,Completed
CMP3298,Vuma Winter Promo,Vuma,Metro FM,KZN,2026-06-12,2026-07-09,68,73,147660.25,vuma20example.com,08583639,Paused
CMP2262,Checkers Winter Promo,Checkers,YFM,KZN,2026-05-18,2026-06-05,147,147,60043.86,checkers25@example.com,0691784387,Paused
CMP2995,Toyota Winter Promo,Toyota,Jacaranda,KZN,2026-03-13,2026-04-06,46,44,180380.69,toyota94example.com,0791491920,
CMP6584,Toyota Winter Promo,Toyota,YFM,WC,2026-05-04,2026-05-29,161,158,159886.29,toyota86example.com,0895963637,Active
CMP4079,Toyota Winter Promo,Toyota,Metro FM,WC,2026-04-21,2026-05-17,167,166,56022.96,toyota64@example.com,0727538768,
CMP1609, Money Market Winter Promo ,Money Market,Jacaranda,WC,2026-03-03,2026-03-15,21,17,227188.37,moneymarket92@example.com,0704099087, active 
CMP6460,Coke Winter Promo,Coke,YFM,WC,2026-04-25,2026-05-10,93,92,456037.42,coke26@example.com,0666101045,Completed
CMP9978,Vuma Winter Promo,Vuma,Kaya FM,EC,2026-01-01,2026-01-25,44,30,317661.67,vuma40@example.com,0831150380,COMPLETED
CMP2125, Checkers Winter Promo ,Checkers,Metro FM,EC,2026-05-30,2026-06-18,92,85,197949.81,checkers47@example.com,0759847666, active 
CMP6172,Coke Winter Promo,Coke,YFM,Gauteng,2026-01-26,2026-02-09,185,171,,coke10@example.com,0882369178,
CMP4940, Money Market Winter Promo ,Money Market,YFM,Gauteng,2026-04-19,2026-05-14,186,172,412080.01,moneymarket26@example.com,0857844833,Completed
CMP9790, Coke Winter Promo ,Coke,YFM,WC,2026-06-21,2026-07-18,105,99,371437.6,coke67@example.com,0833922459,Completed
CMP8799,Vuma Winter Promo,Vuma,YFM,Gauteng,2026-06-09,2026-07-04,67,56,434952.98,vuma12@example.com,0744524684,
CMP4045,Vuma Winter Promo,Vuma,YFM,WC,2026-01-15,2026-01-20,36,29,131856.66,vuma55example.com,08419144,Paused
CMP7681,Money Market Winter Promo,Money Market,947,EC,2026-02-14,2026-03-15,51,39,378938.93,moneymarket89@example.com,0842120150, active 
CMP3154,Vuma Winter Promo,Vuma,947,WC,2026-05-23,2026-06-09,133,132,54084.61,vuma98example.com,0698474363,Paused
CMP7335,Toyota Winter Promo,Toyota,Metro FM,EC,2026-04-13,2026-05-04,67,67,256089.58,toyota81@example.com,0701322942,Completed
CMP4650,Money Market Winter Promo,Money Market,Jacaranda,KZN,2026-01-26,2026-02-20,160,161,134229.24,moneymarket74example.com,0796567826,
CMP9951, Vuma Winter Promo ,Vuma,947,EC,2026-02-12,2026-03-01,131,126,277656.37,vuma84@example.com,0763954167,Active
CMP3590,Money Market Winter Promo,Money Market,Kaya FM,Gauteng,2026-04-27,2026-05-12,137,,310180.32,moneymarket81@example.com,0881056715,Active
CMP9606,Coke Winter Promo,Coke,Metro FM,EC,2026-02-19,2026-03-09,157,144,151049.23,coke54@example.com,0734956718,Active
CMP4791,Coke Winter Promo,Coke,947,WC,2026-01-26,2026-02-19,90,93,160741.6,coke95@example.com,0807860698,Paused
CMP9099,Toyota Winter Promo,Toyota,Metro FM,KZN,2026-04-15,2026-04-24,40,28,151301.88,toyota4@example.com,07515791,Active
CMP5367, Money Market Winter Promo ,Money Market,Kaya FM,WC,2026-01-27,2026-02-12,98,94,377140.98,moneymarket57@example.com,0819093628,Completed
CMP7974,Money Market Winter Promo,Money Market,Jacaranda,WC,2026-06-26,2026-07-16,85,84,25934.62,moneymarket59@example.com,0636080215,Paused
CMP8711, Coke Winter Promo ,Coke,Ukhozi FM,EC,2026-03-21,2026-03-29,43,48,161679.21,coke26@example.com,0855733103,Active
CMP2518,Vuma Winter Promo,Vuma,Ukhozi FM,WC,2026-01-13,2026-02-05,30,28,346895.19,vuma81@example.com,0804285009,COMPLETED
CMP2952,Toyota Winter Promo,toyota,Jacaranda,WC,2026-01-31,2026-02-05,63,66,370155.76,toyota55@example.com,0739260225,
CMP6994,Vuma Winter Promo,Vuma,Metro FM,KZN,03/06/2026,2026-06-29,163,161,447754.9,vuma75@example.com,0661108495, active 
CMP9218, Shoprite Winter Promo ,Shoprite,Kaya FM,Gauteng,2026-06-22,2026-07-13,111,101,232410.31,shoprite71@example.com,0764203282,Active
CMP9871,Money Market Winter Promo,Money Market,Kaya FM,Gauteng,2026-01-27,2026-02-24,113,104,322155.23,moneymarket86@example.com,0888655935,Completed
CMP4482,Toyota Winter Promo,Toyota,YFM,WC,14/02/2026,2026-03-14,93,82,68047.68,toyota53@example.com,0739270798,
CMP5270,Toyota Winter Promo,Toyota,Jacaranda,Gauteng,2026-03-18,2026-04-13,107,94,431345.2,toyota70@example.com,0826691965,Paused
CMP7186,Coke Winter Promo,Coke,Kaya FM,KZN,2026-04-09,2026-05-08,121,,259178.95,coke22@example.com,0651811006,Paused
CMP3595,Money Market Winter Promo,Money Market,Ukhozi FM,WC,09/06/2026,2026-06-22,73,71,,moneymarket76@example.com,0774152231,Paused
CMP6672,Checkers Winter Promo,Checkers,Ukhozi FM,KZN,20/02/2026,2026-03-04,101,90,329442.93,checkers59@example.com,0798251096,Paused
CMP8160,Shoprite Winter Promo,Shoprite,Ukhozi FM,KZN,2026-02-10,2026-03-09,83,79,88362.02,shoprite63@example.com,0896557696, active 
CMP8003,Coke Winter Promo,Coke,YFM,WC,2026-02-01,2026-02-25,148,148,191583.05,coke80@example.com,0619011828,
CMP5220,Coke Winter Promo,Coke,Metro FM,WC,2026-05-28,2026-06-20,27,15,165803.06,coke17example.com,0843471108,Active
CMP8738, Checkers Winter Promo ,Checkers,Metro FM,WC,2026-03-05,2026-03-31,113,110,208465.02,checkers20@example.com,0629651186,Active
CMP8039,Shoprite Winter Promo,Shoprite,YFM,WC,2026-04-07,2026-05-02,119,121,316208.65,shoprite68@example.com,0602332597,Completed
CMP8898,Coke Winter Promo,Coke,Jacaranda,KZN,2026-03-05,2026-03-30,168,159,16222.75,coke65@example.com,0866718744,COMPLETED
CMP1091,Money Market Winter Promo,Money Market,Metro FM,WC,2026-01-30,2026-02-27,32,19,351677.25,moneymarket61@example.com,07246075,Active
CMP3187, Shoprite Winter Promo ,Shoprite,947,WC,2026-04-30,2026-05-10,166,153,105999.49,shoprite7@example.com,0833349527,Completed
CMP2144,Checkers Winter Promo,Checkers,Kaya FM,Gauteng,2026-03-21,2026-03-31,32,21,361671.5,checkers22@example.com,0866580559,Completed
CMP7215,Shoprite Winter Promo,Shoprite,Metro FM,WC,21/04/2026,2026-05-11,104,89,77952.23,shoprite47@example.com,0871161107,Active
CMP7955,Toyota Winter Promo,Toyota,YFM,Gauteng,2026-02-20,2026-03-16,155,148,358112.09,toyota42@example.com,0806187274, active 
CMP7533,Shoprite Winter Promo,Shoprite,YFM,KZN,2026-04-25,2026-04-30,70,72,29066.17,shoprite72@example.com,0711867560,Completed
CMP5791,Vuma Winter Promo,Vuma,Metro FM,EC,2026-01-29,2026-02-13,103,93,106763.95,vuma43example.com,0795225585,COMPLETED
CMP5328,Shoprite Winter Promo,Shoprite,Jacaranda,WC,2026-02-19,2026-03-03,115,112,484786.49,shoprite42example.com,0898066832,Completed
CMP3244,Shoprite Winter Promo,Shoprite,Metro FM,KZN,2026-03-03,2026-03-19,88,77,220788.92,shoprite34@example.com,0727514222,Completed
CMP7291,Checkers Winter Promo,Checkers,YFM,Gauteng,2026-05-20,2026-06-17,104,101,218017.41,checkers4@example.com,0654114524, active 
CMP8439,Shoprite Winter Promo,Shoprite,Kaya FM,Gauteng,2026-01-22,2026-02-11,91,79,145528.02,shoprite55@example.com,0605175872,COMPLETED
CMP7439,Money Market Winter Promo,Money Market,Ukhozi FM,Gauteng,2026-05-03,2026-05-29,164,,450195.53,moneymarket98@example.com,0601835116,Paused
CMP5633,Checkers Winter Promo,Checkers,Metro FM,KZN,2026-03-27,2026-04-24,178,173,341443.35,checkers54@example.com,0605496538,COMPLETED
CMP6887, Money Market Winter Promo ,Money Market,Ukhozi FM,Gauteng,2026-01-25,2026-01-31,179,179,194828.37,moneymarket59@example.com,0774501665,Active
CMP5564,Shoprite Winter Promo,Shoprite,947,WC,26/04/2026,2026-05-19,64,61,347121.54,shoprite32@example.com,0627143873,Paused
CMP6762,Toyota Winter Promo,Toyota,Metro FM,WC,2026-04-01,2026-04-23,145,147,175185.64,toyota89@example.com,0711517777,Paused
CMP7318,Vuma Winter Promo,Vuma,947,EC,2026-04-10,2026-05-02,91,91,349437.19,vuma94@example.com,08541358,Paused
CMP2688,Shoprite Winter Promo,Shoprite,947,Gauteng,2026-03-18,2026-03-23,177,177,375470.36,shoprite54@example.com,0658475022,Active
CMP4059, Checkers Winter Promo ,Checkers,Metro FM,WC,2026-02-15,2026-03-16,93,94,74759.96,checkers12@example.com,0627683611,Paused
CMP9281,Coke Winter Promo,Coke,Metro FM,Gauteng,2026-06-08,2026-07-06,176,163,458968.36,coke31@example.com,0669751057,Completed
CMP4646,Vuma Winter Promo,Vuma,Jacaranda,Gauteng,2026-01-21,2026-02-07,114,112,,vuma14@example.com,0661403376,Active
CMP5321,Coke Winter Promo,Coke,Jacaranda,WC,2026-03-23,2026-04-21,68,70,127695.17,coke78@example.com,0794952658,Active
CMP7808,Shoprite Winter Promo,Shoprite,Ukhozi FM,EC,2026-02-09,2026-02-17,78,81,404846.06,shoprite9@example.com,0841689524,Active
CMP4094,Checkers Winter Promo,Checkers,Metro FM,WC,03/02/2026,2026-03-01,39,,395460.67,checkers78@example.com,0615671204,Paused
CMP9983,Coke Winter Promo,Coke,Jacaranda,WC,2026-03-14,2026-03-25,57,56,166114.4,coke63@example.com,0634849722,Paused
CMP3840,Toyota Winter Promo,Toyota,YFM,Gauteng,2026-01-21,2026-01-26,59,49,229202.83,toyota11@example.com,0701720331,COMPLETED
CMP4614,Money Market Winter Promo,Money Market,Metro FM,Gauteng,2026-06-01,2026-07-01,188,189,156750.56,moneymarket5@example.com,0893629492,
CMP7079,Shoprite Winter Promo,Shoprite,947,Gauteng,2026-05-08,2026-05-18,131,121,45750.63,shoprite27@example.com,0844633233,Active
CMP2449,Shoprite Winter Promo,Shoprite,YFM,EC,2026-04-29,2026-05-25,164,155,221976.66,shoprite48@example.com,0794953384, active 
CMP2711,Shoprite Winter Promo,Shoprite,Jacaranda,WC,2026-05-08,2026-05-18,43,28,193207.26,shoprite9@example.com,0854302643,Active
CMP2666,Shoprite Winter Promo,Shoprite,YFM,Gauteng,2026-01-25,2026-02-12,163,157,227932.94,shoprite7@example.com,0758163510,Completed
CMP7813,Shoprite Winter Promo,Shoprite,947,EC,2026-06-21,2026-07-07,115,112,243671.45,shoprite46@example.com,0878290171,Active
CMP4347,Toyota Winter Promo,Toyota,Kaya FM,KZN,19/05/2026,2026-06-08,55,48,493642.11,toyota37@example.com,0809801194,COMPLETED
CMP4085,Checkers Winter Promo,Checkers,Kaya FM,Gauteng,2026-01-19,2026-02-17,59,47,494307.4,checkers98@example.com,0817031274,Completed
CMP6912,Money Market Winter Promo,Money Market,Jacaranda,EC,2026-03-12,2026-03-21,101,106,263184.25,moneymarket12example.com,0771077382,Paused
CMP4282,Coke Winter Promo,Coke,Ukhozi FM,KZN,2026-02-06,2026-02-19,34,33,154871.89,coke73@example.com,08581809,Completed
CMP8059,Toyota Winter Promo,Toyota,Ukhozi FM,Gauteng,2026-03-17,2026-03-30,76,74,428426.99,toyota79@example.com,0744693703,
CMP4556,Money Market Winter Promo,money market,Kaya FM,WC,2026-01-24,2026-02-22,37,26,227523.14,moneymarket14@example.com,0826010307, active 
CMP4761,Vuma Winter Promo,Vuma,Jacaranda,KZN,2026-03-08,2026-03-31,127,126,19063.31,vuma61@example.com,0742823977,Completed
CMP2003,Checkers Winter Promo,Checkers,Jacaranda,WC,2026-01-03,2026-01-12,84,84,353034.81,checkers27@example.com,0663713574,Completed
CMP7309,Checkers Winter Promo,Checkers,Kaya FM,EC,2026-01-22,2026-02-10,145,144,392012.59,checkers81@example.com,0829672804,
CMP8771, Shoprite Winter Promo ,Shoprite,YFM,KZN,2026-03-27,2026-04-08,100,102,146197.64,shoprite85@example.com,0699592930,Paused
CMP9159,Shoprite Winter Promo,Shoprite,Metro FM,EC,2026-02-22,2026-03-08,192,183,40858.91,shoprite9@example.com,0852429766,Paused
CMP5070,Checkers Winter Promo,Checkers,Metro FM,KZN,2026-01-08,2026-01-14,123,125,412610.73,checkers39@example.com,0654047456,
CMP6281,Shoprite Winter Promo,Shoprite,Jacaranda,WC,22/01/2026,2026-02-01,153,140,,shoprite13@example.com,0752188652,Active
CMP6174,Money Market Winter Promo,Money Market,Metro FM,KZN,08/04/2026,2026-04-25,170,165,287096.58,moneymarket61@example.com,06069498,Active
CMP6243,Checkers Winter Promo,Checkers,Metro FM,Gauteng,2026-06-11,2026-07-01,166,160,403947.67,checkers87@example.com,0845553090,Active
CMP3797,Shoprite Winter Promo,Shoprite,YFM,KZN,2026-01-23,2026-02-03,33,28,286358.01,shoprite78@example.com,0796562714,Active
CMP1774,Toyota Winter Promo,Toyota,Metro FM,KZN,20/04/2026,2026-05-14,86,72,407065.54,toyota76example.com,0868590475,Paused
CMP1241,Coke Winter Promo,Coke,Kaya FM,WC,2026-01-25,2026-02-07,150,136,,coke24@example.com,0824827235,Completed
CMP7584,Checkers Winter Promo,Checkers,Jacaranda,EC,2026-06-21,2026-07-13,51,43,288697.13,checkers97@example.com,0747260854,Completed
CMP1464,Vuma Winter Promo,Vuma,Metro FM,KZN,2026-01-30,2026-02-12,162,161,52980.6,vuma6example.com,0667231059,COMPLETED
CMP5888,Shoprite Winter Promo,Shoprite,Kaya FM,EC,2026-05-15,2026-05-24,92,90,142112.62,shoprite91@example.com,0718725156,Active
CMP3863,Shoprite Winter Promo,Shoprite,Metro FM,WC,2026-04-06,2026-04-16,23,,297789.06,shoprite21@example.com,0829356507,Completed
CMP5684,Shoprite Winter Promo,Shoprite,Kaya FM,Gauteng,2026-04-05,2026-04-15,72,59,37989.92,shoprite23@example.com,0732585680,
CMP8262,Checkers Winter Promo,Checkers,Ukhozi FM,EC,2026-01-23,2026-02-18,106,105,42112.6,checkers85@example.com,0603297135,COMPLETED
CMP3494,Toyota Winter Promo,Toyota,947,WC,2026-02-22,2026-03-16,136,127,439109.78,toyota59@example.com,0745740029,Active
CMP3691,Vuma Winter Promo,Vuma,Metro FM,Gauteng,2026-05-15,2026-06-01,175,175,279815.04,vuma15@example.com,07986537, active 
CMP8233,Shoprite Winter Promo,Shoprite,Metro FM,WC,2026-01-16,2026-02-02,136,124,343868.82,shoprite65@example.com,0702454183,COMPLETED
CMP5765,Checkers Winter Promo,Checkers,YFM,Gauteng,2026-05-11,2026-06-09,26,16,145909.99,checkers21@example.com,0704601972,Active
CMP4166,Coke Winter Promo,Coke,YFM,KZN,06/02/2026,2026-02-28,27,20,284985.73,coke24@example.com,0631820425,Completed
CMP6422,Toyota Winter Promo,Toyota,Jacaranda,WC,2026-02-24,2026-03-05,192,182,36841.08,toyota73@example.com,0615549217,COMPLETED
CMP9093,Toyota Winter Promo,Toyota,Jacaranda,KZN,2026-04-04,2026-04-16,150,146,312353.74,toyota29@example.com,06782742,
CMP9731,Money Market Winter Promo,Money Market,Metro FM,WC,2026-03-22,2026-03-29,186,187,,moneymarket86@example.com,0653614458, active 
CMP7542,Toyota Winter Promo,Toyota,Kaya FM,Gauteng,08/03/2026,2026-04-01,140,130,414332.42,toyota95@example.com,0867675138,Paused
CMP6435,Coke Winter Promo,Coke,Kaya FM,EC,2026-04-18,2026-05-08,180,178,439976.28,coke56@example.com,0841305017, active 
CMP7463,Money Market Winter Promo,Money Market,YFM,Gauteng,2026-04-24,2026-05-24,160,150,406219.33,moneymarket27@example.com,0735230612,Completed
CMP1170,Coke Winter Promo,Coke,Ukhozi FM,EC,2026-06-18,2026-06-27,33,34,188723.09,coke17@example.com,0673056920,Active
CMP9253,Toyota Winter Promo,Toyota,Metro FM,WC,2026-02-01,2026-02-13,20,25,334127.08,toyota75@example.com,0704368142,Paused
CMP3337,Shoprite Winter Promo,Shoprite,Jacaranda,KZN,2026-05-31,2026-06-05,130,135,30601.25,shoprite86@example.com,0752099472,COMPLETED
CMP4767,Checkers Winter Promo,checkers,Kaya FM,Gauteng,2026-05-31,2026-06-23,29,24,268463.94,checkers60example.com,0861835070, active 
CMP5613,Shoprite Winter Promo,Shoprite,Ukhozi FM,Gauteng,2026-06-29,2026-07-23,35,36,278039.54,shoprite21@example.com,0601435875, active 
CMP6581,Vuma Winter Promo,Vuma,947,WC,2026-03-06,2026-04-03,23,25,320261.53,vuma87@example.com,0608587030,Completed
CMP5657,Coke Winter Promo,Coke,Jacaranda,WC,2026-04-19,2026-05-12,138,136,495521.36,coke15@example.com,0775483485,Paused
CMP6580,Toyota Winter Promo,Toyota,YFM,EC,2026-01-03,2026-01-08,175,162,312729.56,toyota33example.com,0601387449,Completed
CMP8208,Coke Winter Promo,Coke,Kaya FM,Gauteng,2026-05-09,2026-06-01,21,17,431611.09,coke8@example.com,0645521286,COMPLETED
CMP5711,Money Market Winter Promo,Money Market,YFM,Gauteng,2026-06-06,2026-06-14,50,54,199673.07,moneymarket12@example.com,0731717123, active 
CMP1796,Money Market Winter Promo,Money Market,Metro FM,KZN,24/04/2026,2026-05-08,139,132,445885.03,moneymarket39@example.com,0633978653,Active
CMP8104,Toyota Winter Promo,Toyota,947,EC,2026-04-27,2026-05-09,105,97,220406.64,toyota29@example.com,0775825148,
CMP3140,Money Market Winter Promo,Money Market,Jacaranda,EC,2026-05-23,2026-06-01,109,102,188047.04,moneymarket94@example.com,0757436207,
CMP4237,Checkers Winter Promo,Checkers,YFM,WC,2026-02-10,2026-02-21,88,89,441740.1,checkers9@example.com,0695726971,Paused
CMP3891, Money Market Winter Promo ,Money Market,Kaya FM,WC,2026-02-20,2026-02-25,169,160,53327.59,moneymarket11@example.com,0713758900,Active
CMP5514, Checkers Winter Promo ,Checkers,Kaya FM,Gauteng,2026-05-10,2026-05-15,137,,398531.27,checkers59@example.com,0684353795,
CMP6485,Shoprite Winter Promo,Shoprite,Kaya FM,EC,2026-01-01,2026-01-26,171,165,370163.95,shoprite60@example.com,08432608,COMPLETED
CMP3833,Coke Winter Promo,Coke,947,EC,2026-05-13,2026-05-28,136,137,222991.35,coke62@example.com,0803580894, active 
CMP4915,Toyota Winter Promo,Toyota,Jacaranda,KZN,2026-02-17,2026-03-02,157,151,,toyota93@example.com,08635748,Completed
CMP3788,Shoprite Winter Promo,Shoprite,Ukhozi FM,EC,2026-03-10,2026-03-30,37,22,310162.44,shoprite9@example.com,0795957137,COMPLETED
CMP7907,Shoprite Winter Promo,Shoprite,947,Gauteng,2026-03-01,2026-03-07,94,,304282.89,shoprite90@example.com,0864544240,Completed
CMP3504, Shoprite Winter Promo ,Shoprite,Metro FM,EC,2026-02-16,2026-03-14,148,152,119080.4,shoprite61@example.com,0646359399,Completed
CMP3899,Checkers Winter Promo,Checkers,Jacaranda,KZN,2026-01-17,2026-02-01,79,68,379439.55,checkers41@example.com,0685100170,Paused
CMP1715,Toyota Winter Promo,Toyota,Kaya FM,EC,2026-03-23,2026-04-06,60,59,423343.13,toyota46@example.com,0776995263,Active
CMP8707,Toyota Winter Promo,Toyota,Metro FM,KZN,2026-01-24,2026-02-13,163,168,177706.65,toyota37@example.com,0787780882,Active
CMP8574,Shoprite Winter Promo,Shoprite,Kaya FM,WC,2026-04-25,2026-05-08,180,179,107495.04,shoprite28@example.com,0744625445,COMPLETED
CMP3943,Money Market Winter Promo,Money Market,Kaya FM,Gauteng,2026-03-24,2026-04-17,43,34,177400.31,moneymarket92@example.com,0749891082, active 
CMP8086,Vuma Winter Promo,Vuma,947,WC,2026-04-16,2026-05-01,128,124,23757.84,vuma97@example.com,0829516666,Active
CMP7558,Checkers Winter Promo,checkers,Ukhozi FM,Gauteng,2026-03-29,2026-04-20,86,75,38214.77,checkers78@example.com,0629859065,
CMP4834,Shoprite Winter Promo,Shoprite,947,WC,2026-02-16,2026-02-24,60,58,225073.23,shoprite32@example.com,0889278609,Paused
CMP2068,Toyota Winter Promo,Toyota,Ukhozi FM,EC,2026-02-03,2026-03-01,126,125,198225.83,toyota60@example.com,0896789599,COMPLETED
CMP9395,Coke Winter Promo,Coke,Metro FM,Gauteng,2026-03-08,2026-03-17,89,77,81394.14,coke19@example.com,0602766505,Active
CMP8791,Toyota Winter Promo,Toyota,947,EC,2026-03-14,2026-03-23,194,189,340320.19,toyota39@example.com,0857845333,Paused
CMP3861,Vuma Winter Promo,Vuma,Ukhozi FM,WC,2026-03-31,2026-04-21,81,,15742.65,vuma12@example.com,0654735392,Completed
CMP8590,Vuma Winter Promo,Vuma,YFM,Gauteng,2026-01-23,2026-02-09,89,79,125371.95,vuma65@example.com,0712149740,COMPLETED
CMP4302,Toyota Winter Promo,Toyota,Kaya FM,Gauteng,2026-05-29,2026-06-11,181,185,304023.03,toyota82@example.com,06214329,
CMP7148,Checkers Winter Promo,Checkers,Kaya FM,Gauteng,2026-05-13,2026-05-23,158,146,34982.1,checkers50@example.com,0811516046,COMPLETED
CMP7757,Shoprite Winter Promo,Shoprite,Kaya FM,WC,2026-03-06,2026-04-02,75,63,27339.26,shoprite32@example.com,0655005318, active 
CMP6216,Vuma Winter Promo,Vuma,YFM,KZN,2026-05-05,2026-05-21,173,,151600.32,vuma69@example.com,0754846533,
CMP6625,Shoprite Winter Promo,Shoprite,Metro FM,KZN,2026-05-27,2026-06-08,146,135,297915.62,shoprite56@example.com,0611313279,
CMP2351,Vuma Winter Promo,Vuma,Kaya FM,WC,28/03/2026,2026-04-05,79,,489493.17,vuma98@example.com,0845477228,COMPLETED
CMP3504,Checkers Winter Promo,Checkers,Jacaranda,WC,2026-03-10,2026-03-27,191,191,362145.82,checkers68@example.com,0631708167,Completed
CMP1203,Money Market Winter Promo,Money Market,Ukhozi FM,Gauteng,2026-04-08,2026-04-25,95,99,321397.38,moneymarket62@example.com,0838281391,Completed
CMP7060,Vuma Winter Promo,Vuma,Ukhozi FM,EC,2026-01-26,2026-02-24,147,146,139289.83,vuma60@example.com,0602604438,COMPLETED
CMP2971,Toyota Winter Promo,Toyota,YFM,Gauteng,2026-05-05,2026-05-16,75,77,41089.46,toyota21@example.com,0789804651,
CMP3742,Vuma Winter Promo,Vuma,Kaya FM,EC,2026-03-30,2026-04-29,34,38,182392.29,vuma90@example.com,0692694844,Active
CMP1765,Checkers Winter Promo,Checkers,Ukhozi FM,Gauteng,2026-02-11,2026-03-13,66,56,492395.32,checkers22@example.com,0892262629,
CMP8912,Money Market Winter Promo,Money Market,Jacaranda,EC,2026-02-21,2026-03-15,55,48,393503.52,moneymarket25@example.com,0682572113,Active
CMP7247,Checkers Winter Promo,Checkers,Ukhozi FM,KZN,2026-05-13,2026-05-28,43,30,158747.89,checkers27@example.com,0615301008, active 
CMP4693,Money Market Winter Promo,Money Market,YFM,EC,2026-06-27,2026-07-18,154,142,104400.77,moneymarket47@example.com,0702311978,Completed
CMP8547,Coke Winter Promo,Coke,Jacaranda,WC,24/01/2026,2026-02-21,167,,249416.45,coke22@example.com,0642545032,Completed
CMP1623,Checkers Winter Promo,Checkers,Ukhozi FM,KZN,2026-04-22,2026-05-12,38,24,247421.57,checkers87@example.com,0785234861,Active
CMP5978,Coke Winter Promo,Coke,YFM,WC,2026-04-10,2026-04-16,167,159,366247.04,coke2@example.com,0708704727,Paused
CMP7190,Vuma Winter Promo,Vuma,YFM,WC,03/05/2026,2026-05-19,194,195,,vuma20@example.com,0882175173,Paused
CMP4726,Toyota Winter Promo,Toyota,947,WC,29/03/2026,2026-04-14,195,192,13311.13,toyota20@example.com,0653153221,COMPLETED
CMP8116,Coke Winter Promo,Coke,Metro FM,Gauteng,2026-03-02,2026-03-19,194,179,85973.12,coke3@example.com,0864268216,Paused
CMP9695,Shoprite Winter Promo,Shoprite,Kaya FM,EC,2026-06-12,2026-06-21,74,60,144056.14,shoprite87@example.com,0885931329,Active
CMP9398,Shoprite Winter Promo,Shoprite,YFM,Gauteng,2026-06-21,2026-07-07,26,12,259410.57,shoprite67example.com,07952937,Completed
CMP4194,Vuma Winter Promo,Vuma,Kaya FM,EC,2026-03-26,2026-04-16,75,74,216327.05,vuma7@example.com,0613667690,Completed
CMP4238,Shoprite Winter Promo,Shoprite,YFM,KZN,2026-01-12,2026-02-03,145,135,191603.95,shoprite56@example.com,0889693111,COMPLETED
CMP9739,Coke Winter Promo,Coke,Ukhozi FM,KZN,2026-06-03,2026-07-01,157,162,311607.16,coke66@example.com,0865422947,Completed
CMP9384,Coke Winter Promo,Coke,Metro FM,KZN,2026-06-03,2026-06-10,34,39,,coke67@example.com,0855791476,Active
CMP7620,Checkers Winter Promo,Checkers,947,Gauteng,2026-04-05,2026-04-19,166,167,488424.86,checkers68@example.com,0657303459,COMPLETED
CMP2477, Money Market Winter Promo ,Money Market,Ukhozi FM,Gauteng,2026-01-24,2026-02-12,112,113,493329.76,moneymarket84@example.com,0616037148,Completed
CMP5726, Checkers Winter Promo ,Checkers,Jacaranda,Gauteng,2026-04-02,2026-04-18,187,173,249778.35,checkers57@example.com,0878578777,Paused
CMP6423,Coke Winter Promo,Coke,Metro FM,WC,2026-02-25,2026-03-22,83,68,392745.63,coke80@example.com,06353617,
CMP6822,Money Market Winter Promo,Money Market,Jacaranda,WC,2026-06-22,2026-07-01,107,103,460069.03,moneymarket46@example.com,0714514203,Completed
CMP1939,Money Market Winter Promo,money market,Ukhozi FM,WC,2026-06-27,2026-07-02,82,80,116393.17,moneymarket45@example.com,0613045146,COMPLETED
CMP8965,Checkers Winter Promo,Checkers,Metro FM,KZN,2026-01-16,2026-02-02,24,17,283906.62,checkers44@example.com,0871682343,Active
CMP4484,Toyota Winter Promo,Toyota,YFM,Gauteng,2026-02-16,2026-02-27,36,38,434597.29,toyota17@example.com,0833698264,
CMP6872,Shoprite Winter Promo,Shoprite,Kaya FM,Gauteng,2026-05-30,2026-06-16,144,144,499004.13,shoprite40@example.com,0643716404,Paused
CMP1646,Vuma Winter Promo,Vuma,Kaya FM,KZN,2026-05-22,2026-06-08,76,72,350549.71,vuma67@example.com,0838488808,Paused
CMP6107,Coke Winter Promo,Coke,YFM,KZN,2026-05-11,2026-05-19,25,12,318886.85,coke20@example.com,08730611,Paused
CMP9192,Money Market Winter Promo,Money Market,Jacaranda,Gauteng,2026-03-08,2026-03-16,171,174,340328.11,moneymarket20@example.com,0752044247,Active
CMP4961,Vuma Winter Promo,vuma,Kaya FM,Gauteng,2026-03-13,2026-03-20,137,124,89446.62,vuma29@example.com,0838315879,Completed
CMP4923,Money Market Winter Promo,Money Market,Ukhozi FM,Gauteng,2026-02-08,2026-02-19,51,51,106801.45,moneymarket86@example.com,0859280245,Paused
CMP9867,Vuma Winter Promo,Vuma,Jacaranda,WC,2026-02-27,2026-03-07,82,74,405066.2,vuma24@example.com,08680306,Paused
CMP1812, Vuma Winter Promo ,Vuma,Metro FM,KZN,2026-05-29,2026-06-10,112,100,81187.95,vuma44@example.com,0661780265,
CMP6789,Shoprite Winter Promo,Shoprite,Ukhozi FM,WC,09/05/2026,2026-06-01,44,34,15535.78,shoprite28@example.com,0746313129,
CMP9210,Toyota Winter Promo,Toyota,Ukhozi FM,KZN,2026-04-17,2026-04-28,46,32,174280.69,toyota16@example.com,0858978523, active 
CMP7271,Money Market Winter Promo,Money Market,Jacaranda,WC,2026-06-12,2026-06-28,154,153,444781.45,moneymarket99@example.com,0864513805,Completed
CMP3517,Checkers Winter Promo,Checkers,Ukhozi FM,KZN,2026-01-02,2026-01-23,160,147,416754.66,checkers3@example.com,0846116856,Active
CMP9873, Money Market Winter Promo ,Money Market,Jacaranda,EC,2026-03-08,2026-03-22,37,40,137247.77,moneymarket6example.com,0872660794,Active
CMP7392,Coke Winter Promo,Coke,947,Gauteng,2026-06-28,2026-07-18,132,131,,coke44@example.com,0618975738,
CMP7627,Coke Winter Promo,Coke,YFM,Gauteng,2026-05-22,2026-06-05,94,87,430266.7,coke96@example.com,0849383674,Paused
CMP9286,Coke Winter Promo,Coke,Metro FM,KZN,2026-06-09,2026-07-05,48,35,441213.9,coke36@example.com,0823133118,COMPLETED
CMP2230,Checkers Winter Promo,Checkers,947,Gauteng,2026-06-15,2026-06-28,144,129,116435.12,checkers19@example.com,0761135677,Active
CMP1331,Shoprite Winter Promo,Shoprite,947,WC,2026-02-11,2026-03-13,39,29,308474.23,shoprite8@example.com,0759603341,
CMP7803,Shoprite Winter Promo,Shoprite,YFM,KZN,2026-01-30,2026-02-10,23,10,387734.79,shoprite82@example.com,0702838900,COMPLETED
CMP9769,Coke Winter Promo,Coke,Kaya FM,KZN,2026-02-02,2026-02-21,49,50,,coke61example.com,0651985850,Completed
CMP7985,Toyota Winter Promo,toyota,Metro FM,KZN,2026-01-23,2026-02-09,72,65,24467.94,toyota48@example.com,0613731426,
CMP3843,Vuma Winter Promo,Vuma,Metro FM,Gauteng,2026-02-03,2026-02-19,157,157,,vuma80@example.com,0618215724,Paused
CMP6733,Toyota Winter Promo,Toyota,Kaya FM,Gauteng,2026-05-30,2026-06-14,50,50,417945.63,toyota33@example.com,0743528381, active 
CMP4053,Shoprite Winter Promo,Shoprite,Ukhozi FM,EC,2026-06-15,2026-07-01,190,184,39775.48,shoprite97@example.com,0743223617, active 
CMP1425,Vuma Winter Promo,Vuma,Metro FM,WC,2026-05-10,2026-06-02,32,19,485703.28,vuma17@example.com,0796965430, active 
CMP3908,Checkers Winter Promo,Checkers,Jacaranda,EC,2026-05-26,2026-06-01,192,197,357918.21,checkers76@example.com,0742537236,Completed
CMP1470,Vuma Winter Promo,Vuma,Ukhozi FM,EC,2026-01-01,2026-01-07,85,79,379510.24,vuma29@example.com,0607138139,Completed
CMP7138,Coke Winter Promo,Coke,Metro FM,KZN,2026-05-28,2026-06-03,72,59,46295.8,coke77@example.com,08846542,Completed
CMP4631,Shoprite Winter Promo,Shoprite,947,Gauteng,2026-06-23,2026-07-06,99,,88321.61,shoprite60@example.com,0889156466,Completed
CMP1082,Checkers Winter Promo,Checkers,Ukhozi FM,EC,2026-03-25,2026-04-09,142,142,253912.62,checkers52@example.com,0626320906, active 
CMP3009,Toyota Winter Promo,toyota,Metro FM,EC,2026-06-29,2026-07-20,200,,124595.48,toyota33@example.com,0865127760,COMPLETED
CMP2145,Money Market Winter Promo,Money Market,947,KZN,2026-05-24,2026-06-20,171,159,432500.82,moneymarket77@example.com,0617274864,
CMP8927, Toyota Winter Promo ,Toyota,Jacaranda,Gauteng,2026-03-14,2026-03-24,55,47,330755.7,toyota57example.com,08482222, active 
CMP2160,Money Market Winter Promo,money market,Ukhozi FM,Gauteng,01/02/2026,2026-02-25,20,25,188054.74,moneymarket78@example.com,0729477232, active 
CMP3919,Checkers Winter Promo,checkers,Metro FM,WC,2026-02-08,2026-03-04,142,135,380469.76,checkers76@example.com,0619526495,Paused
CMP9744,Coke Winter Promo,Coke,Jacaranda,KZN,2026-04-09,2026-04-16,50,51,477650.64,coke84@example.com,0844568434,COMPLETED
CMP5329,Coke Winter Promo,Coke,Jacaranda,EC,2026-01-02,2026-01-21,169,164,178891.45,coke6@example.com,0802271779,
CMP5630,Shoprite Winter Promo,Shoprite,Ukhozi FM,KZN,2026-04-27,2026-05-14,119,120,368950.07,shoprite95example.com,0735787648,COMPLETED
CMP2665,Shoprite Winter Promo,Shoprite,Kaya FM,Gauteng,2026-03-13,2026-03-21,79,68,473437.86,shoprite96@example.com,0819796570,Active
CMP2862, Toyota Winter Promo ,Toyota,Ukhozi FM,Gauteng,2026-06-13,2026-07-12,106,103,134099.1,toyota38@example.com,0694916613,Completed
CMP5381,Money Market Winter Promo,Money Market,YFM,WC,2026-04-03,2026-04-13,175,,69880.3,moneymarket59@example.com,0823037703, active 
CMP1675,Money Market Winter Promo,Money Market,947,KZN,2026-02-05,2026-02-27,41,42,278348.09,moneymarket91@example.com,0643389071,COMPLETED
CMP7169,Money Market Winter Promo,Money Market,Jacaranda,EC,2026-04-23,2026-05-03,63,62,48336.82,moneymarket72@example.com,0786149292,
CMP8247,Checkers Winter Promo,Checkers,Kaya FM,WC,2026-04-18,2026-05-14,157,142,109795.44,checkers53@example.com,0764457305,Paused
CMP3512, Coke Winter Promo ,Coke,Kaya FM,WC,2026-04-10,2026-04-23,112,100,121190.55,coke26@example.com,0681695458,Completed
CMP2202,Vuma Winter Promo,Vuma,Jacaranda,KZN,2026-06-13,2026-07-01,25,20,383982.91,vuma46@example.com,0839170691,Completed
CMP7572,Vuma Winter Promo,Vuma,947,WC,2026-04-17,2026-05-03,105,108,437456.02,vuma1@example.com,0753611972,Active
CMP3503,Toyota Winter Promo,Toyota,Metro FM,Gauteng,2026-04-08,2026-04-30,172,157,,toyota93@example.com,0624702054,COMPLETED
CMP9592,Checkers Winter Promo,Checkers,Ukhozi FM,EC,2026-05-04,2026-05-11,81,71,223473.2,checkers83@example.com,0644156812,Active
CMP3052,Shoprite Winter Promo,Shoprite,Kaya FM,KZN,2026-05-30,2026-06-27,164,163,180871.71,shoprite73@example.com,0733264974,Completed
CMP4685,Vuma Winter Promo,Vuma,947,EC,2026-05-19,2026-05-25,76,64,386642.82,vuma28@example.com,0623048809,Paused
CMP9380,Checkers Winter Promo,Checkers,947,KZN,2026-05-29,2026-06-07,160,152,304922.17,checkers7@example.com,0643966666,
CMP2344, Toyota Winter Promo ,Toyota,Metro FM,Gauteng,03/05/2026,2026-05-09,138,132,,toyota35example.com,0783808689,COMPLETED
CMP4472,Checkers Winter Promo,Checkers,Metro FM,Gauteng,2026-02-13,2026-03-01,112,,41083.57,checkers99@example.com,0677058731, active 
CMP2082,Coke Winter Promo,Coke,YFM,Gauteng,2026-06-17,2026-07-10,134,122,491622.45,coke81example.com,0806098807,Paused
CMP9756, Vuma Winter Promo ,Vuma,947,WC,18/05/2026,2026-06-04,45,44,202528.02,vuma86example.com,0828751526,Completed
CMP9240,Shoprite Winter Promo,shoprite,Kaya FM,Gauteng,2026-01-07,2026-01-14,25,11,248193.03,shoprite56@example.com,0648709355,Paused
CMP1621,Vuma Winter Promo,Vuma,Metro FM,KZN,2026-06-30,2026-07-26,37,41,268545.51,vuma13@example.com,0818585470, active 
CMP5464,Shoprite Winter Promo,Shoprite,947,WC,2026-03-17,2026-03-29,56,57,379393.66,shoprite7@example.com,0638402520,Completed
CMP6973,Coke Winter Promo,Coke,947,WC,2026-01-28,2026-02-26,78,67,129679.91,coke96@example.com,0736218808,Active
CMP6388,Shoprite Winter Promo,Shoprite,Kaya FM,EC,2026-01-06,2026-01-26,140,133,313400.95,shoprite32@example.com,0616835109,
CMP9503,Vuma Winter Promo,vuma,947,EC,2026-03-06,2026-03-18,115,111,462067.59,vuma68@example.com,0641460165,Completed
CMP6121,Checkers Winter Promo,Checkers,Ukhozi FM,WC,2026-02-15,2026-03-11,89,82,463829.76,checkers31@example.com,0638326730,Paused
CMP2976,Checkers Winter Promo,Checkers,Ukhozi FM,KZN,2026-02-02,2026-02-09,95,95,75172.66,checkers7@example.com,0618667118,COMPLETED
CMP5507,Money Market Winter Promo,Money Market,YFM,Gauteng,2026-03-05,2026-04-03,160,165,10202.25,moneymarket26@example.com,0823310365,COMPLETED
CMP3630,Vuma Winter Promo,Vuma,YFM,EC,2026-01-03,2026-01-18,119,112,219237.91,vuma6@example.com,0663992211, active 
CMP9368,Money Market Winter Promo,Money Market,Jacaranda,KZN,2026-05-20,2026-06-11,93,88,461007.81,moneymarket15@example.com,0805059576,COMPLETED
CMP9625,Money Market Winter Promo,Money Market,YFM,Gauteng,2026-01-19,2026-02-17,63,58,353799.39,moneymarket96@example.com,0865008783,Paused
CMP2835,Checkers Winter Promo,Checkers,Ukhozi FM,WC,2026-05-16,2026-05-21,76,69,13455.2,checkers84example.com,0757165489,Paused
CMP4152,Checkers Winter Promo,Checkers,Metro FM,KZN,2026-01-09,2026-01-22,161,163,26584.53,checkers94@example.com,0633783396, active 
CMP7057,Shoprite Winter Promo,Shoprite,947,EC,2026-03-30,2026-04-27,106,91,19109.11,shoprite49@example.com,0663059142, active 
CMP6347,Vuma Winter Promo,Vuma,Jacaranda,EC,12/01/2026,2026-01-20,169,,472771.31,vuma16@example.com,0777420229,
CMP6631,Money Market Winter Promo,Money Market,947,WC,2026-01-11,2026-01-26,187,180,408797.5,moneymarket21@example.com,0749098710,Active
CMP2991,Money Market Winter Promo,Money Market,Ukhozi FM,WC,2026-06-01,2026-06-22,143,129,409141.37,moneymarket84@example.com,0775395733,
CMP5808,Toyota Winter Promo,Toyota,Jacaranda,Gauteng,2026-01-13,2026-02-03,183,188,14418.39,toyota61@example.com,0896596843,Completed
CMP5326,Coke Winter Promo,Coke,947,KZN,2026-04-04,2026-04-18,84,87,,coke25@example.com,0712138869,Active
CMP8640,Checkers Winter Promo,checkers,Ukhozi FM,EC,2026-01-26,2026-02-20,84,78,25773.79,checkers29@example.com,0856156078,Completed
CMP1556,Shoprite Winter Promo,Shoprite,YFM,Gauteng,2026-05-06,2026-05-15,166,156,246718.17,shoprite44@example.com,0805761471,
CMP5631,Coke Winter Promo,Coke,Ukhozi FM,KZN,2026-02-24,2026-03-21,185,184,349671.9,coke46@example.com,0694353113,COMPLETED
CMP2638,Coke Winter Promo,Coke,947,KZN,2026-06-29,2026-07-15,130,118,291138.48,coke26@example.com,0848265056,Paused
CMP6124,Shoprite Winter Promo,Shoprite,Jacaranda,KZN,2026-05-28,2026-06-27,75,65,117807.22,shoprite90@example.com,0643046946, active 
CMP6335,Money Market Winter Promo,Money Market,Kaya FM,WC,2026-06-16,2026-06-28,104,92,,moneymarket14@example.com,0707462183, active 
CMP9142,Checkers Winter Promo,Checkers,Ukhozi FM,EC,2026-04-21,2026-05-11,74,77,125924.19,checkers42@example.com,0655073510,Active
CMP6134,Shoprite Winter Promo,Shoprite,947,WC,2026-02-24,2026-03-13,40,45,316908.57,shoprite82@example.com,0666994185,
CMP5809,Vuma Winter Promo,Vuma,YFM,EC,2026-05-12,2026-05-25,160,155,87148.03,vuma78@example.com,0879571688,Active
CMP7286,Money Market Winter Promo,Money Market,Kaya FM,WC,2026-01-09,2026-02-01,156,,241495.37,moneymarket19@example.com,0715434553,COMPLETED
CMP3498,Coke Winter Promo,Coke,947,WC,2026-01-13,2026-01-24,61,60,151998.42,coke94@example.com,07724775,
CMP6104,Coke Winter Promo,Coke,YFM,KZN,2026-04-04,2026-04-18,104,101,374713.19,coke9@example.com,0783339806,Active
CMP8070,Money Market Winter Promo,Money Market,Ukhozi FM,EC,2026-06-29,2026-07-13,33,29,125648.49,moneymarket12@example.com,0834942737,
CMP6329,Coke Winter Promo,coke,Kaya FM,Gauteng,2026-05-23,2026-06-09,62,65,122297.52,coke46@example.com,0604389935,COMPLETED
CMP4207,Checkers Winter Promo,Checkers,Metro FM,Gauteng,2026-02-21,2026-03-03,78,77,320576.23,checkers61@example.com,0871142763,
CMP5045,Checkers Winter Promo,Checkers,Kaya FM,KZN,2026-05-09,2026-06-08,128,119,155374.62,checkers28@example.com,0788380268,
CMP2342,Vuma Winter Promo,Vuma,Ukhozi FM,WC,2026-05-28,2026-06-16,84,70,,vuma45@example.com,0632218766,Active
CMP6512,Checkers Winter Promo,Checkers,YFM,Gauteng,2026-06-28,2026-07-07,170,155,85916.56,checkers1@example.com,0739242140,COMPLETED
CMP7168,Money Market Winter Promo,Money Market,Metro FM,WC,19/03/2026,2026-04-11,35,,19070.21,moneymarket1@example.com,0891259665,Active
CMP7799,Coke Winter Promo,Coke,Ukhozi FM,Gauteng,2026-01-28,2026-02-08,150,151,445858.08,coke4example.com,0872978476,Paused
CMP7598,Money Market Winter Promo,Money Market,Jacaranda,Gauteng,2026-01-29,2026-02-20,109,114,94742.66,moneymarket47@example.com,0893130046,
CMP6298,Vuma Winter Promo,Vuma,Jacaranda,Gauteng,2026-05-20,2026-06-08,65,60,417406.01,vuma85@example.com,0831890867,Completed
CMP4132,Coke Winter Promo,Coke,Kaya FM,EC,2026-05-08,2026-05-19,22,7,,coke10@example.com,0834030531,Completed
CMP8459, Toyota Winter Promo ,Toyota,Kaya FM,Gauteng,2026-01-02,2026-01-23,108,101,84307.3,toyota79@example.com,0656907432,
CMP3608,Toyota Winter Promo,Toyota,Metro FM,KZN,2026-04-04,2026-05-01,95,99,447478.67,toyota31@example.com,0685108684, active 
CMP1227,Vuma Winter Promo,Vuma,Metro FM,Gauteng,2026-06-24,2026-07-17,76,76,295475.49,vuma35@example.com,0719280230,Active
CMP8074,Checkers Winter Promo,Checkers,947,EC,2026-04-19,2026-04-27,177,166,481906.32,checkers81@example.com,0831070243,Paused
CMP8844, Checkers Winter Promo ,Checkers,947,Gauteng,2026-02-09,2026-02-17,63,,373270.81,checkers86@example.com,0782430503,Paused
CMP5537,Money Market Winter Promo,Money Market,Kaya FM,EC,2026-06-05,2026-07-02,68,53,159839.76,moneymarket22@example.com,0766613465,Paused
CMP8732,Money Market Winter Promo,Money Market,Jacaranda,WC,2026-03-28,2026-04-21,75,75,177519.01,moneymarket30@example.com,0808276886,COMPLETED
CMP5965,Vuma Winter Promo,vuma,947,EC,2026-01-20,2026-01-28,109,100,480394.26,vuma41@example.com,0873404713,Active
CMP2060, Money Market Winter Promo ,Money Market,Kaya FM,KZN,2026-05-26,2026-06-12,116,,50142.53,moneymarket77@example.com,0817777314, active 
CMP3624,Checkers Winter Promo,Checkers,Ukhozi FM,KZN,2026-06-20,2026-07-11,168,156,498858.13,checkers51@example.com,0636145036,COMPLETED
CMP1130, Money Market Winter Promo ,Money Market,Jacaranda,WC,2026-03-05,2026-04-03,108,93,139717.19,moneymarket10@example.com,0751954842,Paused
CMP5594,Shoprite Winter Promo,Shoprite,947,KZN,11/03/2026,2026-04-02,85,81,390196.12,shoprite45@example.com,0718732228, active 
CMP9046,Coke Winter Promo,Coke,Metro FM,EC,2026-01-19,2026-02-10,84,75,110647.46,coke68@example.com,0662888857, active 
CMP8216,Toyota Winter Promo,Toyota,Ukhozi FM,KZN,2026-06-03,2026-06-28,190,180,48472.62,toyota11@example.com,0614371749,
CMP5602,Coke Winter Promo,Coke,YFM,Gauteng,2026-05-23,2026-05-31,181,172,,coke78@example.com,0695930435,Paused
CMP1768,Shoprite Winter Promo,Shoprite,Ukhozi FM,KZN,2026-05-04,2026-05-15,177,163,31309.73,shoprite46example.com,0656258371,
CMP3097,Checkers Winter Promo,checkers,947,KZN,2026-01-28,2026-02-06,81,84,51046.61,checkers87@example.com,0716357564,COMPLETED
CMP7610,Checkers Winter Promo,Checkers,Kaya FM,WC,2026-02-20,2026-03-07,128,128,86297.41,checkers75@example.com,0893102206,Active
CMP8336, Vuma Winter Promo ,Vuma,Metro FM,KZN,2026-06-08,2026-06-18,93,88,409121.01,vuma1@example.com,0885376376,Completed
CMP6935,Checkers Winter Promo,Checkers,Kaya FM,KZN,2026-06-19,2026-06-30,108,101,106345.36,checkers56@example.com,0676170542,COMPLETED
CMP1326,Shoprite Winter Promo,Shoprite,Kaya FM,WC,2026-06-29,2026-07-16,75,77,11154.53,shoprite42@example.com,0668985979, active 
CMP1775,Coke Winter Promo,Coke,Jacaranda,Gauteng,2026-05-01,2026-05-19,102,100,290096.14,coke14@example.com,0697180504,COMPLETED
CMP8474,Coke Winter Promo,Coke,947,EC,2026-01-25,2026-02-01,33,37,411881.44,coke11@example.com,0623223861,COMPLETED
CMP9458,Checkers Winter Promo,Checkers,Metro FM,WC,2026-05-11,2026-05-19,192,187,403352.25,checkers11example.com,0724208999,Paused
CMP7774,Toyota Winter Promo,Toyota,YFM,KZN,2026-04-18,2026-05-16,83,85,401833.18,toyota90@example.com,0889175651,
CMP9356,Money Market Winter Promo,Money Market,Ukhozi FM,Gauteng,2026-05-29,2026-06-10,124,126,40394.46,moneymarket94@example.com,0622102103,Completed
CMP7923,Vuma Winter Promo,Vuma,Kaya FM,WC,2026-04-27,2026-05-26,115,106,225975.86,vuma36@example.com,06384613,Completed
CMP9021,Money Market Winter Promo,Money Market,Kaya FM,Gauteng,2026-05-14,2026-06-07,79,84,459025.6,moneymarket61example.com,0795390953,COMPLETED
CMP8439, Toyota Winter Promo ,Toyota,Kaya FM,WC,2026-06-04,2026-06-09,188,182,380073.4,toyota63@example.com,0772813744,Active
CMP2595,Money Market Winter Promo,Money Market,Metro FM,WC,2026-01-02,2026-01-21,145,142,321099.12,moneymarket20@example.com,07632112,COMPLETED
CMP6723,Toyota Winter Promo,Toyota,Ukhozi FM,WC,2026-02-04,2026-02-13,128,117,76347.36,toyota91@example.com,08731178, active 
CMP2755,Shoprite Winter Promo,Shoprite,YFM,Gauteng,2026-06-23,2026-07-19,27,18,374513.3,shoprite62@example.com,0892799794,
CMP5105,Money Market Winter Promo,Money Market,YFM,WC,2026-01-19,2026-02-18,165,164,470102.87,moneymarket32@example.com,0841099679, active 
CMP2001,Shoprite Winter Promo,Shoprite,Ukhozi FM,Gauteng,2026-03-22,2026-04-21,196,,,shoprite85@example.com,0665647706, active 
CMP3203,Toyota Winter Promo,Toyota,Jacaranda,KZN,15/05/2026,2026-05-26,111,116,116296.64,toyota60@example.com,0618998490, active 
CMP2478,Coke Winter Promo,Coke,Kaya FM,EC,2026-05-24,2026-06-14,63,58,127217.1,coke65@example.com,0678848873,Paused
CMP6216,Coke Winter Promo,Coke,Ukhozi FM,Gauteng,2026-05-21,2026-06-05,147,137,496700.84,coke88example.com,06494481, active 
CMP7382, Coke Winter Promo ,coke,YFM,Gauteng,2026-05-25,2026-06-22,33,29,193956.18,coke16@example.com,07154957, active 
CMP1127,Money Market Winter Promo,Money Market,947,KZN,2026-01-08,2026-02-03,68,62,49820.45,moneymarket8@example.com,0682360449,Completed
CMP2067,Shoprite Winter Promo,Shoprite,Metro FM,EC,2026-05-25,2026-06-01,65,70,386158.43,shoprite44@example.com,08889720,
CMP3547,Toyota Winter Promo,Toyota,Ukhozi FM,KZN,2026-06-11,2026-06-28,151,144,210478.03,toyota15@example.com,0684699953,
CMP2500,Toyota Winter Promo,Toyota,YFM,EC,2026-01-07,2026-02-02,194,186,469030.21,toyota47@example.com,07680226,Active
CMP1893,Toyota Winter Promo,Toyota,Kaya FM,KZN,2026-02-27,2026-03-12,122,,277376.57,toyota21@example.com,0665649156,Paused
CMP1295,Vuma Winter Promo,Vuma,947,Gauteng,2026-06-18,2026-06-23,21,,278742.84,vuma98@example.com,0857946010,COMPLETED
CMP7758,Toyota Winter Promo,Toyota,947,KZN,2026-02-23,2026-03-20,195,180,122207.74,toyota23@example.com,0767683478,Completed
CMP4050,Vuma Winter Promo,Vuma,Metro FM,Gauteng,2026-04-09,2026-04-26,70,60,221434.47,vuma20example.com,0897054445,Active
CMP4680,Money Market Winter Promo,Money Market,947,KZN,2026-02-25,2026-03-19,172,173,454667.95,moneymarket76@example.com,0784919185,Active
CMP7387,Vuma Winter Promo,Vuma,Kaya FM,Gauteng,2026-04-09,2026-05-08,185,171,489868.81,vuma42@example.com,0674368169,COMPLETED
CMP5564,Money Market Winter Promo,Money Market,YFM,EC,2026-04-28,2026-05-07,72,65,144168.05,moneymarket89@example.com,0626497822, active 
CMP2696,Checkers Winter Promo,Checkers,Metro FM,Gauteng,2026-04-30,2026-05-23,145,140,117858.17,checkers92@example.com,0769357240,Paused
CMP4128,Shoprite Winter Promo,Shoprite,Ukhozi FM,KZN,2026-01-10,2026-01-25,151,145,226926.59,shoprite22@example.com,0899271685,Paused
CMP2456,Money Market Winter Promo,Money Market,Ukhozi FM,KZN,21/01/2026,2026-02-02,124,112,142858.77,moneymarket79@example.com,0853885226,Paused
CMP2837,Money Market Winter Promo,Money Market,Jacaranda,EC,2026-04-09,2026-04-14,114,104,425894.15,moneymarket44@example.com,0883135783,
CMP9460,Money Market Winter Promo,Money Market,Jacaranda,EC,2026-06-21,2026-07-19,120,107,465190.7,moneymarket77@example.com,0745718395,Active
CMP8813,Toyota Winter Promo,Toyota,Kaya FM,WC,2026-06-30,2026-07-19,138,,59766.53,toyota83@example.com,08879490, active 
CMP8065,Vuma Winter Promo,Vuma,Ukhozi FM,Gauteng,2026-06-18,2026-06-23,131,130,371607.07,vuma74@example.com,0873260832,Paused
CMP4308,Vuma Winter Promo,Vuma,Metro FM,Gauteng,2026-06-23,2026-07-08,85,,,vuma47@example.com,0813081925,Completed
CMP9207,Shoprite Winter Promo,Shoprite,YFM,KZN,2026-05-12,2026-05-26,89,83,150247.68,shoprite15@example.com,0734596664,Active
CMP1867,Toyota Winter Promo,Toyota,Metro FM,KZN,2026-06-10,2026-06-26,174,178,139882.46,toyota87example.com,0641437645,Paused
CMP4991, Money Market Winter Promo ,Money Market,Jacaranda,KZN,2026-04-13,2026-05-08,110,112,192250.88,moneymarket44@example.com,0865161454,COMPLETED
CMP6485,Vuma Winter Promo,Vuma,Jacaranda,WC,2026-05-28,2026-06-12,137,127,309199.48,vuma9@example.com,0736358069, active 
CMP1460, Money Market Winter Promo ,Money Market,Ukhozi FM,KZN,2026-06-26,2026-07-24,68,69,164759.93,moneymarket75@example.com,0678294713, active 
CMP2036,Checkers Winter Promo,Checkers,Kaya FM,Gauteng,09/06/2026,2026-06-16,142,144,171081.68,checkers97@example.com,0845188483,Active
CMP3148,Checkers Winter Promo,Vuma,Jacaranda,EC,03/02/2026,2026-04-25,65,84,168893.92,toyota56@example.com,0608197658,COMPLETED
CMP7560,Toyota Winter Promo,Toyota,YFM,WC,2026-01-05,2026-01-21,56,21,324999.91,toyota53@example.com,0686770736,Active
CMP5420, Money Market Winter Promo ,Vuma,947,EC,2026-02-22,2026-05-25,54,104,397615.74,vuma49@example.com,0757520298,Paused
CMP1521,Toyota Winter Promo,Vuma,947,WC,2026-03-27,2026-07-24,91,79,206690.67,moneymarket60@example.com,0614371749,
CMP1136,Coke Winter Promo,Coke,Jacaranda,EC,2026-04-05,2026-05-05,76,180,272306.89,moneymarket42@example.com,0763501359,COMPLETED
CMP4710,Shoprite Winter Promo,Toyota,Kaya FM,EC,2026-03-25,2026-05-23,64,109,205084.73,checkers57example.com,0688310485,COMPLETED
CMP9776,Checkers Winter Promo,Shoprite,947,EC,2026-04-21,2026-06-09,154,58,298529.58,coke21@example.com,0653213346,Active
CMP7620,Vuma Winter Promo,Money Market,Kaya FM,Gauteng,2026-02-19,2026-01-11,100,58,340278.72,checkers51@example.com,08482059,Completed
CMP3933,Checkers Winter Promo,Toyota,Metro FM,WC,2026-06-11,2026-04-15,189,101,270020.47,moneymarket4@example.com,0628262148,COMPLETED
CMP1544, Shoprite Winter Promo ,Money Market,Jacaranda,KZN,25/02/2026,2026-06-02,135,95,131033.79,coke44@example.com,0624523537,Paused
CMP2380,Coke Winter Promo,Toyota,Metro FM,WC,2026-05-11,2026-06-02,140,136,316872.56,vuma16@example.com,0826834298,Paused
CMP5622,Coke Winter Promo,Checkers,Ukhozi FM,KZN,2026-02-22,2026-02-24,42,154,213533.73,checkers75example.com,0619297812,Completed
CMP7987,Toyota Winter Promo,Checkers,Ukhozi FM,KZN,2026-04-13,2026-03-29,35,107,204750.11,coke73@example.com,0701582060,Active
CMP3374,Coke Winter Promo,Shoprite,Jacaranda,EC,2026-04-26,2026-04-30,141,167,311930.09,moneymarket80@example.com,0709622054,Paused
CMP5835,Toyota Winter Promo,Shoprite,947,EC,2026-05-25,2026-01-18,37,86,318738.66,checkers50@example.com,0782338998, active 
CMP2976,Vuma Winter Promo,Shoprite,947,WC,08/04/2026,2026-06-13,192,151,142112.62,moneymarket80@example.com,0658959614,Completed
CMP3905,Money Market Winter Promo,Checkers,YFM,WC,2026-06-07,2026-01-26,111,166,116925.82,moneymarket17example.com,0728203794,Paused
CMP5803,Coke Winter Promo,Coke,Kaya FM,KZN,2026-02-17,2026-07-30,79,30,,coke73@example.com,0775420406,Paused
CMP9737,Money Market Winter Promo,Money Market,947,EC,29/05/2026,2026-04-14,111,97,75862.91,vuma49@example.com,0697153197, active 
CMP6513,Coke Winter Promo,Coke,Metro FM,WC,2026-05-02,2026-02-24,136,83,147500.86,checkers50@example.com,0784497529,
CMP6937,Money Market Winter Promo,Coke,Ukhozi FM,WC,2026-03-02,2026-07-18,84,187,11284.14,shoprite30@example.com,0636825402,Active
CMP2180, Toyota Winter Promo ,Vuma,Jacaranda,WC,2026-02-18,2026-03-24,188,110,195222.56,coke25@example.com,0646874847,COMPLETED
CMP9165,Checkers Winter Promo,Coke,Metro FM,EC,2026-05-28,2026-03-15,93,86,10268.74,shoprite54@example.com,0685149886,Completed
CMP5476,Vuma Winter Promo,Checkers,YFM,Gauteng,2026-02-02,2026-02-25,69,17,321816.99,vuma66@example.com,06295294,
CMP1737,Shoprite Winter Promo,Vuma,YFM,KZN,2026-02-03,2026-03-19,50,92,268508.81,checkers66@example.com,0604433691,
CMP6419,Vuma Winter Promo,Shoprite,Ukhozi FM,KZN,2026-05-20,2026-03-30,108,102,299762.48,shoprite87@example.com,0619634276,Paused
CMP8801,Money Market Winter Promo,Shoprite,Kaya FM,KZN,2026-05-08,2026-04-13,100,136,258950.85,vuma33@example.com,0803913259,
CMP3374,Shoprite Winter Promo,Coke,947,WC,2026-05-05,2026-04-09,154,192,249682.67,vuma39@example.com,0639734391, active 
CMP3257,Checkers Winter Promo,Coke,YFM,KZN,2026-04-29,2026-04-12,175,140,186800.48,checkers72@example.com,0766101404,Completed
CMP1117,Checkers Winter Promo,Toyota,Kaya FM,EC,2026-05-03,2026-02-12,197,135,,vuma29@example.com,0665412940,Completed
CMP8216,Checkers Winter Promo,Toyota,Jacaranda,Gauteng,2026-06-19,2026-04-05,147,101,169698.45,moneymarket57@example.com,0669912626,COMPLETED
CMP7286,Checkers Winter Promo,Money Market,Ukhozi FM,KZN,2026-02-09,2026-02-02,101,43,49111.57,moneymarket93@example.com,0896789800,Active
CMP8554,Money Market Winter Promo,Shoprite,Kaya FM,Gauteng,2026-06-06,2026-06-08,75,147,140255.83,toyota44example.com,07976097, active 
CMP5427,Money Market Winter Promo,Checkers,Jacaranda,WC,2026-04-04,2026-06-17,128,89,93177.5,moneymarket92@example.com,0754193889,
CMP1246,Toyota Winter Promo,Coke,Ukhozi FM,EC,2026-06-10,2026-06-13,98,74,495513.03,toyota81@example.com,0646271927, active 
CMP2963,Checkers Winter Promo,Money Market,Ukhozi FM,KZN,2026-02-18,2026-03-30,173,29,449273.8,toyota5@example.com,0618998490,Active
CMP9449,Coke Winter Promo,Money Market,Ukhozi FM,EC,2026-04-22,2026-03-19,98,175,13371.99,toyota5@example.com,0802531406,Completed
CMP1493,Shoprite Winter Promo,shoprite,947,KZN,2026-01-08,2026-06-18,79,201,14106.45,toyota63@example.com,08580454,Active
CMP9842, Money Market Winter Promo ,Coke,YFM,Gauteng,2026-02-20,2026-03-11,81,146,441303.04,checkers72@example.com,0897091980, active 
CMP7717,Money Market Winter Promo,Vuma,Jacaranda,Gauteng,2026-02-19,2026-01-31,64,90,387127.88,vuma7@example.com,0846458851,Paused
CMP8059,Shoprite Winter Promo,Vuma,Metro FM,Gauteng,2026-01-08,2026-03-11,96,30,414750.17,moneymarket87@example.com,0676071627, active 
CMP1848,Shoprite Winter Promo,Shoprite,Kaya FM,EC,2026-03-18,2026-06-23,144,66,87852.42,checkers87@example.com,0667911920,Completed
CMP7706,Vuma Winter Promo,Checkers,YFM,Gauteng,2026-06-26,2026-05-12,142,142,155920.13,coke85@example.com,0749042477,
CMP6550,Coke Winter Promo,Shoprite,Jacaranda,EC,2026-06-22,2026-04-05,154,28,370644.54,checkers60@example.com,0782629440,COMPLETED
CMP1041,Vuma Winter Promo,Shoprite,Ukhozi FM,Gauteng,2026-03-17,2026-07-27,82,41,228441.34,vuma93@example.com,0782783186,Completed
CMP3734,Shoprite Winter Promo,Shoprite,YFM,WC,2026-05-28,2026-06-12,111,128,209665.11,shoprite28@example.com,0611970928,
CMP5078,Money Market Winter Promo,Money Market,Kaya FM,WC,2026-05-25,2026-05-28,37,38,300620.28,checkers21@example.com,06997291,COMPLETED
CMP8557,Vuma Winter Promo,Vuma,Metro FM,KZN,2026-04-20,2026-04-09,60,40,167347.45,moneymarket22@example.com,0899271685,COMPLETED
CMP4313,Vuma Winter Promo,Vuma,Jacaranda,EC,03/02/2026,2026-06-06,122,35,421202.72,shoprite51@example.com,0631820425,Paused
CMP7294,Vuma Winter Promo,Toyota,Jacaranda,EC,2026-05-16,2026-03-08,59,178,44359.29,toyota65@example.com,0892550775,
CMP6486,Shoprite Winter Promo,Shoprite,YFM,EC,2026-06-21,2026-03-13,51,101,194148.25,moneymarket41@example.com,0739242140,COMPLETED
CMP6357,Money Market Winter Promo,Shoprite,Kaya FM,Gauteng,2026-02-03,2026-07-05,75,161,181591.3,checkers6@example.com,0644877739,COMPLETED
CMP8777,Coke Winter Promo,Money Market,Metro FM,Gauteng,23/05/2026,2026-04-16,25,130,205098.93,vuma91@example.com,0772521896,COMPLETED
CMP3746,Money Market Winter Promo,Money Market,Metro FM,KZN,2026-05-05,2026-02-12,63,88,81992.21,vuma73@example.com,0638306597,Active
CMP5928,Checkers Winter Promo,Shoprite,947,KZN,2026-06-07,2026-03-13,152,117,409099.15,checkers27@example.com,0734707552,COMPLETED
CMP3571,Checkers Winter Promo,Toyota,Metro FM,EC,2026-04-05,2026-03-13,61,156,232205.33,coke17@example.com,0743528381, active 
CMP7938,Money Market Winter Promo,Coke,Metro FM,Gauteng,2026-05-28,2026-04-17,175,72,54605,checkers50@example.com,0675611313,
CMP6982,Toyota Winter Promo,Money Market,YFM,KZN,2026-01-25,2026-06-21,25,40,384304.6,coke40@example.com,0634192098,Paused
CMP2019,Coke Winter Promo,Coke,YFM,KZN,2026-01-05,2026-07-18,71,170,365450.49,moneymarket57@example.com,0724857026,Completed
CMP6568,Checkers Winter Promo,Coke,Ukhozi FM,EC,2026-01-21,2026-03-21,95,132,265264.9,vuma28@example.com,07464920,Paused
CMP3834,Money Market Winter Promo,Shoprite,Kaya FM,KZN,2026-02-20,2026-02-18,61,187,123557.34,moneymarket43@example.com,0811774396,COMPLETED
CMP2674,Vuma Winter Promo,Shoprite,Ukhozi FM,KZN,2026-01-26,2026-04-05,42,102,223667.49,shoprite1@example.com,0841689524,Completed
CMP8210,Toyota Winter Promo,Toyota,Metro FM,EC,2026-06-29,2026-06-05,45,142,413379.93,checkers64@example.com,0715282012, active 
CMP4726, Toyota Winter Promo ,Shoprite,947,WC,2026-06-25,2026-03-24,167,131,42274.74,checkers91@example.com,0663297815,COMPLETED
CMP4624,Shoprite Winter Promo,Checkers,Kaya FM,Gauteng,2026-02-09,2026-01-31,74,99,98870.21,checkers29@example.com,0697714872,Paused
CMP5030,Coke Winter Promo,Vuma,Jacaranda,KZN,2026-05-19,2026-04-05,181,24,383296.78,coke24@example.com,0778731953,Paused
CMP2821,Coke Winter Promo,Coke,YFM,Gauteng,2026-01-12,2026-03-29,116,27,437456.02,coke42@example.com,0841689524,COMPLETED
CMP8247,Coke Winter Promo,Toyota,Ukhozi FM,KZN,2026-05-30,2026-05-24,159,72,,moneymarket64@example.com,0866975546,
CMP9224, Vuma Winter Promo ,Shoprite,Metro FM,EC,2026-05-28,2026-06-30,20,33,,shoprite72example.com,0857969068,Paused
CMP2638, Shoprite Winter Promo ,Money Market,Kaya FM,EC,2026-03-27,2026-02-08,116,36,261546.16,shoprite89@example.com,0685474643,COMPLETED
CMP7495,Vuma Winter Promo,Shoprite,Ukhozi FM,Gauteng,2026-03-01,2026-05-25,178,149,390902.16,checkers22@example.com,0606279187,
CMP1034,Shoprite Winter Promo,Money Market,Kaya FM,WC,2026-03-17,2026-06-30,35,145,210435.89,shoprite55@example.com,0824776294,COMPLETED
CMP5159,Money Market Winter Promo,Shoprite,Kaya FM,WC,2026-03-29,2026-03-17,183,195,127698.28,coke60@example.com,0618365509,Active
CMP1921,Checkers Winter Promo,Vuma,Metro FM,Gauteng,2026-04-28,2026-04-13,141,24,72186.7,checkers45@example.com,0714013567,
CMP7135,Shoprite Winter Promo,Vuma,Metro FM,KZN,2026-05-03,2026-04-14,154,94,57434.71,moneymarket93@example.com,0889610359, active 
CMP6694,Checkers Winter Promo,Coke,YFM,KZN,2026-02-17,2026-02-08,106,70,269567.62,checkers2@example.com,0826630592,Active
CMP7553, Checkers Winter Promo ,Checkers,Metro FM,WC,2026-05-06,2026-07-07,96,120,12481.53,coke78@example.com,0687586275,Paused
CMP6848,Shoprite Winter Promo,Money Market,Ukhozi FM,WC,2026-06-17,2026-06-04,56,47,276847.95,shoprite82@example.com,0795685643,Completed
CMP1387,Shoprite Winter Promo,Vuma,Kaya FM,WC,2026-05-22,2026-04-21,54,148,490166.69,moneymarket85@example.com,0833298252,Active
CMP7881,Money Market Winter Promo,Checkers,Kaya FM,EC,2026-05-03,2026-04-20,181,176,122207.74,vuma41@example.com,0833191286,
CMP1743,Shoprite Winter Promo,Checkers,Kaya FM,EC,2026-06-19,2026-03-13,102,74,460560.1,shoprite65@example.com,0746678085,Paused
CMP8427, Checkers Winter Promo ,Vuma,Jacaranda,KZN,2026-02-07,2026-05-02,120,111,163789.95,shoprite38@example.com,0766924159,Active
CMP3508,Checkers Winter Promo,Shoprite,Metro FM,WC,2026-06-16,2026-07-19,67,174,240453.79,shoprite33@example.com,0844259614,
CMP4033,Shoprite Winter Promo,Toyota,Jacaranda,WC,2026-04-07,2026-07-16,171,122,417332.94,shoprite40@example.com,0699325685,Completed
CMP7257,Coke Winter Promo,Vuma,Jacaranda,KZN,2026-02-14,2026-07-10,183,25,392355.72,shoprite95example.com,0739844045,Paused
CMP4743,Vuma Winter Promo,Toyota,Ukhozi FM,KZN,2026-05-30,2026-05-16,160,167,280849.12,toyota17@example.com,0689384385, active 
CMP3901,Shoprite Winter Promo,Money Market,Jacaranda,WC,2026-01-19,2026-01-12,170,119,170775.02,vuma75@example.com,0702849393,COMPLETED
CMP4918,Vuma Winter Promo,shoprite,YFM,Gauteng,2026-03-08,2026-02-28,104,37,227465.85,checkers11@example.com,0856370407,Paused
CMP8218,Shoprite Winter Promo,Coke,Metro FM,EC,2026-01-01,2026-03-23,33,49,49705.91,moneymarket33@example.com,0797932353,Active
CMP5115,Coke Winter Promo,Checkers,Jacaranda,EC,2026-06-18,2026-06-02,155,140,292193.36,checkers22@example.com,0749042477,
CMP3101,Checkers Winter Promo,Shoprite,947,WC,18/01/2026,2026-06-18,43,83,14420.41,shoprite8@example.com,0679758308,
CMP7306,Coke Winter Promo,Coke,Metro FM,Gauteng,2026-06-23,2026-02-20,74,135,363997.53,checkers73@example.com,0673425959,
CMP4281,Coke Winter Promo,Vuma,Jacaranda,KZN,2026-02-22,2026-04-28,108,59,446128.69,toyota9@example.com,0861239271,Completed
CMP6994,Toyota Winter Promo,Money Market,Metro FM,EC,2026-04-12,2026-06-30,81,96,356439.73,checkers53@example.com,0702905132,Active
CMP9134,Vuma Winter Promo,Vuma,947,Gauteng,2026-04-07,2026-03-20,101,177,24522.52,toyota43@example.com,0861304370,Paused
CMP4152,Checkers Winter Promo,Checkers,Kaya FM,EC,08/06/2026,2026-05-23,62,58,,toyota71@example.com,0799354055,Paused
CMP2622, Checkers Winter Promo ,Money Market,947,WC,2026-06-18,2026-06-08,195,70,187259.12,vuma12@example.com,08582380,Active
CMP6107,Checkers Winter Promo,Money Market,947,WC,2026-05-14,2026-04-08,156,85,243593.81,vuma85@example.com,0642687551,Paused
CMP9457,Coke Winter Promo,Coke,Kaya FM,KZN,2026-02-11,2026-01-22,46,172,236317.56,checkers17@example.com,0869959715,Completed
CMP6319,Money Market Winter Promo,Vuma,Jacaranda,EC,2026-05-10,2026-04-06,92,126,172323.85,toyota99@example.com,0769357240,Active
